2026-06-19 00:37:51.396 +03:00 [INF] Microsoft.EntityFrameworkCore.Database.Command: Executed DbCommand (20ms) [Parameters=[], CommandType='"Text"', CommandTimeout='30']
SELECT 1
2026-06-19 00:37:51.740 +03:00 [INF] Microsoft.EntityFrameworkCore.Database.Command: Executed DbCommand (20ms) [Parameters=[], CommandType='"Text"', CommandTimeout='30']
SELECT OBJECT_ID(N'[__EFMigrationsHistory]');
2026-06-19 00:37:51.744 +03:00 [INF] Microsoft.EntityFrameworkCore.Database.Command: Executed DbCommand (1ms) [Parameters=[], CommandType='"Text"', CommandTimeout='30']
SELECT 1
2026-06-19 00:37:51.747 +03:00 [INF] Microsoft.EntityFrameworkCore.Database.Command: Executed DbCommand (1ms) [Parameters=[], CommandType='"Text"', CommandTimeout='30']
SELECT OBJECT_ID(N'[__EFMigrationsHistory]');
2026-06-19 00:37:51.765 +03:00 [INF] Microsoft.EntityFrameworkCore.Database.Command: Executed DbCommand (2ms) [Parameters=[], CommandType='"Text"', CommandTimeout='30']
SELECT [MigrationId], [ProductVersion]
FROM [__EFMigrationsHistory]
ORDER BY [MigrationId];
2026-06-19 00:37:51.928 +03:00 [INF] Microsoft.EntityFrameworkCore.Database.Command: Executed DbCommand (1ms) [Parameters=[], CommandType='"Text"', CommandTimeout='30']
SELECT CASE
    WHEN EXISTS (
        SELECT 1
        FROM [Categories] AS [c]) THEN CAST(1 AS bit)
    ELSE CAST(0 AS bit)
END
2026-06-19 00:37:52.600 +03:00 [ERR] Microsoft.Extensions.Hosting.Internal.Host: Hosting failed to start
System.IO.IOException: Failed to bind to address https://127.0.0.1:7272: address already in use.
 ---> Microsoft.AspNetCore.Connections.AddressInUseException: Only one usage of each socket address (protocol/network address/port) is normally permitted.
 ---> System.Net.Sockets.SocketException (10048): Only one usage of each socket address (protocol/network address/port) is normally permitted.
   at System.Net.Sockets.Socket.UpdateStatusAfterSocketErrorAndThrowException(SocketError error, Boolean disconnectOnFailure, String callerName)
   at System.Net.Sockets.Socket.DoBind(EndPoint endPointSnapshot, SocketAddress socketAddress)
   at System.Net.Sockets.Socket.Bind(EndPoint localEP)
   at Microsoft.AspNetCore.Server.Kestrel.Transport.Sockets.SocketTransportOptions.CreateDefaultBoundListenSocket(EndPoint endpoint)
   at Microsoft.AspNetCore.Server.Kestrel.Transport.Sockets.SocketConnectionListener.Bind()
   --- End of inner exception stack trace ---
   at Microsoft.AspNetCore.Server.Kestrel.Transport.Sockets.SocketConnectionListener.Bind()
   at Microsoft.AspNetCore.Server.Kestrel.Transport.Sockets.SocketTransportFactory.BindAsync(EndPoint endpoint, CancellationToken cancellationToken)
   at Microsoft.AspNetCore.Server.Kestrel.Core.Internal.Infrastructure.TransportManager.BindAsync(EndPoint endPoint, ConnectionDelegate connectionDelegate, EndpointConfig endpointConfig, CancellationToken cancellationToken)
   at Microsoft.AspNetCore.Server.Kestrel.Core.KestrelServerImpl.<>c__DisplayClass28_0`1.<<StartAsync>g__OnBind|0>d.MoveNext()
--- End of stack trace from previous location ---
   at Microsoft.AspNetCore.Server.Kestrel.Core.Internal.AddressBinder.BindEndpointAsync(ListenOptions endpoint, AddressBindContext context, CancellationToken cancellationToken)
   --- End of inner exception stack trace ---
   at Microsoft.AspNetCore.Server.Kestrel.Core.Internal.AddressBinder.BindEndpointAsync(ListenOptions endpoint, AddressBindContext context, CancellationToken cancellationToken)
   at Microsoft.AspNetCore.Server.Kestrel.Core.LocalhostListenOptions.BindAsync(AddressBindContext context, CancellationToken cancellationToken)
   at Microsoft.AspNetCore.Server.Kestrel.Core.Internal.AddressBinder.AddressesStrategy.BindAsync(AddressBindContext context, CancellationToken cancellationToken)
   at Microsoft.AspNetCore.Server.Kestrel.Core.Internal.AddressBinder.BindAsync(ListenOptions[] listenOptions, AddressBindContext context, Func`2 useHttps, CancellationToken cancellationToken)
   at Microsoft.AspNetCore.Server.Kestrel.Core.KestrelServerImpl.BindAsync(CancellationToken cancellationToken)
   at Microsoft.AspNetCore.Server.Kestrel.Core.KestrelServerImpl.StartAsync[TContext](IHttpApplication`1 application, CancellationToken cancellationToken)
   at Microsoft.AspNetCore.Hosting.GenericWebHostService.StartAsync(CancellationToken cancellationToken)
   at Microsoft.Extensions.Hosting.Internal.Host.<StartAsync>b__15_1(IHostedService service, CancellationToken token)
   at Microsoft.Extensions.Hosting.Internal.Host.ForeachService[T](IEnumerable`1 services, CancellationToken token, Boolean concurrent, Boolean abortOnFirstException, List`1 exceptions, Func`3 operation)
2026-06-19 00:37:52.628 +03:00 [FTL] : CyperSphere API terminated unexpectedly
System.IO.IOException: Failed to bind to address https://127.0.0.1:7272: address already in use.
 ---> Microsoft.AspNetCore.Connections.AddressInUseException: Only one usage of each socket address (protocol/network address/port) is normally permitted.
 ---> System.Net.Sockets.SocketException (10048): Only one usage of each socket address (protocol/network address/port) is normally permitted.
   at System.Net.Sockets.Socket.UpdateStatusAfterSocketErrorAndThrowException(SocketError error, Boolean disconnectOnFailure, String callerName)
   at System.Net.Sockets.Socket.DoBind(EndPoint endPointSnapshot, SocketAddress socketAddress)
   at System.Net.Sockets.Socket.Bind(EndPoint localEP)
   at Microsoft.AspNetCore.Server.Kestrel.Transport.Sockets.SocketTransportOptions.CreateDefaultBoundListenSocket(EndPoint endpoint)
   at Microsoft.AspNetCore.Server.Kestrel.Transport.Sockets.SocketConnectionListener.Bind()
   --- End of inner exception stack trace ---
   at Microsoft.AspNetCore.Server.Kestrel.Transport.Sockets.SocketConnectionListener.Bind()
   at Microsoft.AspNetCore.Server.Kestrel.Transport.Sockets.SocketTransportFactory.BindAsync(EndPoint endpoint, CancellationToken cancellationToken)
   at Microsoft.AspNetCore.Server.Kestrel.Core.Internal.Infrastructure.TransportManager.BindAsync(EndPoint endPoint, ConnectionDelegate connectionDelegate, EndpointConfig endpointConfig, CancellationToken cancellationToken)
   at Microsoft.AspNetCore.Server.Kestrel.Core.KestrelServerImpl.<>c__DisplayClass28_0`1.<<StartAsync>g__OnBind|0>d.MoveNext()
--- End of stack trace from previous location ---
   at Microsoft.AspNetCore.Server.Kestrel.Core.Internal.AddressBinder.BindEndpointAsync(ListenOptions endpoint, AddressBindContext context, CancellationToken cancellationToken)
   --- End of inner exception stack trace ---
   at Microsoft.AspNetCore.Server.Kestrel.Core.Internal.AddressBinder.BindEndpointAsync(ListenOptions endpoint, AddressBindContext context, CancellationToken cancellationToken)
   at Microsoft.AspNetCore.Server.Kestrel.Core.LocalhostListenOptions.BindAsync(AddressBindContext context, CancellationToken cancellationToken)
   at Microsoft.AspNetCore.Server.Kestrel.Core.Internal.AddressBinder.AddressesStrategy.BindAsync(AddressBindContext context, CancellationToken cancellationToken)
   at Microsoft.AspNetCore.Server.Kestrel.Core.Internal.AddressBinder.BindAsync(ListenOptions[] listenOptions, AddressBindContext context, Func`2 useHttps, CancellationToken cancellationToken)
   at Microsoft.AspNetCore.Server.Kestrel.Core.KestrelServerImpl.BindAsync(CancellationToken cancellationToken)
   at Microsoft.AspNetCore.Server.Kestrel.Core.KestrelServerImpl.StartAsync[TContext](IHttpApplication`1 application, CancellationToken cancellationToken)
   at Microsoft.AspNetCore.Hosting.GenericWebHostService.StartAsync(CancellationToken cancellationToken)
   at Microsoft.Extensions.Hosting.Internal.Host.<StartAsync>b__15_1(IHostedService service, CancellationToken token)
   at Microsoft.Extensions.Hosting.Internal.Host.ForeachService[T](IEnumerable`1 services, CancellationToken token, Boolean concurrent, Boolean abortOnFirstException, List`1 exceptions, Func`3 operation)
   at Microsoft.Extensions.Hosting.Internal.Host.StartAsync(CancellationToken cancellationToken)
   at Microsoft.Extensions.Hosting.HostingAbstractionsHostExtensions.RunAsync(IHost host, CancellationToken token)
   at Microsoft.Extensions.Hosting.HostingAbstractionsHostExtensions.RunAsync(IHost host, CancellationToken token)
   at Program.<Main>$(String[] args) in D:\Graduation Project\cyber_sphere\CyberSphere\CyberSphere.Api\Program.cs:line 125
2026-06-19 00:37:52.642 +03:00 [INF] : CyperSphere API shut down
2026-06-19 00:38:22.623 +03:00 [INF] Microsoft.EntityFrameworkCore.Database.Command: Executed DbCommand (21ms) [Parameters=[], CommandType='"Text"', CommandTimeout='30']
SELECT 1
2026-06-19 00:38:22.681 +03:00 [INF] Microsoft.EntityFrameworkCore.Database.Command: Executed DbCommand (20ms) [Parameters=[], CommandType='"Text"', CommandTimeout='30']
SELECT OBJECT_ID(N'[__EFMigrationsHistory]');
2026-06-19 00:38:22.692 +03:00 [INF] Microsoft.EntityFrameworkCore.Database.Command: Executed DbCommand (4ms) [Parameters=[], CommandType='"Text"', CommandTimeout='30']
SELECT 1
2026-06-19 00:38:22.699 +03:00 [INF] Microsoft.EntityFrameworkCore.Database.Command: Executed DbCommand (1ms) [Parameters=[], CommandType='"Text"', CommandTimeout='30']
SELECT OBJECT_ID(N'[__EFMigrationsHistory]');
2026-06-19 00:38:22.722 +03:00 [INF] Microsoft.EntityFrameworkCore.Database.Command: Executed DbCommand (2ms) [Parameters=[], CommandType='"Text"', CommandTimeout='30']
SELECT [MigrationId], [ProductVersion]
FROM [__EFMigrationsHistory]
ORDER BY [MigrationId];
2026-06-19 00:38:22.898 +03:00 [INF] Microsoft.EntityFrameworkCore.Database.Command: Executed DbCommand (0ms) [Parameters=[], CommandType='"Text"', CommandTimeout='30']
SELECT CASE
    WHEN EXISTS (
        SELECT 1
        FROM [Categories] AS [c]) THEN CAST(1 AS bit)
    ELSE CAST(0 AS bit)
END
2026-06-19 00:38:23.076 +03:00 [INF] Microsoft.Hosting.Lifetime: Now listening on: https://localhost:7272
2026-06-19 00:38:23.078 +03:00 [INF] Microsoft.Hosting.Lifetime: Now listening on: http://localhost:5179
2026-06-19 00:38:23.183 +03:00 [INF] Microsoft.Hosting.Lifetime: Application started. Press Ctrl+C to shut down.
2026-06-19 00:38:23.185 +03:00 [INF] Microsoft.Hosting.Lifetime: Hosting environment: Development
2026-06-19 00:38:23.186 +03:00 [INF] Microsoft.Hosting.Lifetime: Content root path: D:\Graduation Project\cyber_sphere\CyberSphere\CyberSphere.Api
2026-06-19 00:38:24.325 +03:00 [INF] Serilog.AspNetCore.RequestLoggingMiddleware: HTTP GET /swagger/index.html responded 200 in 88.1167ms
2026-06-19 00:38:24.566 +03:00 [INF] Serilog.AspNetCore.RequestLoggingMiddleware: HTTP GET /swagger/v1/swagger.json responded 200 in 115.2639ms
2026-06-19 00:39:17.841 +03:00 [WRN] LuckyPennySoftware.MediatR.License: You do not have a valid license key for the Lucky Penny software MediatR. This is allowed for development and testing scenarios. If you are running in production you are required to have a licensed version. Please visit https://luckypennysoftware.com to obtain a valid license.
2026-06-19 00:39:17.864 +03:00 [INF] CyberSphere.Application.Common.Behaviors.LoggingBehavior: Handling GetAiSessionsQuery
2026-06-19 00:39:18.035 +03:00 [INF] Microsoft.EntityFrameworkCore.Database.Command: Executed DbCommand (27ms) [Parameters=[@__userId_0='?' (DbType = Guid)], CommandType='"Text"', CommandTimeout='30']
SELECT [a].[Id], [a].[EndedAt], [a].[StartedAt], [a].[Status], [a].[Title], [a].[UserId], [a0].[Id], [a0].[Content], [a0].[CreatedAt], [a0].[ErrorMessage], [a0].[IsError], [a0].[LatencyMs], [a0].[Role], [a0].[SessionId], [a0].[TokensUsed]
FROM [AiSessions] AS [a]
LEFT JOIN [AiMessages] AS [a0] ON [a].[Id] = [a0].[SessionId]
WHERE [a].[UserId] = @__userId_0
ORDER BY [a].[StartedAt] DESC, [a].[Id]
2026-06-19 00:39:18.051 +03:00 [INF] CyberSphere.Application.Common.Behaviors.LoggingBehavior: Handled GetAiSessionsQuery in 184ms
2026-06-19 00:39:18.074 +03:00 [INF] Serilog.AspNetCore.RequestLoggingMiddleware: HTTP GET /api/ai/sessions responded 200 in 371.9910ms
2026-06-19 00:39:53.995 +03:00 [INF] CyberSphere.Application.Common.Behaviors.LoggingBehavior: Handling SendAiMessageCommand
2026-06-19 00:39:54.118 +03:00 [INF] Microsoft.EntityFrameworkCore.Database.Command: Executed DbCommand (4ms) [Parameters=[@__id_0='?' (DbType = Guid)], CommandType='"Text"', CommandTimeout='30']
SELECT [t].[Id], [t].[EndedAt], [t].[StartedAt], [t].[Status], [t].[Title], [t].[UserId], [a0].[Id], [a0].[Content], [a0].[CreatedAt], [a0].[ErrorMessage], [a0].[IsError], [a0].[LatencyMs], [a0].[Role], [a0].[SessionId], [a0].[TokensUsed]
FROM (
    SELECT TOP(1) [a].[Id], [a].[EndedAt], [a].[StartedAt], [a].[Status], [a].[Title], [a].[UserId]
    FROM [AiSessions] AS [a]
    WHERE [a].[Id] = @__id_0
) AS [t]
LEFT JOIN [AiMessages] AS [a0] ON [t].[Id] = [a0].[SessionId]
ORDER BY [t].[Id]
2026-06-19 00:39:54.166 +03:00 [INF] CyberSphere.Application.Features.Ai.Commands.SendMessage.SendAiMessageCommandHandler: Forwarding AI request for session "4c7343a8-a9bb-46aa-a3f4-c80fb3170fd1", user "9b8152a6-7e7c-4910-ae4d-f447f8154b42", message length 9
2026-06-19 00:39:58.029 +03:00 [INF] Microsoft.EntityFrameworkCore.Database.Command: Executed DbCommand (2ms) [Parameters=[@__userId_0='?' (DbType = Guid)], CommandType='"Text"', CommandTimeout='30']
SELECT TOP(1) [u].[UserId], [u].[CreatedAt], [u].[LastActivityAt], [u].[TotalRequests], [u].[TotalSessions], [u].[TotalTokensUsed]
FROM [UserAiStats] AS [u]
WHERE [u].[UserId] = @__userId_0
2026-06-19 00:39:58.187 +03:00 [INF] Microsoft.EntityFrameworkCore.Database.Command: Executed DbCommand (7ms) [Parameters=[@p8='?' (DbType = Guid), @p0='?' (Size = 4000), @p1='?' (DbType = DateTime2), @p2='?' (Size = 500), @p3='?' (DbType = Boolean), @p4='?' (DbType = Int32), @p5='?' (Size = 20), @p6='?' (DbType = Guid), @p7='?' (DbType = Int32), @p17='?' (DbType = Guid), @p9='?' (Size = 4000), @p10='?' (DbType = DateTime2), @p11='?' (Size = 500), @p12='?' (DbType = Boolean), @p13='?' (DbType = Int32), @p14='?' (Size = 20), @p15='?' (DbType = Guid), @p16='?' (DbType = Int32), @p21='?' (DbType = Guid), @p18='?' (DbType = DateTime2), @p19='?' (DbType = Int32), @p20='?' (DbType = Int32)], CommandType='"Text"', CommandTimeout='30']
SET NOCOUNT ON;
UPDATE [AiMessages] SET [Content] = @p0, [CreatedAt] = @p1, [ErrorMessage] = @p2, [IsError] = @p3, [LatencyMs] = @p4, [Role] = @p5, [SessionId] = @p6, [TokensUsed] = @p7
OUTPUT 1
WHERE [Id] = @p8;
UPDATE [AiMessages] SET [Content] = @p9, [CreatedAt] = @p10, [ErrorMessage] = @p11, [IsError] = @p12, [LatencyMs] = @p13, [Role] = @p14, [SessionId] = @p15, [TokensUsed] = @p16
OUTPUT 1
WHERE [Id] = @p17;
UPDATE [UserAiStats] SET [LastActivityAt] = @p18, [TotalRequests] = @p19, [TotalTokensUsed] = @p20
OUTPUT 1
WHERE [UserId] = @p21;
2026-06-19 00:39:58.376 +03:00 [ERR] CyberSphere.Application.Common.Behaviors.LoggingBehavior: Request SendAiMessageCommand failed after 4378ms
Microsoft.EntityFrameworkCore.DbUpdateConcurrencyException: The database operation was expected to affect 1 row(s), but actually affected 0 row(s); data may have been modified or deleted since entities were loaded. See https://go.microsoft.com/fwlink/?LinkId=527962 for information on understanding and handling optimistic concurrency exceptions.
   at Microsoft.EntityFrameworkCore.Update.AffectedCountModificationCommandBatch.ThrowAggregateUpdateConcurrencyExceptionAsync(RelationalDataReader reader, Int32 commandIndex, Int32 expectedRowsAffected, Int32 rowsAffected, CancellationToken cancellationToken)
   at Microsoft.EntityFrameworkCore.Update.AffectedCountModificationCommandBatch.ConsumeResultSetWithRowsAffectedOnlyAsync(Int32 commandIndex, RelationalDataReader reader, CancellationToken cancellationToken)
   at Microsoft.EntityFrameworkCore.Update.AffectedCountModificationCommandBatch.ConsumeAsync(RelationalDataReader reader, CancellationToken cancellationToken)
   at Microsoft.EntityFrameworkCore.Update.ReaderModificationCommandBatch.ExecuteAsync(IRelationalConnection connection, CancellationToken cancellationToken)
   at Microsoft.EntityFrameworkCore.Update.ReaderModificationCommandBatch.ExecuteAsync(IRelationalConnection connection, CancellationToken cancellationToken)
   at Microsoft.EntityFrameworkCore.SqlServer.Update.Internal.SqlServerModificationCommandBatch.ExecuteAsync(IRelationalConnection connection, CancellationToken cancellationToken)
   at Microsoft.EntityFrameworkCore.Update.Internal.BatchExecutor.ExecuteAsync(IEnumerable`1 commandBatches, IRelationalConnection connection, CancellationToken cancellationToken)
   at Microsoft.EntityFrameworkCore.Update.Internal.BatchExecutor.ExecuteAsync(IEnumerable`1 commandBatches, IRelationalConnection connection, CancellationToken cancellationToken)
   at Microsoft.EntityFrameworkCore.Update.Internal.BatchExecutor.ExecuteAsync(IEnumerable`1 commandBatches, IRelationalConnection connection, CancellationToken cancellationToken)
   at Microsoft.EntityFrameworkCore.ChangeTracking.Internal.StateManager.SaveChangesAsync(IList`1 entriesToSave, CancellationToken cancellationToken)
   at Microsoft.EntityFrameworkCore.ChangeTracking.Internal.StateManager.SaveChangesAsync(StateManager stateManager, Boolean acceptAllChangesOnSuccess, CancellationToken cancellationToken)
   at Microsoft.EntityFrameworkCore.SqlServer.Storage.Internal.SqlServerExecutionStrategy.ExecuteAsync[TState,TResult](TState state, Func`4 operation, Func`4 verifySucceeded, CancellationToken cancellationToken)
   at Microsoft.EntityFrameworkCore.DbContext.SaveChangesAsync(Boolean acceptAllChangesOnSuccess, CancellationToken cancellationToken)
   at CyberSphere.Infrastructure.Persistence.Repositories.AiSessionRepository.SaveChangesAsync(CancellationToken ct) in D:\Graduation Project\cyber_sphere\CyberSphere\CyberSphere.Infrastructure\Persistence\Repositories\AiSessionRepository.cs:line 50
   at CyberSphere.Application.Features.Ai.Commands.SendMessage.SendAiMessageCommandHandler.Handle(SendAiMessageCommand cmd, CancellationToken ct) in D:\Graduation Project\cyber_sphere\CyberSphere\CyberSphere.Application\Features\Ai\Commands\SendMessage\Sendaimessagecommand.cs:line 143
   at CyberSphere.Application.Common.Behaviors.ValidationBehavior`2.Handle(TRequest request, RequestHandlerDelegate`1 next, CancellationToken ct) in D:\Graduation Project\cyber_sphere\CyberSphere\CyberSphere.Application\Common\Behaviors\ValidationBehavior.cs:line 54
   at CyberSphere.Application.Common.Behaviors.LoggingBehavior`2.Handle(TRequest request, RequestHandlerDelegate`1 next, CancellationToken ct) in D:\Graduation Project\cyber_sphere\CyberSphere\CyberSphere.Application\Common\Behaviors\LoggingBehavior.cs:line 39
2026-06-19 00:39:58.471 +03:00 [ERR] Serilog.AspNetCore.RequestLoggingMiddleware: HTTP POST /api/ai/sessions/4c7343a8-a9bb-46aa-a3f4-c80fb3170fd1/messages responded 500 in 4528.6841ms
Microsoft.EntityFrameworkCore.DbUpdateConcurrencyException: The database operation was expected to affect 1 row(s), but actually affected 0 row(s); data may have been modified or deleted since entities were loaded. See https://go.microsoft.com/fwlink/?LinkId=527962 for information on understanding and handling optimistic concurrency exceptions.
   at Microsoft.EntityFrameworkCore.Update.AffectedCountModificationCommandBatch.ThrowAggregateUpdateConcurrencyExceptionAsync(RelationalDataReader reader, Int32 commandIndex, Int32 expectedRowsAffected, Int32 rowsAffected, CancellationToken cancellationToken)
   at Microsoft.EntityFrameworkCore.Update.AffectedCountModificationCommandBatch.ConsumeResultSetWithRowsAffectedOnlyAsync(Int32 commandIndex, RelationalDataReader reader, CancellationToken cancellationToken)
   at Microsoft.EntityFrameworkCore.Update.AffectedCountModificationCommandBatch.ConsumeAsync(RelationalDataReader reader, CancellationToken cancellationToken)
   at Microsoft.EntityFrameworkCore.Update.ReaderModificationCommandBatch.ExecuteAsync(IRelationalConnection connection, CancellationToken cancellationToken)
   at Microsoft.EntityFrameworkCore.Update.ReaderModificationCommandBatch.ExecuteAsync(IRelationalConnection connection, CancellationToken cancellationToken)
   at Microsoft.EntityFrameworkCore.SqlServer.Update.Internal.SqlServerModificationCommandBatch.ExecuteAsync(IRelationalConnection connection, CancellationToken cancellationToken)
   at Microsoft.EntityFrameworkCore.Update.Internal.BatchExecutor.ExecuteAsync(IEnumerable`1 commandBatches, IRelationalConnection connection, CancellationToken cancellationToken)
   at Microsoft.EntityFrameworkCore.Update.Internal.BatchExecutor.ExecuteAsync(IEnumerable`1 commandBatches, IRelationalConnection connection, CancellationToken cancellationToken)
   at Microsoft.EntityFrameworkCore.Update.Internal.BatchExecutor.ExecuteAsync(IEnumerable`1 commandBatches, IRelationalConnection connection, CancellationToken cancellationToken)
   at Microsoft.EntityFrameworkCore.ChangeTracking.Internal.StateManager.SaveChangesAsync(IList`1 entriesToSave, CancellationToken cancellationToken)
   at Microsoft.EntityFrameworkCore.ChangeTracking.Internal.StateManager.SaveChangesAsync(StateManager stateManager, Boolean acceptAllChangesOnSuccess, CancellationToken cancellationToken)
   at Microsoft.EntityFrameworkCore.SqlServer.Storage.Internal.SqlServerExecutionStrategy.ExecuteAsync[TState,TResult](TState state, Func`4 operation, Func`4 verifySucceeded, CancellationToken cancellationToken)
   at Microsoft.EntityFrameworkCore.DbContext.SaveChangesAsync(Boolean acceptAllChangesOnSuccess, CancellationToken cancellationToken)
   at CyberSphere.Infrastructure.Persistence.Repositories.AiSessionRepository.SaveChangesAsync(CancellationToken ct) in D:\Graduation Project\cyber_sphere\CyberSphere\CyberSphere.Infrastructure\Persistence\Repositories\AiSessionRepository.cs:line 50
   at CyberSphere.Application.Features.Ai.Commands.SendMessage.SendAiMessageCommandHandler.Handle(SendAiMessageCommand cmd, CancellationToken ct) in D:\Graduation Project\cyber_sphere\CyberSphere\CyberSphere.Application\Features\Ai\Commands\SendMessage\Sendaimessagecommand.cs:line 143
   at CyberSphere.Application.Common.Behaviors.ValidationBehavior`2.Handle(TRequest request, RequestHandlerDelegate`1 next, CancellationToken ct) in D:\Graduation Project\cyber_sphere\CyberSphere\CyberSphere.Application\Common\Behaviors\ValidationBehavior.cs:line 54
   at CyberSphere.Application.Common.Behaviors.LoggingBehavior`2.Handle(TRequest request, RequestHandlerDelegate`1 next, CancellationToken ct) in D:\Graduation Project\cyber_sphere\CyberSphere\CyberSphere.Application\Common\Behaviors\LoggingBehavior.cs:line 39
   at CyberSphere.Api.Controllers.AiController.SendMessage(Guid sessionId, SendAiMessageRequest request, CancellationToken ct) in D:\Graduation Project\cyber_sphere\CyberSphere\CyberSphere.Api\Controllers\AiController.cs:line 235
   at lambda_method29(Closure, Object)
   at Microsoft.AspNetCore.Mvc.Infrastructure.ActionMethodExecutor.AwaitableObjectResultExecutor.Execute(ActionContext actionContext, IActionResultTypeMapper mapper, ObjectMethodExecutor executor, Object controller, Object[] arguments)
   at Microsoft.AspNetCore.Mvc.Infrastructure.ControllerActionInvoker.<InvokeActionMethodAsync>g__Awaited|12_0(ControllerActionInvoker invoker, ValueTask`1 actionResultValueTask)
   at Microsoft.AspNetCore.Mvc.Infrastructure.ControllerActionInvoker.<InvokeNextActionFilterAsync>g__Awaited|10_0(ControllerActionInvoker invoker, Task lastTask, State next, Scope scope, Object state, Boolean isCompleted)
   at Microsoft.AspNetCore.Mvc.Infrastructure.ControllerActionInvoker.Rethrow(ActionExecutedContextSealed context)
   at Microsoft.AspNetCore.Mvc.Infrastructure.ControllerActionInvoker.Next(State& next, Scope& scope, Object& state, Boolean& isCompleted)
   at Microsoft.AspNetCore.Mvc.Infrastructure.ControllerActionInvoker.<InvokeInnerFilterAsync>g__Awaited|13_0(ControllerActionInvoker invoker, Task lastTask, State next, Scope scope, Object state, Boolean isCompleted)
   at Microsoft.AspNetCore.Mvc.Infrastructure.ResourceInvoker.<InvokeFilterPipelineAsync>g__Awaited|20_0(ResourceInvoker invoker, Task lastTask, State next, Scope scope, Object state, Boolean isCompleted)
   at Microsoft.AspNetCore.Mvc.Infrastructure.ResourceInvoker.<InvokeAsync>g__Awaited|17_0(ResourceInvoker invoker, Task task, IDisposable scope)
   at Microsoft.AspNetCore.Mvc.Infrastructure.ResourceInvoker.<InvokeAsync>g__Awaited|17_0(ResourceInvoker invoker, Task task, IDisposable scope)
   at Microsoft.AspNetCore.Authorization.AuthorizationMiddleware.Invoke(HttpContext context)
   at Microsoft.AspNetCore.Authentication.AuthenticationMiddleware.Invoke(HttpContext context)
   at Microsoft.AspNetCore.RateLimiting.RateLimitingMiddleware.InvokeInternal(HttpContext context, EnableRateLimitingAttribute enableRateLimitingAttribute)
   at Swashbuckle.AspNetCore.SwaggerUI.SwaggerUIMiddleware.Invoke(HttpContext httpContext)
   at Swashbuckle.AspNetCore.SwaggerUI.SwaggerUIMiddleware.Invoke(HttpContext httpContext)
   at Swashbuckle.AspNetCore.Swagger.SwaggerMiddleware.Invoke(HttpContext httpContext, ISwaggerProvider swaggerProvider)
   at Serilog.AspNetCore.RequestLoggingMiddleware.Invoke(HttpContext httpContext)
2026-06-19 00:39:58.565 +03:00 [ERR] CyberSphere.Api.Middleware.ErrorHandlingMiddleware: Unhandled exception for POST /api/ai/sessions/4c7343a8-a9bb-46aa-a3f4-c80fb3170fd1/messages
Microsoft.EntityFrameworkCore.DbUpdateConcurrencyException: The database operation was expected to affect 1 row(s), but actually affected 0 row(s); data may have been modified or deleted since entities were loaded. See https://go.microsoft.com/fwlink/?LinkId=527962 for information on understanding and handling optimistic concurrency exceptions.
   at Microsoft.EntityFrameworkCore.Update.AffectedCountModificationCommandBatch.ThrowAggregateUpdateConcurrencyExceptionAsync(RelationalDataReader reader, Int32 commandIndex, Int32 expectedRowsAffected, Int32 rowsAffected, CancellationToken cancellationToken)
   at Microsoft.EntityFrameworkCore.Update.AffectedCountModificationCommandBatch.ConsumeResultSetWithRowsAffectedOnlyAsync(Int32 commandIndex, RelationalDataReader reader, CancellationToken cancellationToken)
   at Microsoft.EntityFrameworkCore.Update.AffectedCountModificationCommandBatch.ConsumeAsync(RelationalDataReader reader, CancellationToken cancellationToken)
   at Microsoft.EntityFrameworkCore.Update.ReaderModificationCommandBatch.ExecuteAsync(IRelationalConnection connection, CancellationToken cancellationToken)
   at Microsoft.EntityFrameworkCore.Update.ReaderModificationCommandBatch.ExecuteAsync(IRelationalConnection connection, CancellationToken cancellationToken)
   at Microsoft.EntityFrameworkCore.SqlServer.Update.Internal.SqlServerModificationCommandBatch.ExecuteAsync(IRelationalConnection connection, CancellationToken cancellationToken)
   at Microsoft.EntityFrameworkCore.Update.Internal.BatchExecutor.ExecuteAsync(IEnumerable`1 commandBatches, IRelationalConnection connection, CancellationToken cancellationToken)
   at Microsoft.EntityFrameworkCore.Update.Internal.BatchExecutor.ExecuteAsync(IEnumerable`1 commandBatches, IRelationalConnection connection, CancellationToken cancellationToken)
   at Microsoft.EntityFrameworkCore.Update.Internal.BatchExecutor.ExecuteAsync(IEnumerable`1 commandBatches, IRelationalConnection connection, CancellationToken cancellationToken)
   at Microsoft.EntityFrameworkCore.ChangeTracking.Internal.StateManager.SaveChangesAsync(IList`1 entriesToSave, CancellationToken cancellationToken)
   at Microsoft.EntityFrameworkCore.ChangeTracking.Internal.StateManager.SaveChangesAsync(StateManager stateManager, Boolean acceptAllChangesOnSuccess, CancellationToken cancellationToken)
   at Microsoft.EntityFrameworkCore.SqlServer.Storage.Internal.SqlServerExecutionStrategy.ExecuteAsync[TState,TResult](TState state, Func`4 operation, Func`4 verifySucceeded, CancellationToken cancellationToken)
   at Microsoft.EntityFrameworkCore.DbContext.SaveChangesAsync(Boolean acceptAllChangesOnSuccess, CancellationToken cancellationToken)
   at CyberSphere.Infrastructure.Persistence.Repositories.AiSessionRepository.SaveChangesAsync(CancellationToken ct) in D:\Graduation Project\cyber_sphere\CyberSphere\CyberSphere.Infrastructure\Persistence\Repositories\AiSessionRepository.cs:line 50
   at CyberSphere.Application.Features.Ai.Commands.SendMessage.SendAiMessageCommandHandler.Handle(SendAiMessageCommand cmd, CancellationToken ct) in D:\Graduation Project\cyber_sphere\CyberSphere\CyberSphere.Application\Features\Ai\Commands\SendMessage\Sendaimessagecommand.cs:line 143
   at CyberSphere.Application.Common.Behaviors.ValidationBehavior`2.Handle(TRequest request, RequestHandlerDelegate`1 next, CancellationToken ct) in D:\Graduation Project\cyber_sphere\CyberSphere\CyberSphere.Application\Common\Behaviors\ValidationBehavior.cs:line 54
   at CyberSphere.Application.Common.Behaviors.LoggingBehavior`2.Handle(TRequest request, RequestHandlerDelegate`1 next, CancellationToken ct) in D:\Graduation Project\cyber_sphere\CyberSphere\CyberSphere.Application\Common\Behaviors\LoggingBehavior.cs:line 39
   at CyberSphere.Api.Controllers.AiController.SendMessage(Guid sessionId, SendAiMessageRequest request, CancellationToken ct) in D:\Graduation Project\cyber_sphere\CyberSphere\CyberSphere.Api\Controllers\AiController.cs:line 235
   at lambda_method29(Closure, Object)
   at Microsoft.AspNetCore.Mvc.Infrastructure.ActionMethodExecutor.AwaitableObjectResultExecutor.Execute(ActionContext actionContext, IActionResultTypeMapper mapper, ObjectMethodExecutor executor, Object controller, Object[] arguments)
   at Microsoft.AspNetCore.Mvc.Infrastructure.ControllerActionInvoker.<InvokeActionMethodAsync>g__Awaited|12_0(ControllerActionInvoker invoker, ValueTask`1 actionResultValueTask)
   at Microsoft.AspNetCore.Mvc.Infrastructure.ControllerActionInvoker.<InvokeNextActionFilterAsync>g__Awaited|10_0(ControllerActionInvoker invoker, Task lastTask, State next, Scope scope, Object state, Boolean isCompleted)
   at Microsoft.AspNetCore.Mvc.Infrastructure.ControllerActionInvoker.Rethrow(ActionExecutedContextSealed context)
   at Microsoft.AspNetCore.Mvc.Infrastructure.ControllerActionInvoker.Next(State& next, Scope& scope, Object& state, Boolean& isCompleted)
   at Microsoft.AspNetCore.Mvc.Infrastructure.ControllerActionInvoker.<InvokeInnerFilterAsync>g__Awaited|13_0(ControllerActionInvoker invoker, Task lastTask, State next, Scope scope, Object state, Boolean isCompleted)
   at Microsoft.AspNetCore.Mvc.Infrastructure.ResourceInvoker.<InvokeFilterPipelineAsync>g__Awaited|20_0(ResourceInvoker invoker, Task lastTask, State next, Scope scope, Object state, Boolean isCompleted)
   at Microsoft.AspNetCore.Mvc.Infrastructure.ResourceInvoker.<InvokeAsync>g__Awaited|17_0(ResourceInvoker invoker, Task task, IDisposable scope)
   at Microsoft.AspNetCore.Mvc.Infrastructure.ResourceInvoker.<InvokeAsync>g__Awaited|17_0(ResourceInvoker invoker, Task task, IDisposable scope)
   at Microsoft.AspNetCore.Authorization.AuthorizationMiddleware.Invoke(HttpContext context)
   at Microsoft.AspNetCore.Authentication.AuthenticationMiddleware.Invoke(HttpContext context)
   at Microsoft.AspNetCore.RateLimiting.RateLimitingMiddleware.InvokeInternal(HttpContext context, EnableRateLimitingAttribute enableRateLimitingAttribute)
   at Swashbuckle.AspNetCore.SwaggerUI.SwaggerUIMiddleware.Invoke(HttpContext httpContext)
   at Swashbuckle.AspNetCore.SwaggerUI.SwaggerUIMiddleware.Invoke(HttpContext httpContext)
   at Swashbuckle.AspNetCore.Swagger.SwaggerMiddleware.Invoke(HttpContext httpContext, ISwaggerProvider swaggerProvider)
   at Serilog.AspNetCore.RequestLoggingMiddleware.Invoke(HttpContext httpContext)
   at CyberSphere.Api.Middleware.ErrorHandlingMiddleware.InvokeAsync(HttpContext context) in D:\Graduation Project\cyber_sphere\CyberSphere\CyberSphere.Api\Middleware\ErrorHandlingMiddleware.cs:line 32
2026-06-19 01:05:43.471 +03:00 [INF] : CyperSphere API shut down
2026-06-19 01:06:37.511 +03:00 [INF] : CyperSphere API shut down
2026-06-19 01:06:47.047 +03:00 [INF] Microsoft.EntityFrameworkCore.Database.Command: Executed DbCommand (27ms) [Parameters=[], CommandType='"Text"', CommandTimeout='30']
SELECT 1
2026-06-19 01:06:47.104 +03:00 [INF] Microsoft.EntityFrameworkCore.Database.Command: Executed DbCommand (19ms) [Parameters=[], CommandType='"Text"', CommandTimeout='30']
SELECT OBJECT_ID(N'[__EFMigrationsHistory]');
2026-06-19 01:06:47.116 +03:00 [INF] Microsoft.EntityFrameworkCore.Database.Command: Executed DbCommand (4ms) [Parameters=[], CommandType='"Text"', CommandTimeout='30']
SELECT 1
2026-06-19 01:06:47.125 +03:00 [INF] Microsoft.EntityFrameworkCore.Database.Command: Executed DbCommand (1ms) [Parameters=[], CommandType='"Text"', CommandTimeout='30']
SELECT OBJECT_ID(N'[__EFMigrationsHistory]');
2026-06-19 01:06:47.142 +03:00 [INF] Microsoft.EntityFrameworkCore.Database.Command: Executed DbCommand (2ms) [Parameters=[], CommandType='"Text"', CommandTimeout='30']
SELECT [MigrationId], [ProductVersion]
FROM [__EFMigrationsHistory]
ORDER BY [MigrationId];
2026-06-19 01:06:47.321 +03:00 [INF] Microsoft.EntityFrameworkCore.Database.Command: Executed DbCommand (3ms) [Parameters=[], CommandType='"Text"', CommandTimeout='30']
SELECT CASE
    WHEN EXISTS (
        SELECT 1
        FROM [Categories] AS [c]) THEN CAST(1 AS bit)
    ELSE CAST(0 AS bit)
END
2026-06-19 01:06:47.533 +03:00 [INF] Microsoft.Hosting.Lifetime: Now listening on: https://localhost:7272
2026-06-19 01:06:47.534 +03:00 [INF] Microsoft.Hosting.Lifetime: Now listening on: http://localhost:5179
2026-06-19 01:06:47.633 +03:00 [INF] Microsoft.Hosting.Lifetime: Application started. Press Ctrl+C to shut down.
2026-06-19 01:06:47.635 +03:00 [INF] Microsoft.Hosting.Lifetime: Hosting environment: Development
2026-06-19 01:06:47.635 +03:00 [INF] Microsoft.Hosting.Lifetime: Content root path: D:\Graduation Project\cyber_sphere\CyberSphere\CyberSphere.Api
2026-06-19 01:06:48.165 +03:00 [INF] Serilog.AspNetCore.RequestLoggingMiddleware: HTTP GET /swagger/index.html responded 200 in 110.9938ms
2026-06-19 01:06:48.441 +03:00 [INF] Serilog.AspNetCore.RequestLoggingMiddleware: HTTP GET /swagger/v1/swagger.json responded 200 in 96.2650ms
2026-06-19 01:06:57.725 +03:00 [INF] Serilog.AspNetCore.RequestLoggingMiddleware: HTTP GET /api/ai/sessions responded 401 in 110.8242ms
2026-06-19 01:07:08.941 +03:00 [INF] Serilog.AspNetCore.RequestLoggingMiddleware: HTTP GET /api/ai/sessions responded 401 in 7.9200ms
2026-06-19 01:07:09.756 +03:00 [INF] Serilog.AspNetCore.RequestLoggingMiddleware: HTTP GET /api/ai/sessions responded 401 in 2.3108ms
2026-06-19 01:07:10.043 +03:00 [INF] Serilog.AspNetCore.RequestLoggingMiddleware: HTTP GET /api/ai/sessions responded 401 in 1.0778ms
2026-06-19 01:07:10.338 +03:00 [INF] Serilog.AspNetCore.RequestLoggingMiddleware: HTTP GET /api/ai/sessions responded 401 in 0.9582ms
2026-06-19 01:08:12.109 +03:00 [WRN] LuckyPennySoftware.MediatR.License: You do not have a valid license key for the Lucky Penny software MediatR. This is allowed for development and testing scenarios. If you are running in production you are required to have a licensed version. Please visit https://luckypennysoftware.com to obtain a valid license.
2026-06-19 01:08:12.162 +03:00 [INF] CyberSphere.Application.Common.Behaviors.LoggingBehavior: Handling LoginCommand
2026-06-19 01:08:12.275 +03:00 [INF] Microsoft.EntityFrameworkCore.Database.Command: Executed DbCommand (16ms) [Parameters=[@__ToLowerInvariant_0='?' (Size = 200)], CommandType='"Text"', CommandTimeout='30']
SELECT TOP(1) [u].[Id], [u].[Bio], [u].[CreatedAt], [u].[Email], [u].[GitHubUrl], [u].[PasswordHash], [u].[PasswordResetToken], [u].[PasswordResetTokenExpiry], [u].[ProfilePictureUrl], [u].[RefreshToken], [u].[RefreshTokenExpiry], [u].[Role], [u].[TotalToolsUploaded], [u].[UserName]
FROM [Users] AS [u]
WHERE [u].[Email] = @__ToLowerInvariant_0
2026-06-19 01:08:12.965 +03:00 [INF] Microsoft.EntityFrameworkCore.Database.Command: Executed DbCommand (5ms) [Parameters=[@p2='?' (DbType = Guid), @p0='?' (Size = 500), @p1='?' (DbType = DateTime2)], CommandType='"Text"', CommandTimeout='30']
SET IMPLICIT_TRANSACTIONS OFF;
SET NOCOUNT ON;
UPDATE [Users] SET [RefreshToken] = @p0, [RefreshTokenExpiry] = @p1
OUTPUT 1
WHERE [Id] = @p2;
2026-06-19 01:08:12.981 +03:00 [WRN] CyberSphere.Application.Common.Behaviors.LoggingBehavior: Slow request: LoginCommand took 817ms
2026-06-19 01:08:13.001 +03:00 [INF] Serilog.AspNetCore.RequestLoggingMiddleware: HTTP POST /api/auth/login responded 200 in 928.2027ms
2026-06-19 01:09:15.477 +03:00 [INF] CyberSphere.Application.Common.Behaviors.LoggingBehavior: Handling GetAiSessionsQuery
2026-06-19 01:09:15.598 +03:00 [INF] Microsoft.EntityFrameworkCore.Database.Command: Executed DbCommand (4ms) [Parameters=[@__userId_0='?' (DbType = Guid)], CommandType='"Text"', CommandTimeout='30']
SELECT [a].[Id], [a].[EndedAt], [a].[StartedAt], [a].[Status], [a].[Title], [a].[UserId], [a0].[Id], [a0].[Content], [a0].[CreatedAt], [a0].[ErrorMessage], [a0].[IsError], [a0].[LatencyMs], [a0].[Role], [a0].[SessionId], [a0].[TokensUsed]
FROM [AiSessions] AS [a]
LEFT JOIN [AiMessages] AS [a0] ON [a].[Id] = [a0].[SessionId]
WHERE [a].[UserId] = @__userId_0
ORDER BY [a].[StartedAt] DESC, [a].[Id]
2026-06-19 01:09:15.604 +03:00 [INF] CyberSphere.Application.Common.Behaviors.LoggingBehavior: Handled GetAiSessionsQuery in 125ms
2026-06-19 01:09:15.612 +03:00 [INF] Serilog.AspNetCore.RequestLoggingMiddleware: HTTP GET /api/ai/sessions responded 200 in 155.3013ms
2026-06-19 01:09:58.112 +03:00 [INF] CyberSphere.Application.Common.Behaviors.LoggingBehavior: Handling SendAiMessageCommand
2026-06-19 01:09:58.162 +03:00 [INF] Microsoft.EntityFrameworkCore.Database.Command: Executed DbCommand (3ms) [Parameters=[@__id_0='?' (DbType = Guid)], CommandType='"Text"', CommandTimeout='30']
SELECT [t].[Id], [t].[EndedAt], [t].[StartedAt], [t].[Status], [t].[Title], [t].[UserId], [a0].[Id], [a0].[Content], [a0].[CreatedAt], [a0].[ErrorMessage], [a0].[IsError], [a0].[LatencyMs], [a0].[Role], [a0].[SessionId], [a0].[TokensUsed]
FROM (
    SELECT TOP(1) [a].[Id], [a].[EndedAt], [a].[StartedAt], [a].[Status], [a].[Title], [a].[UserId]
    FROM [AiSessions] AS [a]
    WHERE [a].[Id] = @__id_0
) AS [t]
LEFT JOIN [AiMessages] AS [a0] ON [t].[Id] = [a0].[SessionId]
ORDER BY [t].[Id]
2026-06-19 01:09:58.177 +03:00 [INF] CyberSphere.Application.Features.Ai.Commands.SendMessage.SendAiMessageCommandHandler: Forwarding AI request for session "4c7343a8-a9bb-46aa-a3f4-c80fb3170fd1", user "9b8152a6-7e7c-4910-ae4d-f447f8154b42", message length 9
2026-06-19 01:10:01.657 +03:00 [INF] Microsoft.EntityFrameworkCore.Database.Command: Executed DbCommand (2ms) [Parameters=[@__userId_0='?' (DbType = Guid)], CommandType='"Text"', CommandTimeout='30']
SELECT TOP(1) [u].[UserId], [u].[CreatedAt], [u].[LastActivityAt], [u].[TotalRequests], [u].[TotalSessions], [u].[TotalTokensUsed]
FROM [UserAiStats] AS [u]
WHERE [u].[UserId] = @__userId_0
2026-06-19 01:10:01.732 +03:00 [INF] Microsoft.EntityFrameworkCore.Database.Command: Executed DbCommand (5ms) [Parameters=[@p8='?' (DbType = Guid), @p0='?' (Size = 4000), @p1='?' (DbType = DateTime2), @p2='?' (Size = 500), @p3='?' (DbType = Boolean), @p4='?' (DbType = Int32), @p5='?' (Size = 20), @p6='?' (DbType = Guid), @p7='?' (DbType = Int32), @p17='?' (DbType = Guid), @p9='?' (Size = 4000), @p10='?' (DbType = DateTime2), @p11='?' (Size = 500), @p12='?' (DbType = Boolean), @p13='?' (DbType = Int32), @p14='?' (Size = 20), @p15='?' (DbType = Guid), @p16='?' (DbType = Int32), @p21='?' (DbType = Guid), @p18='?' (DbType = DateTime2), @p19='?' (DbType = Int32), @p20='?' (DbType = Int32)], CommandType='"Text"', CommandTimeout='30']
SET NOCOUNT ON;
UPDATE [AiMessages] SET [Content] = @p0, [CreatedAt] = @p1, [ErrorMessage] = @p2, [IsError] = @p3, [LatencyMs] = @p4, [Role] = @p5, [SessionId] = @p6, [TokensUsed] = @p7
OUTPUT 1
WHERE [Id] = @p8;
UPDATE [AiMessages] SET [Content] = @p9, [CreatedAt] = @p10, [ErrorMessage] = @p11, [IsError] = @p12, [LatencyMs] = @p13, [Role] = @p14, [SessionId] = @p15, [TokensUsed] = @p16
OUTPUT 1
WHERE [Id] = @p17;
UPDATE [UserAiStats] SET [LastActivityAt] = @p18, [TotalRequests] = @p19, [TotalTokensUsed] = @p20
OUTPUT 1
WHERE [UserId] = @p21;
2026-06-19 01:10:01.898 +03:00 [ERR] CyberSphere.Application.Common.Behaviors.LoggingBehavior: Request SendAiMessageCommand failed after 3784ms
Microsoft.EntityFrameworkCore.DbUpdateConcurrencyException: The database operation was expected to affect 1 row(s), but actually affected 0 row(s); data may have been modified or deleted since entities were loaded. See https://go.microsoft.com/fwlink/?LinkId=527962 for information on understanding and handling optimistic concurrency exceptions.
   at Microsoft.EntityFrameworkCore.Update.AffectedCountModificationCommandBatch.ThrowAggregateUpdateConcurrencyExceptionAsync(RelationalDataReader reader, Int32 commandIndex, Int32 expectedRowsAffected, Int32 rowsAffected, CancellationToken cancellationToken)
   at Microsoft.EntityFrameworkCore.Update.AffectedCountModificationCommandBatch.ConsumeResultSetWithRowsAffectedOnlyAsync(Int32 commandIndex, RelationalDataReader reader, CancellationToken cancellationToken)
   at Microsoft.EntityFrameworkCore.Update.AffectedCountModificationCommandBatch.ConsumeAsync(RelationalDataReader reader, CancellationToken cancellationToken)
   at Microsoft.EntityFrameworkCore.Update.ReaderModificationCommandBatch.ExecuteAsync(IRelationalConnection connection, CancellationToken cancellationToken)
   at Microsoft.EntityFrameworkCore.Update.ReaderModificationCommandBatch.ExecuteAsync(IRelationalConnection connection, CancellationToken cancellationToken)
   at Microsoft.EntityFrameworkCore.SqlServer.Update.Internal.SqlServerModificationCommandBatch.ExecuteAsync(IRelationalConnection connection, CancellationToken cancellationToken)
   at Microsoft.EntityFrameworkCore.Update.Internal.BatchExecutor.ExecuteAsync(IEnumerable`1 commandBatches, IRelationalConnection connection, CancellationToken cancellationToken)
   at Microsoft.EntityFrameworkCore.Update.Internal.BatchExecutor.ExecuteAsync(IEnumerable`1 commandBatches, IRelationalConnection connection, CancellationToken cancellationToken)
   at Microsoft.EntityFrameworkCore.Update.Internal.BatchExecutor.ExecuteAsync(IEnumerable`1 commandBatches, IRelationalConnection connection, CancellationToken cancellationToken)
   at Microsoft.EntityFrameworkCore.ChangeTracking.Internal.StateManager.SaveChangesAsync(IList`1 entriesToSave, CancellationToken cancellationToken)
   at Microsoft.EntityFrameworkCore.ChangeTracking.Internal.StateManager.SaveChangesAsync(StateManager stateManager, Boolean acceptAllChangesOnSuccess, CancellationToken cancellationToken)
   at Microsoft.EntityFrameworkCore.SqlServer.Storage.Internal.SqlServerExecutionStrategy.ExecuteAsync[TState,TResult](TState state, Func`4 operation, Func`4 verifySucceeded, CancellationToken cancellationToken)
   at Microsoft.EntityFrameworkCore.DbContext.SaveChangesAsync(Boolean acceptAllChangesOnSuccess, CancellationToken cancellationToken)
   at CyberSphere.Infrastructure.Persistence.Repositories.AiSessionRepository.SaveChangesAsync(CancellationToken ct) in D:\Graduation Project\cyber_sphere\CyberSphere\CyberSphere.Infrastructure\Persistence\Repositories\AiSessionRepository.cs:line 50
   at CyberSphere.Application.Features.Ai.Commands.SendMessage.SendAiMessageCommandHandler.Handle(SendAiMessageCommand cmd, CancellationToken ct) in D:\Graduation Project\cyber_sphere\CyberSphere\CyberSphere.Application\Features\Ai\Commands\SendMessage\Sendaimessagecommand.cs:line 143
   at CyberSphere.Application.Common.Behaviors.ValidationBehavior`2.Handle(TRequest request, RequestHandlerDelegate`1 next, CancellationToken ct) in D:\Graduation Project\cyber_sphere\CyberSphere\CyberSphere.Application\Common\Behaviors\ValidationBehavior.cs:line 54
   at CyberSphere.Application.Common.Behaviors.LoggingBehavior`2.Handle(TRequest request, RequestHandlerDelegate`1 next, CancellationToken ct) in D:\Graduation Project\cyber_sphere\CyberSphere\CyberSphere.Application\Common\Behaviors\LoggingBehavior.cs:line 39
2026-06-19 01:10:01.987 +03:00 [ERR] Serilog.AspNetCore.RequestLoggingMiddleware: HTTP POST /api/ai/sessions/4c7343a8-a9bb-46aa-a3f4-c80fb3170fd1/messages responded 500 in 3897.3554ms
Microsoft.EntityFrameworkCore.DbUpdateConcurrencyException: The database operation was expected to affect 1 row(s), but actually affected 0 row(s); data may have been modified or deleted since entities were loaded. See https://go.microsoft.com/fwlink/?LinkId=527962 for information on understanding and handling optimistic concurrency exceptions.
   at Microsoft.EntityFrameworkCore.Update.AffectedCountModificationCommandBatch.ThrowAggregateUpdateConcurrencyExceptionAsync(RelationalDataReader reader, Int32 commandIndex, Int32 expectedRowsAffected, Int32 rowsAffected, CancellationToken cancellationToken)
   at Microsoft.EntityFrameworkCore.Update.AffectedCountModificationCommandBatch.ConsumeResultSetWithRowsAffectedOnlyAsync(Int32 commandIndex, RelationalDataReader reader, CancellationToken cancellationToken)
   at Microsoft.EntityFrameworkCore.Update.AffectedCountModificationCommandBatch.ConsumeAsync(RelationalDataReader reader, CancellationToken cancellationToken)
   at Microsoft.EntityFrameworkCore.Update.ReaderModificationCommandBatch.ExecuteAsync(IRelationalConnection connection, CancellationToken cancellationToken)
   at Microsoft.EntityFrameworkCore.Update.ReaderModificationCommandBatch.ExecuteAsync(IRelationalConnection connection, CancellationToken cancellationToken)
   at Microsoft.EntityFrameworkCore.SqlServer.Update.Internal.SqlServerModificationCommandBatch.ExecuteAsync(IRelationalConnection connection, CancellationToken cancellationToken)
   at Microsoft.EntityFrameworkCore.Update.Internal.BatchExecutor.ExecuteAsync(IEnumerable`1 commandBatches, IRelationalConnection connection, CancellationToken cancellationToken)
   at Microsoft.EntityFrameworkCore.Update.Internal.BatchExecutor.ExecuteAsync(IEnumerable`1 commandBatches, IRelationalConnection connection, CancellationToken cancellationToken)
   at Microsoft.EntityFrameworkCore.Update.Internal.BatchExecutor.ExecuteAsync(IEnumerable`1 commandBatches, IRelationalConnection connection, CancellationToken cancellationToken)
   at Microsoft.EntityFrameworkCore.ChangeTracking.Internal.StateManager.SaveChangesAsync(IList`1 entriesToSave, CancellationToken cancellationToken)
   at Microsoft.EntityFrameworkCore.ChangeTracking.Internal.StateManager.SaveChangesAsync(StateManager stateManager, Boolean acceptAllChangesOnSuccess, CancellationToken cancellationToken)
   at Microsoft.EntityFrameworkCore.SqlServer.Storage.Internal.SqlServerExecutionStrategy.ExecuteAsync[TState,TResult](TState state, Func`4 operation, Func`4 verifySucceeded, CancellationToken cancellationToken)
   at Microsoft.EntityFrameworkCore.DbContext.SaveChangesAsync(Boolean acceptAllChangesOnSuccess, CancellationToken cancellationToken)
   at CyberSphere.Infrastructure.Persistence.Repositories.AiSessionRepository.SaveChangesAsync(CancellationToken ct) in D:\Graduation Project\cyber_sphere\CyberSphere\CyberSphere.Infrastructure\Persistence\Repositories\AiSessionRepository.cs:line 50
   at CyberSphere.Application.Features.Ai.Commands.SendMessage.SendAiMessageCommandHandler.Handle(SendAiMessageCommand cmd, CancellationToken ct) in D:\Graduation Project\cyber_sphere\CyberSphere\CyberSphere.Application\Features\Ai\Commands\SendMessage\Sendaimessagecommand.cs:line 143
   at CyberSphere.Application.Common.Behaviors.ValidationBehavior`2.Handle(TRequest request, RequestHandlerDelegate`1 next, CancellationToken ct) in D:\Graduation Project\cyber_sphere\CyberSphere\CyberSphere.Application\Common\Behaviors\ValidationBehavior.cs:line 54
   at CyberSphere.Application.Common.Behaviors.LoggingBehavior`2.Handle(TRequest request, RequestHandlerDelegate`1 next, CancellationToken ct) in D:\Graduation Project\cyber_sphere\CyberSphere\CyberSphere.Application\Common\Behaviors\LoggingBehavior.cs:line 39
   at CyberSphere.Api.Controllers.AiController.SendMessage(Guid sessionId, SendAiMessageRequest request, CancellationToken ct) in D:\Graduation Project\cyber_sphere\CyberSphere\CyberSphere.Api\Controllers\AiController.cs:line 235
   at lambda_method219(Closure, Object)
   at Microsoft.AspNetCore.Mvc.Infrastructure.ActionMethodExecutor.AwaitableObjectResultExecutor.Execute(ActionContext actionContext, IActionResultTypeMapper mapper, ObjectMethodExecutor executor, Object controller, Object[] arguments)
   at Microsoft.AspNetCore.Mvc.Infrastructure.ControllerActionInvoker.<InvokeActionMethodAsync>g__Awaited|12_0(ControllerActionInvoker invoker, ValueTask`1 actionResultValueTask)
   at Microsoft.AspNetCore.Mvc.Infrastructure.ControllerActionInvoker.<InvokeNextActionFilterAsync>g__Awaited|10_0(ControllerActionInvoker invoker, Task lastTask, State next, Scope scope, Object state, Boolean isCompleted)
   at Microsoft.AspNetCore.Mvc.Infrastructure.ControllerActionInvoker.Rethrow(ActionExecutedContextSealed context)
   at Microsoft.AspNetCore.Mvc.Infrastructure.ControllerActionInvoker.Next(State& next, Scope& scope, Object& state, Boolean& isCompleted)
   at Microsoft.AspNetCore.Mvc.Infrastructure.ControllerActionInvoker.<InvokeInnerFilterAsync>g__Awaited|13_0(ControllerActionInvoker invoker, Task lastTask, State next, Scope scope, Object state, Boolean isCompleted)
   at Microsoft.AspNetCore.Mvc.Infrastructure.ResourceInvoker.<InvokeFilterPipelineAsync>g__Awaited|20_0(ResourceInvoker invoker, Task lastTask, State next, Scope scope, Object state, Boolean isCompleted)
   at Microsoft.AspNetCore.Mvc.Infrastructure.ResourceInvoker.<InvokeAsync>g__Awaited|17_0(ResourceInvoker invoker, Task task, IDisposable scope)
   at Microsoft.AspNetCore.Mvc.Infrastructure.ResourceInvoker.<InvokeAsync>g__Awaited|17_0(ResourceInvoker invoker, Task task, IDisposable scope)
   at Microsoft.AspNetCore.Authorization.AuthorizationMiddleware.Invoke(HttpContext context)
   at Microsoft.AspNetCore.Authentication.AuthenticationMiddleware.Invoke(HttpContext context)
   at Microsoft.AspNetCore.RateLimiting.RateLimitingMiddleware.InvokeInternal(HttpContext context, EnableRateLimitingAttribute enableRateLimitingAttribute)
   at Swashbuckle.AspNetCore.SwaggerUI.SwaggerUIMiddleware.Invoke(HttpContext httpContext)
   at Swashbuckle.AspNetCore.SwaggerUI.SwaggerUIMiddleware.Invoke(HttpContext httpContext)
   at Swashbuckle.AspNetCore.Swagger.SwaggerMiddleware.Invoke(HttpContext httpContext, ISwaggerProvider swaggerProvider)
   at Serilog.AspNetCore.RequestLoggingMiddleware.Invoke(HttpContext httpContext)
2026-06-19 01:10:02.086 +03:00 [ERR] CyberSphere.Api.Middleware.ErrorHandlingMiddleware: Unhandled exception for POST /api/ai/sessions/4c7343a8-a9bb-46aa-a3f4-c80fb3170fd1/messages
Microsoft.EntityFrameworkCore.DbUpdateConcurrencyException: The database operation was expected to affect 1 row(s), but actually affected 0 row(s); data may have been modified or deleted since entities were loaded. See https://go.microsoft.com/fwlink/?LinkId=527962 for information on understanding and handling optimistic concurrency exceptions.
   at Microsoft.EntityFrameworkCore.Update.AffectedCountModificationCommandBatch.ThrowAggregateUpdateConcurrencyExceptionAsync(RelationalDataReader reader, Int32 commandIndex, Int32 expectedRowsAffected, Int32 rowsAffected, CancellationToken cancellationToken)
   at Microsoft.EntityFrameworkCore.Update.AffectedCountModificationCommandBatch.ConsumeResultSetWithRowsAffectedOnlyAsync(Int32 commandIndex, RelationalDataReader reader, CancellationToken cancellationToken)
   at Microsoft.EntityFrameworkCore.Update.AffectedCountModificationCommandBatch.ConsumeAsync(RelationalDataReader reader, CancellationToken cancellationToken)
   at Microsoft.EntityFrameworkCore.Update.ReaderModificationCommandBatch.ExecuteAsync(IRelationalConnection connection, CancellationToken cancellationToken)
   at Microsoft.EntityFrameworkCore.Update.ReaderModificationCommandBatch.ExecuteAsync(IRelationalConnection connection, CancellationToken cancellationToken)
   at Microsoft.EntityFrameworkCore.SqlServer.Update.Internal.SqlServerModificationCommandBatch.ExecuteAsync(IRelationalConnection connection, CancellationToken cancellationToken)
   at Microsoft.EntityFrameworkCore.Update.Internal.BatchExecutor.ExecuteAsync(IEnumerable`1 commandBatches, IRelationalConnection connection, CancellationToken cancellationToken)
   at Microsoft.EntityFrameworkCore.Update.Internal.BatchExecutor.ExecuteAsync(IEnumerable`1 commandBatches, IRelationalConnection connection, CancellationToken cancellationToken)
   at Microsoft.EntityFrameworkCore.Update.Internal.BatchExecutor.ExecuteAsync(IEnumerable`1 commandBatches, IRelationalConnection connection, CancellationToken cancellationToken)
   at Microsoft.EntityFrameworkCore.ChangeTracking.Internal.StateManager.SaveChangesAsync(IList`1 entriesToSave, CancellationToken cancellationToken)
   at Microsoft.EntityFrameworkCore.ChangeTracking.Internal.StateManager.SaveChangesAsync(StateManager stateManager, Boolean acceptAllChangesOnSuccess, CancellationToken cancellationToken)
   at Microsoft.EntityFrameworkCore.SqlServer.Storage.Internal.SqlServerExecutionStrategy.ExecuteAsync[TState,TResult](TState state, Func`4 operation, Func`4 verifySucceeded, CancellationToken cancellationToken)
   at Microsoft.EntityFrameworkCore.DbContext.SaveChangesAsync(Boolean acceptAllChangesOnSuccess, CancellationToken cancellationToken)
   at CyberSphere.Infrastructure.Persistence.Repositories.AiSessionRepository.SaveChangesAsync(CancellationToken ct) in D:\Graduation Project\cyber_sphere\CyberSphere\CyberSphere.Infrastructure\Persistence\Repositories\AiSessionRepository.cs:line 50
   at CyberSphere.Application.Features.Ai.Commands.SendMessage.SendAiMessageCommandHandler.Handle(SendAiMessageCommand cmd, CancellationToken ct) in D:\Graduation Project\cyber_sphere\CyberSphere\CyberSphere.Application\Features\Ai\Commands\SendMessage\Sendaimessagecommand.cs:line 143
   at CyberSphere.Application.Common.Behaviors.ValidationBehavior`2.Handle(TRequest request, RequestHandlerDelegate`1 next, CancellationToken ct) in D:\Graduation Project\cyber_sphere\CyberSphere\CyberSphere.Application\Common\Behaviors\ValidationBehavior.cs:line 54
   at CyberSphere.Application.Common.Behaviors.LoggingBehavior`2.Handle(TRequest request, RequestHandlerDelegate`1 next, CancellationToken ct) in D:\Graduation Project\cyber_sphere\CyberSphere\CyberSphere.Application\Common\Behaviors\LoggingBehavior.cs:line 39
   at CyberSphere.Api.Controllers.AiController.SendMessage(Guid sessionId, SendAiMessageRequest request, CancellationToken ct) in D:\Graduation Project\cyber_sphere\CyberSphere\CyberSphere.Api\Controllers\AiController.cs:line 235
   at lambda_method219(Closure, Object)
   at Microsoft.AspNetCore.Mvc.Infrastructure.ActionMethodExecutor.AwaitableObjectResultExecutor.Execute(ActionContext actionContext, IActionResultTypeMapper mapper, ObjectMethodExecutor executor, Object controller, Object[] arguments)
   at Microsoft.AspNetCore.Mvc.Infrastructure.ControllerActionInvoker.<InvokeActionMethodAsync>g__Awaited|12_0(ControllerActionInvoker invoker, ValueTask`1 actionResultValueTask)
   at Microsoft.AspNetCore.Mvc.Infrastructure.ControllerActionInvoker.<InvokeNextActionFilterAsync>g__Awaited|10_0(ControllerActionInvoker invoker, Task lastTask, State next, Scope scope, Object state, Boolean isCompleted)
   at Microsoft.AspNetCore.Mvc.Infrastructure.ControllerActionInvoker.Rethrow(ActionExecutedContextSealed context)
   at Microsoft.AspNetCore.Mvc.Infrastructure.ControllerActionInvoker.Next(State& next, Scope& scope, Object& state, Boolean& isCompleted)
   at Microsoft.AspNetCore.Mvc.Infrastructure.ControllerActionInvoker.<InvokeInnerFilterAsync>g__Awaited|13_0(ControllerActionInvoker invoker, Task lastTask, State next, Scope scope, Object state, Boolean isCompleted)
   at Microsoft.AspNetCore.Mvc.Infrastructure.ResourceInvoker.<InvokeFilterPipelineAsync>g__Awaited|20_0(ResourceInvoker invoker, Task lastTask, State next, Scope scope, Object state, Boolean isCompleted)
   at Microsoft.AspNetCore.Mvc.Infrastructure.ResourceInvoker.<InvokeAsync>g__Awaited|17_0(ResourceInvoker invoker, Task task, IDisposable scope)
   at Microsoft.AspNetCore.Mvc.Infrastructure.ResourceInvoker.<InvokeAsync>g__Awaited|17_0(ResourceInvoker invoker, Task task, IDisposable scope)
   at Microsoft.AspNetCore.Authorization.AuthorizationMiddleware.Invoke(HttpContext context)
   at Microsoft.AspNetCore.Authentication.AuthenticationMiddleware.Invoke(HttpContext context)
   at Microsoft.AspNetCore.RateLimiting.RateLimitingMiddleware.InvokeInternal(HttpContext context, EnableRateLimitingAttribute enableRateLimitingAttribute)
   at Swashbuckle.AspNetCore.SwaggerUI.SwaggerUIMiddleware.Invoke(HttpContext httpContext)
   at Swashbuckle.AspNetCore.SwaggerUI.SwaggerUIMiddleware.Invoke(HttpContext httpContext)
   at Swashbuckle.AspNetCore.Swagger.SwaggerMiddleware.Invoke(HttpContext httpContext, ISwaggerProvider swaggerProvider)
   at Serilog.AspNetCore.RequestLoggingMiddleware.Invoke(HttpContext httpContext)
   at CyberSphere.Api.Middleware.ErrorHandlingMiddleware.InvokeAsync(HttpContext context) in D:\Graduation Project\cyber_sphere\CyberSphere\CyberSphere.Api\Middleware\ErrorHandlingMiddleware.cs:line 32
2026-06-19 01:17:55.354 +03:00 [INF] Microsoft.EntityFrameworkCore.Database.Command: Executed DbCommand (22ms) [Parameters=[], CommandType='"Text"', CommandTimeout='30']
SELECT 1
2026-06-19 01:17:55.423 +03:00 [INF] Microsoft.EntityFrameworkCore.Database.Command: Executed DbCommand (27ms) [Parameters=[], CommandType='"Text"', CommandTimeout='30']
SELECT OBJECT_ID(N'[__EFMigrationsHistory]');
2026-06-19 01:17:55.430 +03:00 [INF] Microsoft.EntityFrameworkCore.Database.Command: Executed DbCommand (2ms) [Parameters=[], CommandType='"Text"', CommandTimeout='30']
SELECT 1
2026-06-19 01:17:55.441 +03:00 [INF] Microsoft.EntityFrameworkCore.Database.Command: Executed DbCommand (6ms) [Parameters=[], CommandType='"Text"', CommandTimeout='30']
SELECT OBJECT_ID(N'[__EFMigrationsHistory]');
2026-06-19 01:17:55.468 +03:00 [INF] Microsoft.EntityFrameworkCore.Database.Command: Executed DbCommand (2ms) [Parameters=[], CommandType='"Text"', CommandTimeout='30']
SELECT [MigrationId], [ProductVersion]
FROM [__EFMigrationsHistory]
ORDER BY [MigrationId];
2026-06-19 01:17:55.761 +03:00 [INF] Microsoft.EntityFrameworkCore.Database.Command: Executed DbCommand (2ms) [Parameters=[], CommandType='"Text"', CommandTimeout='30']
SELECT CASE
    WHEN EXISTS (
        SELECT 1
        FROM [Categories] AS [c]) THEN CAST(1 AS bit)
    ELSE CAST(0 AS bit)
END
2026-06-19 01:17:56.016 +03:00 [INF] Microsoft.Hosting.Lifetime: Now listening on: https://localhost:7272
2026-06-19 01:17:56.019 +03:00 [INF] Microsoft.Hosting.Lifetime: Now listening on: http://localhost:5179
2026-06-19 01:17:56.233 +03:00 [INF] Microsoft.Hosting.Lifetime: Application started. Press Ctrl+C to shut down.
2026-06-19 01:17:56.243 +03:00 [INF] Microsoft.Hosting.Lifetime: Hosting environment: Development
2026-06-19 01:17:56.247 +03:00 [INF] Microsoft.Hosting.Lifetime: Content root path: D:\Graduation Project\cyber_sphere\CyberSphere\CyberSphere.Api
2026-06-19 01:17:56.660 +03:00 [INF] Serilog.AspNetCore.RequestLoggingMiddleware: HTTP GET /swagger/index.html responded 200 in 161.3022ms
2026-06-19 01:17:56.986 +03:00 [INF] Serilog.AspNetCore.RequestLoggingMiddleware: HTTP GET /swagger/v1/swagger.json responded 200 in 98.1420ms
2026-06-19 01:22:13.139 +03:00 [INF] Microsoft.EntityFrameworkCore.Database.Command: Executed DbCommand (26ms) [Parameters=[], CommandType='"Text"', CommandTimeout='30']
SELECT 1
2026-06-19 01:22:13.226 +03:00 [INF] Microsoft.EntityFrameworkCore.Database.Command: Executed DbCommand (21ms) [Parameters=[], CommandType='"Text"', CommandTimeout='30']
SELECT OBJECT_ID(N'[__EFMigrationsHistory]');
2026-06-19 01:22:13.267 +03:00 [INF] Microsoft.EntityFrameworkCore.Database.Command: Executed DbCommand (4ms) [Parameters=[], CommandType='"Text"', CommandTimeout='30']
SELECT 1
2026-06-19 01:22:13.273 +03:00 [INF] Microsoft.EntityFrameworkCore.Database.Command: Executed DbCommand (1ms) [Parameters=[], CommandType='"Text"', CommandTimeout='30']
SELECT OBJECT_ID(N'[__EFMigrationsHistory]');
2026-06-19 01:22:13.306 +03:00 [INF] Microsoft.EntityFrameworkCore.Database.Command: Executed DbCommand (2ms) [Parameters=[], CommandType='"Text"', CommandTimeout='30']
SELECT [MigrationId], [ProductVersion]
FROM [__EFMigrationsHistory]
ORDER BY [MigrationId];
2026-06-19 01:22:13.561 +03:00 [INF] Microsoft.EntityFrameworkCore.Database.Command: Executed DbCommand (3ms) [Parameters=[], CommandType='"Text"', CommandTimeout='30']
SELECT CASE
    WHEN EXISTS (
        SELECT 1
        FROM [Categories] AS [c]) THEN CAST(1 AS bit)
    ELSE CAST(0 AS bit)
END
2026-06-19 01:22:13.950 +03:00 [INF] Microsoft.Hosting.Lifetime: Now listening on: https://localhost:7272
2026-06-19 01:22:13.951 +03:00 [INF] Microsoft.Hosting.Lifetime: Now listening on: http://localhost:5179
2026-06-19 01:22:14.069 +03:00 [INF] Microsoft.Hosting.Lifetime: Application started. Press Ctrl+C to shut down.
2026-06-19 01:22:14.070 +03:00 [INF] Microsoft.Hosting.Lifetime: Hosting environment: Development
2026-06-19 01:22:14.072 +03:00 [INF] Microsoft.Hosting.Lifetime: Content root path: D:\Graduation Project\cyber_sphere\CyberSphere\CyberSphere.Api
2026-06-19 01:22:14.804 +03:00 [INF] Serilog.AspNetCore.RequestLoggingMiddleware: HTTP GET /swagger/index.html responded 200 in 117.2850ms
2026-06-19 01:22:15.065 +03:00 [INF] Serilog.AspNetCore.RequestLoggingMiddleware: HTTP GET /swagger/v1/swagger.json responded 200 in 108.7816ms
2026-06-19 01:22:19.457 +03:00 [INF] Serilog.AspNetCore.RequestLoggingMiddleware: HTTP GET /swagger/index.html responded 200 in 2.8888ms
2026-06-19 01:22:19.634 +03:00 [INF] Serilog.AspNetCore.RequestLoggingMiddleware: HTTP GET /swagger/v1/swagger.json responded 200 in 75.0729ms
2026-06-19 01:22:25.954 +03:00 [WRN] LuckyPennySoftware.MediatR.License: You do not have a valid license key for the Lucky Penny software MediatR. This is allowed for development and testing scenarios. If you are running in production you are required to have a licensed version. Please visit https://luckypennysoftware.com to obtain a valid license.
2026-06-19 01:22:25.975 +03:00 [INF] CyberSphere.Application.Common.Behaviors.LoggingBehavior: Handling GetAiSessionsQuery
2026-06-19 01:22:26.163 +03:00 [INF] Microsoft.EntityFrameworkCore.Database.Command: Executed DbCommand (21ms) [Parameters=[@__userId_0='?' (DbType = Guid)], CommandType='"Text"', CommandTimeout='30']
SELECT [a].[Id], [a].[EndedAt], [a].[StartedAt], [a].[Status], [a].[Title], [a].[UserId], [a0].[Id], [a0].[Content], [a0].[CreatedAt], [a0].[ErrorMessage], [a0].[IsError], [a0].[LatencyMs], [a0].[Role], [a0].[SessionId], [a0].[TokensUsed]
FROM [AiSessions] AS [a]
LEFT JOIN [AiMessages] AS [a0] ON [a].[Id] = [a0].[SessionId]
WHERE [a].[UserId] = @__userId_0
ORDER BY [a].[StartedAt] DESC, [a].[Id]
2026-06-19 01:22:26.179 +03:00 [INF] CyberSphere.Application.Common.Behaviors.LoggingBehavior: Handled GetAiSessionsQuery in 202ms
2026-06-19 01:22:26.203 +03:00 [INF] Serilog.AspNetCore.RequestLoggingMiddleware: HTTP GET /api/ai/sessions responded 200 in 385.1184ms
2026-06-19 01:22:55.446 +03:00 [INF] CyberSphere.Application.Common.Behaviors.LoggingBehavior: Handling SendAiMessageCommand
2026-06-19 01:22:55.554 +03:00 [INF] Microsoft.EntityFrameworkCore.Database.Command: Executed DbCommand (3ms) [Parameters=[@__id_0='?' (DbType = Guid)], CommandType='"Text"', CommandTimeout='30']
SELECT [t].[Id], [t].[EndedAt], [t].[StartedAt], [t].[Status], [t].[Title], [t].[UserId], [a0].[Id], [a0].[Content], [a0].[CreatedAt], [a0].[ErrorMessage], [a0].[IsError], [a0].[LatencyMs], [a0].[Role], [a0].[SessionId], [a0].[TokensUsed]
FROM (
    SELECT TOP(1) [a].[Id], [a].[EndedAt], [a].[StartedAt], [a].[Status], [a].[Title], [a].[UserId]
    FROM [AiSessions] AS [a]
    WHERE [a].[Id] = @__id_0
) AS [t]
LEFT JOIN [AiMessages] AS [a0] ON [t].[Id] = [a0].[SessionId]
ORDER BY [t].[Id]
2026-06-19 01:22:55.643 +03:00 [INF] CyberSphere.Application.Features.Ai.Commands.SendMessage.SendAiMessageCommandHandler: Forwarding AI request for session "4c7343a8-a9bb-46aa-a3f4-c80fb3170fd1", user "9b8152a6-7e7c-4910-ae4d-f447f8154b42", message length 9
2026-06-19 01:22:59.908 +03:00 [INF] Microsoft.EntityFrameworkCore.Database.Command: Executed DbCommand (2ms) [Parameters=[@__userId_0='?' (DbType = Guid)], CommandType='"Text"', CommandTimeout='30']
SELECT TOP(1) [u].[UserId], [u].[CreatedAt], [u].[LastActivityAt], [u].[TotalRequests], [u].[TotalSessions], [u].[TotalTokensUsed]
FROM [UserAiStats] AS [u]
WHERE [u].[UserId] = @__userId_0
2026-06-19 01:23:00.033 +03:00 [INF] Microsoft.EntityFrameworkCore.Database.Command: Executed DbCommand (8ms) [Parameters=[@p0='?' (DbType = Guid), @p1='?' (Size = 4000), @p2='?' (DbType = DateTime2), @p3='?' (Size = 500), @p4='?' (DbType = Boolean), @p5='?' (DbType = Int32), @p6='?' (Size = 20), @p7='?' (DbType = Guid), @p8='?' (DbType = Int32), @p9='?' (DbType = Guid), @p10='?' (Size = 4000), @p11='?' (DbType = DateTime2), @p12='?' (Size = 500), @p13='?' (DbType = Boolean), @p14='?' (DbType = Int32), @p15='?' (Size = 20), @p16='?' (DbType = Guid), @p17='?' (DbType = Int32), @p23='?' (DbType = Guid), @p18='?' (DbType = DateTime2), @p19='?' (DbType = DateTime2), @p20='?' (DbType = Int32), @p21='?' (DbType = Int32), @p22='?' (DbType = Int32)], CommandType='"Text"', CommandTimeout='30']
SET NOCOUNT ON;
INSERT INTO [AiMessages] ([Id], [Content], [CreatedAt], [ErrorMessage], [IsError], [LatencyMs], [Role], [SessionId], [TokensUsed])
VALUES (@p0, @p1, @p2, @p3, @p4, @p5, @p6, @p7, @p8),
(@p9, @p10, @p11, @p12, @p13, @p14, @p15, @p16, @p17);
UPDATE [UserAiStats] SET [CreatedAt] = @p18, [LastActivityAt] = @p19, [TotalRequests] = @p20, [TotalSessions] = @p21, [TotalTokensUsed] = @p22
OUTPUT 1
WHERE [UserId] = @p23;
2026-06-19 01:23:00.056 +03:00 [INF] CyberSphere.Application.Features.Ai.Commands.SendMessage.SendAiMessageCommandHandler: AI response for session "4c7343a8-a9bb-46aa-a3f4-c80fb3170fd1": success=true, tokens=547, latency=4246ms
2026-06-19 01:23:00.059 +03:00 [WRN] CyberSphere.Application.Common.Behaviors.LoggingBehavior: Slow request: SendAiMessageCommand took 4611ms
2026-06-19 01:23:00.066 +03:00 [INF] Serilog.AspNetCore.RequestLoggingMiddleware: HTTP POST /api/ai/sessions/4c7343a8-a9bb-46aa-a3f4-c80fb3170fd1/messages responded 200 in 4668.6684ms
2026-06-19 01:24:46.566 +03:00 [INF] Serilog.AspNetCore.RequestLoggingMiddleware: HTTP GET /api/ai/sessions responded 401 in 23.2716ms
2026-06-19 01:24:53.710 +03:00 [INF] Serilog.AspNetCore.RequestLoggingMiddleware: HTTP GET /api/ai/sessions responded 401 in 0.8077ms
2026-06-19 01:25:41.814 +03:00 [INF] CyberSphere.Application.Common.Behaviors.LoggingBehavior: Handling LoginCommand
2026-06-19 01:25:41.837 +03:00 [INF] Microsoft.EntityFrameworkCore.Database.Command: Executed DbCommand (4ms) [Parameters=[@__ToLowerInvariant_0='?' (Size = 200)], CommandType='"Text"', CommandTimeout='30']
SELECT TOP(1) [u].[Id], [u].[Bio], [u].[CreatedAt], [u].[Email], [u].[GitHubUrl], [u].[PasswordHash], [u].[PasswordResetToken], [u].[PasswordResetTokenExpiry], [u].[ProfilePictureUrl], [u].[RefreshToken], [u].[RefreshTokenExpiry], [u].[Role], [u].[TotalToolsUploaded], [u].[UserName]
FROM [Users] AS [u]
WHERE [u].[Email] = @__ToLowerInvariant_0
2026-06-19 01:25:42.327 +03:00 [INF] Microsoft.EntityFrameworkCore.Database.Command: Executed DbCommand (2ms) [Parameters=[@p2='?' (DbType = Guid), @p0='?' (Size = 500), @p1='?' (DbType = DateTime2)], CommandType='"Text"', CommandTimeout='30']
SET IMPLICIT_TRANSACTIONS OFF;
SET NOCOUNT ON;
UPDATE [Users] SET [RefreshToken] = @p0, [RefreshTokenExpiry] = @p1
OUTPUT 1
WHERE [Id] = @p2;
2026-06-19 01:25:42.330 +03:00 [WRN] CyberSphere.Application.Common.Behaviors.LoggingBehavior: Slow request: LoginCommand took 513ms
2026-06-19 01:25:42.333 +03:00 [INF] Serilog.AspNetCore.RequestLoggingMiddleware: HTTP POST /api/auth/login responded 200 in 531.9296ms
2026-06-19 01:26:00.391 +03:00 [INF] CyberSphere.Application.Common.Behaviors.LoggingBehavior: Handling GetAiSessionsQuery
2026-06-19 01:26:00.407 +03:00 [INF] Microsoft.EntityFrameworkCore.Database.Command: Executed DbCommand (10ms) [Parameters=[@__userId_0='?' (DbType = Guid)], CommandType='"Text"', CommandTimeout='30']
SELECT [a].[Id], [a].[EndedAt], [a].[StartedAt], [a].[Status], [a].[Title], [a].[UserId], [a0].[Id], [a0].[Content], [a0].[CreatedAt], [a0].[ErrorMessage], [a0].[IsError], [a0].[LatencyMs], [a0].[Role], [a0].[SessionId], [a0].[TokensUsed]
FROM [AiSessions] AS [a]
LEFT JOIN [AiMessages] AS [a0] ON [a].[Id] = [a0].[SessionId]
WHERE [a].[UserId] = @__userId_0
ORDER BY [a].[StartedAt] DESC, [a].[Id]
2026-06-19 01:26:00.416 +03:00 [INF] CyberSphere.Application.Common.Behaviors.LoggingBehavior: Handled GetAiSessionsQuery in 22ms
2026-06-19 01:26:00.418 +03:00 [INF] Serilog.AspNetCore.RequestLoggingMiddleware: HTTP GET /api/ai/sessions responded 200 in 27.6147ms
2026-06-19 01:26:14.912 +03:00 [INF] CyberSphere.Application.Common.Behaviors.LoggingBehavior: Handling GetAiSessionHistoryQuery
2026-06-19 01:26:14.920 +03:00 [INF] Microsoft.EntityFrameworkCore.Database.Command: Executed DbCommand (3ms) [Parameters=[@__id_0='?' (DbType = Guid)], CommandType='"Text"', CommandTimeout='30']
SELECT [t].[Id], [t].[EndedAt], [t].[StartedAt], [t].[Status], [t].[Title], [t].[UserId], [a0].[Id], [a0].[Content], [a0].[CreatedAt], [a0].[ErrorMessage], [a0].[IsError], [a0].[LatencyMs], [a0].[Role], [a0].[SessionId], [a0].[TokensUsed]
FROM (
    SELECT TOP(1) [a].[Id], [a].[EndedAt], [a].[StartedAt], [a].[Status], [a].[Title], [a].[UserId]
    FROM [AiSessions] AS [a]
    WHERE [a].[Id] = @__id_0
) AS [t]
LEFT JOIN [AiMessages] AS [a0] ON [t].[Id] = [a0].[SessionId]
ORDER BY [t].[Id]
2026-06-19 01:26:14.924 +03:00 [INF] CyberSphere.Application.Common.Behaviors.LoggingBehavior: Handled GetAiSessionHistoryQuery in 10ms
2026-06-19 01:26:14.927 +03:00 [INF] Serilog.AspNetCore.RequestLoggingMiddleware: HTTP GET /api/ai/sessions/4c7343a8-a9bb-46aa-a3f4-c80fb3170fd1 responded 200 in 20.8853ms
2026-06-19 01:27:21.320 +03:00 [INF] CyberSphere.Application.Common.Behaviors.LoggingBehavior: Handling GetUserAiStatsQuery
2026-06-19 01:27:21.330 +03:00 [INF] Microsoft.EntityFrameworkCore.Database.Command: Executed DbCommand (2ms) [Parameters=[@__userId_0='?' (DbType = Guid)], CommandType='"Text"', CommandTimeout='30']
SELECT TOP(1) [u].[UserId], [u].[CreatedAt], [u].[LastActivityAt], [u].[TotalRequests], [u].[TotalSessions], [u].[TotalTokensUsed]
FROM [UserAiStats] AS [u]
WHERE [u].[UserId] = @__userId_0
2026-06-19 01:27:21.332 +03:00 [INF] CyberSphere.Application.Common.Behaviors.LoggingBehavior: Handled GetUserAiStatsQuery in 9ms
2026-06-19 01:27:21.337 +03:00 [INF] Serilog.AspNetCore.RequestLoggingMiddleware: HTTP GET /api/ai/stats responded 200 in 30.5719ms
2026-06-19 01:28:06.055 +03:00 [INF] Microsoft.Hosting.Lifetime: Application is shutting down...
2026-06-19 01:28:06.085 +03:00 [INF] : CyperSphere API shut down
2026-06-19 21:03:54.792 +03:00 [INF] Microsoft.EntityFrameworkCore.Database.Command: Executed DbCommand (29ms) [Parameters=[], CommandType='"Text"', CommandTimeout='30']
SELECT 1
2026-06-19 21:03:54.894 +03:00 [INF] Microsoft.EntityFrameworkCore.Database.Command: Executed DbCommand (24ms) [Parameters=[], CommandType='"Text"', CommandTimeout='30']
SELECT OBJECT_ID(N'[__EFMigrationsHistory]');
2026-06-19 21:03:54.904 +03:00 [INF] Microsoft.EntityFrameworkCore.Database.Command: Executed DbCommand (6ms) [Parameters=[], CommandType='"Text"', CommandTimeout='30']
SELECT 1
2026-06-19 21:03:54.909 +03:00 [INF] Microsoft.EntityFrameworkCore.Database.Command: Executed DbCommand (1ms) [Parameters=[], CommandType='"Text"', CommandTimeout='30']
SELECT OBJECT_ID(N'[__EFMigrationsHistory]');
2026-06-19 21:03:54.933 +03:00 [INF] Microsoft.EntityFrameworkCore.Database.Command: Executed DbCommand (10ms) [Parameters=[], CommandType='"Text"', CommandTimeout='30']
SELECT [MigrationId], [ProductVersion]
FROM [__EFMigrationsHistory]
ORDER BY [MigrationId];
2026-06-19 21:03:55.235 +03:00 [INF] Microsoft.EntityFrameworkCore.Database.Command: Executed DbCommand (3ms) [Parameters=[], CommandType='"Text"', CommandTimeout='30']
SELECT CASE
    WHEN EXISTS (
        SELECT 1
        FROM [Categories] AS [c]) THEN CAST(1 AS bit)
    ELSE CAST(0 AS bit)
END
2026-06-19 21:03:56.032 +03:00 [INF] Microsoft.Hosting.Lifetime: Now listening on: https://localhost:7272
2026-06-19 21:03:56.033 +03:00 [INF] Microsoft.Hosting.Lifetime: Now listening on: http://localhost:5179
2026-06-19 21:03:56.152 +03:00 [INF] Microsoft.Hosting.Lifetime: Application started. Press Ctrl+C to shut down.
2026-06-19 21:03:56.154 +03:00 [INF] Microsoft.Hosting.Lifetime: Hosting environment: Development
2026-06-19 21:03:56.154 +03:00 [INF] Microsoft.Hosting.Lifetime: Content root path: D:\Graduation Project\cyber_sphere\CyberSphere\CyberSphere.Api
2026-06-19 21:03:56.932 +03:00 [INF] Serilog.AspNetCore.RequestLoggingMiddleware: HTTP GET /swagger/index.html responded 200 in 94.6735ms
2026-06-19 21:03:57.391 +03:00 [INF] Serilog.AspNetCore.RequestLoggingMiddleware: HTTP GET /swagger/v1/swagger.json responded 200 in 310.0820ms
2026-06-19 21:15:12.542 +03:00 [INF] Microsoft.EntityFrameworkCore.Database.Command: Executed DbCommand (21ms) [Parameters=[], CommandType='"Text"', CommandTimeout='30']
SELECT 1
2026-06-19 21:15:12.597 +03:00 [INF] Microsoft.EntityFrameworkCore.Database.Command: Executed DbCommand (19ms) [Parameters=[], CommandType='"Text"', CommandTimeout='30']
SELECT OBJECT_ID(N'[__EFMigrationsHistory]');
2026-06-19 21:15:12.609 +03:00 [INF] Microsoft.EntityFrameworkCore.Database.Command: Executed DbCommand (4ms) [Parameters=[], CommandType='"Text"', CommandTimeout='30']
SELECT 1
2026-06-19 21:15:12.615 +03:00 [INF] Microsoft.EntityFrameworkCore.Database.Command: Executed DbCommand (1ms) [Parameters=[], CommandType='"Text"', CommandTimeout='30']
SELECT OBJECT_ID(N'[__EFMigrationsHistory]');
2026-06-19 21:15:12.640 +03:00 [INF] Microsoft.EntityFrameworkCore.Database.Command: Executed DbCommand (3ms) [Parameters=[], CommandType='"Text"', CommandTimeout='30']
SELECT [MigrationId], [ProductVersion]
FROM [__EFMigrationsHistory]
ORDER BY [MigrationId];
2026-06-19 21:15:12.833 +03:00 [INF] Microsoft.EntityFrameworkCore.Database.Command: Executed DbCommand (2ms) [Parameters=[], CommandType='"Text"', CommandTimeout='30']
SELECT CASE
    WHEN EXISTS (
        SELECT 1
        FROM [Categories] AS [c]) THEN CAST(1 AS bit)
    ELSE CAST(0 AS bit)
END
2026-06-19 21:15:13.023 +03:00 [INF] Microsoft.Hosting.Lifetime: Now listening on: https://localhost:7272
2026-06-19 21:15:13.024 +03:00 [INF] Microsoft.Hosting.Lifetime: Now listening on: http://localhost:5179
2026-06-19 21:15:13.114 +03:00 [INF] Microsoft.Hosting.Lifetime: Application started. Press Ctrl+C to shut down.
2026-06-19 21:15:13.115 +03:00 [INF] Microsoft.Hosting.Lifetime: Hosting environment: Development
2026-06-19 21:15:13.116 +03:00 [INF] Microsoft.Hosting.Lifetime: Content root path: D:\Graduation Project\cyber_sphere\CyberSphere\CyberSphere.Api
2026-06-19 21:15:13.835 +03:00 [INF] Serilog.AspNetCore.RequestLoggingMiddleware: HTTP GET /swagger/index.html responded 200 in 125.5862ms
2026-06-19 21:15:14.099 +03:00 [INF] Serilog.AspNetCore.RequestLoggingMiddleware: HTTP GET /swagger/v1/swagger.json responded 200 in 92.4433ms
2026-06-19 21:15:30.114 +03:00 [INF] Serilog.AspNetCore.RequestLoggingMiddleware: HTTP GET /index.html responded 200 in 25.6324ms
2026-06-19 21:15:31.100 +03:00 [INF] Serilog.AspNetCore.RequestLoggingMiddleware: HTTP GET /swagger/v1/swagger.json responded 200 in 61.7821ms
2026-06-19 21:15:52.266 +03:00 [INF] Serilog.AspNetCore.RequestLoggingMiddleware: HTTP GET / responded 301 in 0.7639ms
2026-06-19 21:15:52.461 +03:00 [INF] Serilog.AspNetCore.RequestLoggingMiddleware: HTTP GET /index.html responded 200 in 0.5946ms
2026-06-19 21:15:52.752 +03:00 [INF] Serilog.AspNetCore.RequestLoggingMiddleware: HTTP GET /swagger-ui.css responded 200 in 15.4730ms
2026-06-19 21:15:52.771 +03:00 [INF] Serilog.AspNetCore.RequestLoggingMiddleware: HTTP GET /swagger-ui-bundle.js responded 200 in 22.4312ms
2026-06-19 21:15:52.842 +03:00 [INF] Serilog.AspNetCore.RequestLoggingMiddleware: HTTP GET /swagger-ui-standalone-preset.js responded 200 in 44.3898ms
2026-06-19 21:16:04.997 +03:00 [INF] Serilog.AspNetCore.RequestLoggingMiddleware: HTTP GET /swagger/v1/swagger.json responded 200 in 55.7865ms
2026-06-19 21:16:05.108 +03:00 [INF] Serilog.AspNetCore.RequestLoggingMiddleware: HTTP GET /favicon-32x32.png responded 200 in 0.4895ms
2026-06-19 21:18:33.177 +03:00 [INF] Serilog.AspNetCore.RequestLoggingMiddleware: HTTP GET / responded 301 in 0.1030ms
2026-06-19 21:18:33.345 +03:00 [INF] Serilog.AspNetCore.RequestLoggingMiddleware: HTTP GET /index.html responded 200 in 0.7783ms
2026-06-19 21:18:33.542 +03:00 [INF] Serilog.AspNetCore.RequestLoggingMiddleware: HTTP GET /swagger-ui.css responded 200 in 1.6918ms
2026-06-19 21:18:33.564 +03:00 [INF] Serilog.AspNetCore.RequestLoggingMiddleware: HTTP GET /swagger-ui-standalone-preset.js responded 200 in 2.8754ms
2026-06-19 21:18:33.571 +03:00 [INF] Serilog.AspNetCore.RequestLoggingMiddleware: HTTP GET /swagger-ui-bundle.js responded 200 in 8.9304ms
2026-06-19 21:18:40.733 +03:00 [INF] Serilog.AspNetCore.RequestLoggingMiddleware: HTTP GET /favicon-32x32.png responded 200 in 0.1946ms
2026-06-19 21:18:40.761 +03:00 [INF] Serilog.AspNetCore.RequestLoggingMiddleware: HTTP GET /swagger/v1/swagger.json responded 200 in 40.5387ms
2026-06-19 21:18:54.239 +03:00 [INF] Serilog.AspNetCore.RequestLoggingMiddleware: HTTP GET /index.html responded 200 in 0.7651ms
2026-06-19 21:18:55.554 +03:00 [INF] Serilog.AspNetCore.RequestLoggingMiddleware: HTTP GET /swagger/v1/swagger.json responded 200 in 34.3628ms
2026-06-19 21:19:20.172 +03:00 [INF] Serilog.AspNetCore.RequestLoggingMiddleware: HTTP GET /index.html responded 200 in 0.7189ms
2026-06-19 21:19:21.671 +03:00 [INF] Serilog.AspNetCore.RequestLoggingMiddleware: HTTP GET /swagger/v1/swagger.json responded 200 in 42.3178ms
2026-06-19 21:26:52.617 +03:00 [INF] Serilog.AspNetCore.RequestLoggingMiddleware: HTTP GET /index.html responded 200 in 0.3220ms
2026-06-19 21:26:54.470 +03:00 [INF] Serilog.AspNetCore.RequestLoggingMiddleware: HTTP GET /swagger/v1/swagger.json responded 200 in 37.4337ms
2026-06-19 21:27:05.650 +03:00 [INF] Serilog.AspNetCore.RequestLoggingMiddleware: HTTP GET / responded 301 in 0.0543ms
2026-06-19 21:27:05.807 +03:00 [INF] Serilog.AspNetCore.RequestLoggingMiddleware: HTTP GET /index.html responded 200 in 0.4337ms
2026-06-19 21:29:59.346 +03:00 [INF] Serilog.AspNetCore.RequestLoggingMiddleware: HTTP GET /api'; responded 404 in 2031.4986ms
2026-06-19 21:37:20.718 +03:00 [INF] Serilog.AspNetCore.RequestLoggingMiddleware: HTTP GET / responded 301 in 0.0773ms
2026-06-19 21:37:20.847 +03:00 [INF] Serilog.AspNetCore.RequestLoggingMiddleware: HTTP GET /index.html responded 200 in 0.4392ms
2026-06-19 21:38:29.581 +03:00 [INF] Serilog.AspNetCore.RequestLoggingMiddleware: HTTP GET /api'; responded 404 in 2.0727ms
2026-06-19 21:41:39.465 +03:00 [INF] Serilog.AspNetCore.RequestLoggingMiddleware: HTTP GET /api'; responded 404 in 2.8738ms
2026-06-19 21:42:07.271 +03:00 [WRN] LuckyPennySoftware.MediatR.License: You do not have a valid license key for the Lucky Penny software MediatR. This is allowed for development and testing scenarios. If you are running in production you are required to have a licensed version. Please visit https://luckypennysoftware.com to obtain a valid license.
2026-06-19 21:42:07.334 +03:00 [INF] CyberSphere.Application.Common.Behaviors.LoggingBehavior: Handling RegisterCommand
2026-06-19 21:42:07.467 +03:00 [ERR] CyberSphere.Application.Common.Behaviors.LoggingBehavior: Request RegisterCommand failed after 130ms
CyberSphere.Application.Exceptions.ValidationException: One or more validation errors occurred.
   at CyberSphere.Application.Common.Behaviors.ValidationBehavior`2.Handle(TRequest request, RequestHandlerDelegate`1 next, CancellationToken ct) in D:\Graduation Project\cyber_sphere\CyberSphere\CyberSphere.Application\Common\Behaviors\ValidationBehavior.cs:line 51
   at CyberSphere.Application.Common.Behaviors.LoggingBehavior`2.Handle(TRequest request, RequestHandlerDelegate`1 next, CancellationToken ct) in D:\Graduation Project\cyber_sphere\CyberSphere\CyberSphere.Application\Common\Behaviors\LoggingBehavior.cs:line 39
2026-06-19 21:42:07.535 +03:00 [ERR] Serilog.AspNetCore.RequestLoggingMiddleware: HTTP POST /api/auth/register responded 500 in 418.7827ms
CyberSphere.Application.Exceptions.ValidationException: One or more validation errors occurred.
   at CyberSphere.Application.Common.Behaviors.ValidationBehavior`2.Handle(TRequest request, RequestHandlerDelegate`1 next, CancellationToken ct) in D:\Graduation Project\cyber_sphere\CyberSphere\CyberSphere.Application\Common\Behaviors\ValidationBehavior.cs:line 51
   at CyberSphere.Application.Common.Behaviors.LoggingBehavior`2.Handle(TRequest request, RequestHandlerDelegate`1 next, CancellationToken ct) in D:\Graduation Project\cyber_sphere\CyberSphere\CyberSphere.Application\Common\Behaviors\LoggingBehavior.cs:line 39
   at CyberSphere.Api.Controllers.AuthController.Register(RegisterRequest request, CancellationToken ct) in D:\Graduation Project\cyber_sphere\CyberSphere\CyberSphere.Api\Controllers\AuthController.cs:line 153
   at lambda_method8(Closure, Object)
   at Microsoft.AspNetCore.Mvc.Infrastructure.ActionMethodExecutor.AwaitableObjectResultExecutor.Execute(ActionContext actionContext, IActionResultTypeMapper mapper, ObjectMethodExecutor executor, Object controller, Object[] arguments)
   at Microsoft.AspNetCore.Mvc.Infrastructure.ControllerActionInvoker.<InvokeActionMethodAsync>g__Awaited|12_0(ControllerActionInvoker invoker, ValueTask`1 actionResultValueTask)
   at Microsoft.AspNetCore.Mvc.Infrastructure.ControllerActionInvoker.<InvokeNextActionFilterAsync>g__Awaited|10_0(ControllerActionInvoker invoker, Task lastTask, State next, Scope scope, Object state, Boolean isCompleted)
   at Microsoft.AspNetCore.Mvc.Infrastructure.ControllerActionInvoker.Rethrow(ActionExecutedContextSealed context)
   at Microsoft.AspNetCore.Mvc.Infrastructure.ControllerActionInvoker.Next(State& next, Scope& scope, Object& state, Boolean& isCompleted)
   at Microsoft.AspNetCore.Mvc.Infrastructure.ControllerActionInvoker.InvokeInnerFilterAsync()
--- End of stack trace from previous location ---
   at Microsoft.AspNetCore.Mvc.Infrastructure.ResourceInvoker.<InvokeFilterPipelineAsync>g__Awaited|20_0(ResourceInvoker invoker, Task lastTask, State next, Scope scope, Object state, Boolean isCompleted)
   at Microsoft.AspNetCore.Mvc.Infrastructure.ResourceInvoker.<InvokeAsync>g__Awaited|17_0(ResourceInvoker invoker, Task task, IDisposable scope)
   at Microsoft.AspNetCore.Mvc.Infrastructure.ResourceInvoker.<InvokeAsync>g__Awaited|17_0(ResourceInvoker invoker, Task task, IDisposable scope)
   at Microsoft.AspNetCore.Authorization.AuthorizationMiddleware.Invoke(HttpContext context)
   at Microsoft.AspNetCore.Authentication.AuthenticationMiddleware.Invoke(HttpContext context)
   at Microsoft.AspNetCore.RateLimiting.RateLimitingMiddleware.InvokeInternal(HttpContext context, EnableRateLimitingAttribute enableRateLimitingAttribute)
   at Swashbuckle.AspNetCore.SwaggerUI.SwaggerUIMiddleware.Invoke(HttpContext httpContext)
   at Swashbuckle.AspNetCore.SwaggerUI.SwaggerUIMiddleware.Invoke(HttpContext httpContext)
   at Swashbuckle.AspNetCore.Swagger.SwaggerMiddleware.Invoke(HttpContext httpContext, ISwaggerProvider swaggerProvider)
   at Serilog.AspNetCore.RequestLoggingMiddleware.Invoke(HttpContext httpContext)
2026-06-19 21:42:07.579 +03:00 [WRN] CyberSphere.Api.Middleware.ErrorHandlingMiddleware: Client error 422: One or more validation errors occurred.
2026-06-19 21:42:25.644 +03:00 [INF] CyberSphere.Application.Common.Behaviors.LoggingBehavior: Handling RegisterCommand
2026-06-19 21:42:25.789 +03:00 [INF] Microsoft.EntityFrameworkCore.Database.Command: Executed DbCommand (70ms) [Parameters=[@__ToLowerInvariant_0='?' (Size = 200)], CommandType='"Text"', CommandTimeout='30']
SELECT CASE
    WHEN EXISTS (
        SELECT 1
        FROM [Users] AS [u]
        WHERE [u].[Email] = @__ToLowerInvariant_0) THEN CAST(1 AS bit)
    ELSE CAST(0 AS bit)
END
2026-06-19 21:42:25.798 +03:00 [INF] Microsoft.EntityFrameworkCore.Database.Command: Executed DbCommand (2ms) [Parameters=[@__userName_0='?' (Size = 50)], CommandType='"Text"', CommandTimeout='30']
SELECT CASE
    WHEN EXISTS (
        SELECT 1
        FROM [Users] AS [u]
        WHERE [u].[UserName] = @__userName_0) THEN CAST(1 AS bit)
    ELSE CAST(0 AS bit)
END
2026-06-19 21:42:26.542 +03:00 [INF] Microsoft.EntityFrameworkCore.Database.Command: Executed DbCommand (4ms) [Parameters=[@p0='?' (DbType = Guid), @p1='?' (Size = 500), @p2='?' (DbType = DateTime2), @p3='?' (Size = 200), @p4='?' (Size = 500), @p5='?' (Size = 500), @p6='?' (Size = 200), @p7='?' (DbType = DateTime2), @p8='?' (Size = 1000), @p9='?' (Size = 500), @p10='?' (DbType = DateTime2), @p11='?' (Size = 20), @p12='?' (Size = 50)], CommandType='"Text"', CommandTimeout='30']
SET IMPLICIT_TRANSACTIONS OFF;
SET NOCOUNT ON;
INSERT INTO [Users] ([Id], [Bio], [CreatedAt], [Email], [GitHubUrl], [PasswordHash], [PasswordResetToken], [PasswordResetTokenExpiry], [ProfilePictureUrl], [RefreshToken], [RefreshTokenExpiry], [Role], [UserName])
OUTPUT INSERTED.[TotalToolsUploaded]
VALUES (@p0, @p1, @p2, @p3, @p4, @p5, @p6, @p7, @p8, @p9, @p10, @p11, @p12);
2026-06-19 21:42:27.020 +03:00 [WRN] CyberSphere.Application.Common.Behaviors.LoggingBehavior: Slow request: RegisterCommand took 1375ms
2026-06-19 21:42:27.040 +03:00 [INF] Serilog.AspNetCore.RequestLoggingMiddleware: HTTP POST /api/auth/register responded 200 in 1399.0529ms
2026-06-19 22:12:06.605 +03:00 [INF] Serilog.AspNetCore.RequestLoggingMiddleware: HTTP GET / responded 301 in 0.1178ms
2026-06-19 22:12:06.965 +03:00 [INF] Serilog.AspNetCore.RequestLoggingMiddleware: HTTP GET /index.html responded 200 in 0.7424ms
2026-06-19 22:14:09.714 +03:00 [INF] Serilog.AspNetCore.RequestLoggingMiddleware: HTTP OPTIONS /api/auth/register responded 204 in 1.6099ms
2026-06-19 22:14:10.126 +03:00 [INF] CyberSphere.Application.Common.Behaviors.LoggingBehavior: Handling RegisterCommand
2026-06-19 22:14:10.176 +03:00 [ERR] CyberSphere.Application.Common.Behaviors.LoggingBehavior: Request RegisterCommand failed after 48ms
CyberSphere.Application.Exceptions.ValidationException: One or more validation errors occurred.
   at CyberSphere.Application.Common.Behaviors.ValidationBehavior`2.Handle(TRequest request, RequestHandlerDelegate`1 next, CancellationToken ct) in D:\Graduation Project\cyber_sphere\CyberSphere\CyberSphere.Application\Common\Behaviors\ValidationBehavior.cs:line 51
   at CyberSphere.Application.Common.Behaviors.LoggingBehavior`2.Handle(TRequest request, RequestHandlerDelegate`1 next, CancellationToken ct) in D:\Graduation Project\cyber_sphere\CyberSphere\CyberSphere.Application\Common\Behaviors\LoggingBehavior.cs:line 39
2026-06-19 22:14:10.220 +03:00 [ERR] Serilog.AspNetCore.RequestLoggingMiddleware: HTTP POST /api/auth/register responded 500 in 101.5728ms
CyberSphere.Application.Exceptions.ValidationException: One or more validation errors occurred.
   at CyberSphere.Application.Common.Behaviors.ValidationBehavior`2.Handle(TRequest request, RequestHandlerDelegate`1 next, CancellationToken ct) in D:\Graduation Project\cyber_sphere\CyberSphere\CyberSphere.Application\Common\Behaviors\ValidationBehavior.cs:line 51
   at CyberSphere.Application.Common.Behaviors.LoggingBehavior`2.Handle(TRequest request, RequestHandlerDelegate`1 next, CancellationToken ct) in D:\Graduation Project\cyber_sphere\CyberSphere\CyberSphere.Application\Common\Behaviors\LoggingBehavior.cs:line 39
   at CyberSphere.Api.Controllers.AuthController.Register(RegisterRequest request, CancellationToken ct) in D:\Graduation Project\cyber_sphere\CyberSphere\CyberSphere.Api\Controllers\AuthController.cs:line 153
   at lambda_method8(Closure, Object)
   at Microsoft.AspNetCore.Mvc.Infrastructure.ActionMethodExecutor.AwaitableObjectResultExecutor.Execute(ActionContext actionContext, IActionResultTypeMapper mapper, ObjectMethodExecutor executor, Object controller, Object[] arguments)
   at Microsoft.AspNetCore.Mvc.Infrastructure.ControllerActionInvoker.<InvokeActionMethodAsync>g__Awaited|12_0(ControllerActionInvoker invoker, ValueTask`1 actionResultValueTask)
   at Microsoft.AspNetCore.Mvc.Infrastructure.ControllerActionInvoker.<InvokeNextActionFilterAsync>g__Awaited|10_0(ControllerActionInvoker invoker, Task lastTask, State next, Scope scope, Object state, Boolean isCompleted)
   at Microsoft.AspNetCore.Mvc.Infrastructure.ControllerActionInvoker.Rethrow(ActionExecutedContextSealed context)
   at Microsoft.AspNetCore.Mvc.Infrastructure.ControllerActionInvoker.Next(State& next, Scope& scope, Object& state, Boolean& isCompleted)
   at Microsoft.AspNetCore.Mvc.Infrastructure.ControllerActionInvoker.InvokeInnerFilterAsync()
--- End of stack trace from previous location ---
   at Microsoft.AspNetCore.Mvc.Infrastructure.ResourceInvoker.<InvokeFilterPipelineAsync>g__Awaited|20_0(ResourceInvoker invoker, Task lastTask, State next, Scope scope, Object state, Boolean isCompleted)
   at Microsoft.AspNetCore.Mvc.Infrastructure.ResourceInvoker.<InvokeAsync>g__Awaited|17_0(ResourceInvoker invoker, Task task, IDisposable scope)
   at Microsoft.AspNetCore.Mvc.Infrastructure.ResourceInvoker.<InvokeAsync>g__Awaited|17_0(ResourceInvoker invoker, Task task, IDisposable scope)
   at Microsoft.AspNetCore.Authorization.AuthorizationMiddleware.Invoke(HttpContext context)
   at Microsoft.AspNetCore.Authentication.AuthenticationMiddleware.Invoke(HttpContext context)
   at Microsoft.AspNetCore.RateLimiting.RateLimitingMiddleware.InvokeInternal(HttpContext context, EnableRateLimitingAttribute enableRateLimitingAttribute)
   at Swashbuckle.AspNetCore.SwaggerUI.SwaggerUIMiddleware.Invoke(HttpContext httpContext)
   at Swashbuckle.AspNetCore.SwaggerUI.SwaggerUIMiddleware.Invoke(HttpContext httpContext)
   at Swashbuckle.AspNetCore.Swagger.SwaggerMiddleware.Invoke(HttpContext httpContext, ISwaggerProvider swaggerProvider)
   at Serilog.AspNetCore.RequestLoggingMiddleware.Invoke(HttpContext httpContext)
2026-06-19 22:14:10.248 +03:00 [WRN] CyberSphere.Api.Middleware.ErrorHandlingMiddleware: Client error 422: One or more validation errors occurred.
2026-06-19 22:14:42.094 +03:00 [INF] Serilog.AspNetCore.RequestLoggingMiddleware: HTTP OPTIONS /api/auth/register responded 204 in 0.2014ms
2026-06-19 22:14:42.574 +03:00 [INF] CyberSphere.Application.Common.Behaviors.LoggingBehavior: Handling RegisterCommand
2026-06-19 22:14:42.637 +03:00 [INF] Microsoft.EntityFrameworkCore.Database.Command: Executed DbCommand (6ms) [Parameters=[@__ToLowerInvariant_0='?' (Size = 200)], CommandType='"Text"', CommandTimeout='30']
SELECT CASE
    WHEN EXISTS (
        SELECT 1
        FROM [Users] AS [u]
        WHERE [u].[Email] = @__ToLowerInvariant_0) THEN CAST(1 AS bit)
    ELSE CAST(0 AS bit)
END
2026-06-19 22:14:42.641 +03:00 [INF] Microsoft.EntityFrameworkCore.Database.Command: Executed DbCommand (1ms) [Parameters=[@__userName_0='?' (Size = 50)], CommandType='"Text"', CommandTimeout='30']
SELECT CASE
    WHEN EXISTS (
        SELECT 1
        FROM [Users] AS [u]
        WHERE [u].[UserName] = @__userName_0) THEN CAST(1 AS bit)
    ELSE CAST(0 AS bit)
END
2026-06-19 22:14:42.919 +03:00 [INF] Microsoft.EntityFrameworkCore.Database.Command: Executed DbCommand (3ms) [Parameters=[@p0='?' (DbType = Guid), @p1='?' (Size = 500), @p2='?' (DbType = DateTime2), @p3='?' (Size = 200), @p4='?' (Size = 500), @p5='?' (Size = 500), @p6='?' (Size = 200), @p7='?' (DbType = DateTime2), @p8='?' (Size = 1000), @p9='?' (Size = 500), @p10='?' (DbType = DateTime2), @p11='?' (Size = 20), @p12='?' (Size = 50)], CommandType='"Text"', CommandTimeout='30']
SET IMPLICIT_TRANSACTIONS OFF;
SET NOCOUNT ON;
INSERT INTO [Users] ([Id], [Bio], [CreatedAt], [Email], [GitHubUrl], [PasswordHash], [PasswordResetToken], [PasswordResetTokenExpiry], [ProfilePictureUrl], [RefreshToken], [RefreshTokenExpiry], [Role], [UserName])
OUTPUT INSERTED.[TotalToolsUploaded]
VALUES (@p0, @p1, @p2, @p3, @p4, @p5, @p6, @p7, @p8, @p9, @p10, @p11, @p12);
2026-06-19 22:14:42.924 +03:00 [INF] CyberSphere.Application.Common.Behaviors.LoggingBehavior: Handled RegisterCommand in 348ms
2026-06-19 22:14:42.926 +03:00 [INF] Serilog.AspNetCore.RequestLoggingMiddleware: HTTP POST /api/auth/register responded 200 in 363.4998ms
2026-06-19 22:15:38.957 +03:00 [INF] Serilog.AspNetCore.RequestLoggingMiddleware: HTTP OPTIONS /api/auth/login responded 204 in 0.0662ms
2026-06-19 22:15:39.291 +03:00 [INF] CyberSphere.Application.Common.Behaviors.LoggingBehavior: Handling LoginCommand
2026-06-19 22:15:39.364 +03:00 [INF] Microsoft.EntityFrameworkCore.Database.Command: Executed DbCommand (3ms) [Parameters=[@__ToLowerInvariant_0='?' (Size = 200)], CommandType='"Text"', CommandTimeout='30']
SELECT TOP(1) [u].[Id], [u].[Bio], [u].[CreatedAt], [u].[Email], [u].[GitHubUrl], [u].[PasswordHash], [u].[PasswordResetToken], [u].[PasswordResetTokenExpiry], [u].[ProfilePictureUrl], [u].[RefreshToken], [u].[RefreshTokenExpiry], [u].[Role], [u].[TotalToolsUploaded], [u].[UserName]
FROM [Users] AS [u]
WHERE [u].[Email] = @__ToLowerInvariant_0
2026-06-19 22:15:39.653 +03:00 [INF] Microsoft.EntityFrameworkCore.Database.Command: Executed DbCommand (4ms) [Parameters=[@p2='?' (DbType = Guid), @p0='?' (Size = 500), @p1='?' (DbType = DateTime2)], CommandType='"Text"', CommandTimeout='30']
SET IMPLICIT_TRANSACTIONS OFF;
SET NOCOUNT ON;
UPDATE [Users] SET [RefreshToken] = @p0, [RefreshTokenExpiry] = @p1
OUTPUT 1
WHERE [Id] = @p2;
2026-06-19 22:15:39.657 +03:00 [INF] CyberSphere.Application.Common.Behaviors.LoggingBehavior: Handled LoginCommand in 364ms
2026-06-19 22:15:39.658 +03:00 [INF] Serilog.AspNetCore.RequestLoggingMiddleware: HTTP POST /api/auth/login responded 200 in 376.6418ms
2026-06-19 22:17:15.669 +03:00 [INF] Serilog.AspNetCore.RequestLoggingMiddleware: HTTP OPTIONS /api/ai/sessions responded 204 in 0.0655ms
2026-06-19 22:17:15.746 +03:00 [INF] Serilog.AspNetCore.RequestLoggingMiddleware: HTTP OPTIONS /api/ai/stats responded 204 in 0.0960ms
2026-06-19 22:17:15.750 +03:00 [INF] Serilog.AspNetCore.RequestLoggingMiddleware: HTTP OPTIONS /api/ai/stats responded 204 in 0.4627ms
2026-06-19 22:17:15.750 +03:00 [INF] Serilog.AspNetCore.RequestLoggingMiddleware: HTTP OPTIONS /api/ai/sessions responded 204 in 0.4454ms
2026-06-19 22:17:16.085 +03:00 [INF] CyberSphere.Application.Common.Behaviors.LoggingBehavior: Handling GetAiSessionsQuery
2026-06-19 22:17:16.140 +03:00 [INF] CyberSphere.Application.Common.Behaviors.LoggingBehavior: Handling GetUserAiStatsQuery
2026-06-19 22:17:16.157 +03:00 [INF] Microsoft.EntityFrameworkCore.Database.Command: Executed DbCommand (4ms) [Parameters=[@__userId_0='?' (DbType = Guid)], CommandType='"Text"', CommandTimeout='30']
SELECT TOP(1) [u].[UserId], [u].[CreatedAt], [u].[LastActivityAt], [u].[TotalRequests], [u].[TotalSessions], [u].[TotalTokensUsed]
FROM [UserAiStats] AS [u]
WHERE [u].[UserId] = @__userId_0
2026-06-19 22:17:16.164 +03:00 [INF] CyberSphere.Application.Common.Behaviors.LoggingBehavior: Handled GetUserAiStatsQuery in 22ms
2026-06-19 22:17:16.174 +03:00 [INF] Serilog.AspNetCore.RequestLoggingMiddleware: HTTP GET /api/ai/stats responded 200 in 39.5736ms
2026-06-19 22:17:16.214 +03:00 [INF] Microsoft.EntityFrameworkCore.Database.Command: Executed DbCommand (6ms) [Parameters=[@__userId_0='?' (DbType = Guid)], CommandType='"Text"', CommandTimeout='30']
SELECT [a].[Id], [a].[EndedAt], [a].[StartedAt], [a].[Status], [a].[Title], [a].[UserId], [a0].[Id], [a0].[Content], [a0].[CreatedAt], [a0].[ErrorMessage], [a0].[IsError], [a0].[LatencyMs], [a0].[Role], [a0].[SessionId], [a0].[TokensUsed]
FROM [AiSessions] AS [a]
LEFT JOIN [AiMessages] AS [a0] ON [a].[Id] = [a0].[SessionId]
WHERE [a].[UserId] = @__userId_0
ORDER BY [a].[StartedAt] DESC, [a].[Id]
2026-06-19 22:17:16.218 +03:00 [INF] CyberSphere.Application.Common.Behaviors.LoggingBehavior: Handled GetAiSessionsQuery in 130ms
2026-06-19 22:17:16.220 +03:00 [INF] Serilog.AspNetCore.RequestLoggingMiddleware: HTTP GET /api/ai/sessions responded 200 in 154.6514ms
2026-06-19 22:17:16.585 +03:00 [INF] CyberSphere.Application.Common.Behaviors.LoggingBehavior: Handling GetUserAiStatsQuery
2026-06-19 22:17:16.589 +03:00 [INF] Microsoft.EntityFrameworkCore.Database.Command: Executed DbCommand (1ms) [Parameters=[@__userId_0='?' (DbType = Guid)], CommandType='"Text"', CommandTimeout='30']
SELECT TOP(1) [u].[UserId], [u].[CreatedAt], [u].[LastActivityAt], [u].[TotalRequests], [u].[TotalSessions], [u].[TotalTokensUsed]
FROM [UserAiStats] AS [u]
WHERE [u].[UserId] = @__userId_0
2026-06-19 22:17:16.592 +03:00 [INF] CyberSphere.Application.Common.Behaviors.LoggingBehavior: Handled GetUserAiStatsQuery in 5ms
2026-06-19 22:17:16.593 +03:00 [INF] Serilog.AspNetCore.RequestLoggingMiddleware: HTTP GET /api/ai/stats responded 200 in 9.7624ms
2026-06-19 22:17:16.630 +03:00 [INF] CyberSphere.Application.Common.Behaviors.LoggingBehavior: Handling GetAiSessionsQuery
2026-06-19 22:17:16.634 +03:00 [INF] Microsoft.EntityFrameworkCore.Database.Command: Executed DbCommand (1ms) [Parameters=[@__userId_0='?' (DbType = Guid)], CommandType='"Text"', CommandTimeout='30']
SELECT [a].[Id], [a].[EndedAt], [a].[StartedAt], [a].[Status], [a].[Title], [a].[UserId], [a0].[Id], [a0].[Content], [a0].[CreatedAt], [a0].[ErrorMessage], [a0].[IsError], [a0].[LatencyMs], [a0].[Role], [a0].[SessionId], [a0].[TokensUsed]
FROM [AiSessions] AS [a]
LEFT JOIN [AiMessages] AS [a0] ON [a].[Id] = [a0].[SessionId]
WHERE [a].[UserId] = @__userId_0
ORDER BY [a].[StartedAt] DESC, [a].[Id]
2026-06-19 22:17:16.637 +03:00 [INF] CyberSphere.Application.Common.Behaviors.LoggingBehavior: Handled GetAiSessionsQuery in 6ms
2026-06-19 22:17:16.638 +03:00 [INF] Serilog.AspNetCore.RequestLoggingMiddleware: HTTP GET /api/ai/sessions responded 200 in 9.5255ms
2026-06-19 22:17:16.666 +03:00 [INF] Serilog.AspNetCore.RequestLoggingMiddleware: HTTP OPTIONS /api/ai/sessions responded 204 in 0.1248ms
2026-06-19 22:17:17.020 +03:00 [INF] Serilog.AspNetCore.RequestLoggingMiddleware: HTTP OPTIONS /api/ai/sessions responded 204 in 0.0602ms
2026-06-19 22:17:17.101 +03:00 [INF] CyberSphere.Application.Common.Behaviors.LoggingBehavior: Handling StartAiSessionCommand
2026-06-19 22:17:17.124 +03:00 [INF] Microsoft.EntityFrameworkCore.Database.Command: Executed DbCommand (1ms) [Parameters=[@__userId_0='?' (DbType = Guid)], CommandType='"Text"', CommandTimeout='30']
SELECT TOP(1) [u].[UserId], [u].[CreatedAt], [u].[LastActivityAt], [u].[TotalRequests], [u].[TotalSessions], [u].[TotalTokensUsed]
FROM [UserAiStats] AS [u]
WHERE [u].[UserId] = @__userId_0
2026-06-19 22:17:17.163 +03:00 [INF] Microsoft.EntityFrameworkCore.Database.Command: Executed DbCommand (5ms) [Parameters=[@p0='?' (DbType = Guid), @p1='?' (DbType = DateTime2), @p2='?' (DbType = DateTime2), @p3='?' (Size = 20), @p4='?' (Size = 100), @p5='?' (DbType = Guid), @p6='?' (DbType = Guid), @p7='?' (DbType = DateTime2), @p8='?' (DbType = DateTime2), @p9='?' (DbType = Int32)], CommandType='"Text"', CommandTimeout='30']
SET NOCOUNT ON;
INSERT INTO [AiSessions] ([Id], [EndedAt], [StartedAt], [Status], [Title], [UserId])
VALUES (@p0, @p1, @p2, @p3, @p4, @p5);
INSERT INTO [UserAiStats] ([UserId], [CreatedAt], [LastActivityAt], [TotalSessions])
OUTPUT INSERTED.[TotalRequests], INSERTED.[TotalTokensUsed]
VALUES (@p6, @p7, @p8, @p9);
2026-06-19 22:17:17.177 +03:00 [INF] CyberSphere.Application.Common.Behaviors.LoggingBehavior: Handled StartAiSessionCommand in 72ms
2026-06-19 22:17:17.200 +03:00 [INF] Serilog.AspNetCore.RequestLoggingMiddleware: HTTP POST /api/ai/sessions responded 201 in 116.4192ms
2026-06-19 22:17:17.398 +03:00 [INF] CyberSphere.Application.Common.Behaviors.LoggingBehavior: Handling StartAiSessionCommand
2026-06-19 22:17:17.402 +03:00 [INF] Microsoft.EntityFrameworkCore.Database.Command: Executed DbCommand (1ms) [Parameters=[@__userId_0='?' (DbType = Guid)], CommandType='"Text"', CommandTimeout='30']
SELECT TOP(1) [u].[UserId], [u].[CreatedAt], [u].[LastActivityAt], [u].[TotalRequests], [u].[TotalSessions], [u].[TotalTokensUsed]
FROM [UserAiStats] AS [u]
WHERE [u].[UserId] = @__userId_0
2026-06-19 22:17:17.410 +03:00 [INF] Microsoft.EntityFrameworkCore.Database.Command: Executed DbCommand (2ms) [Parameters=[@p0='?' (DbType = Guid), @p1='?' (DbType = DateTime2), @p2='?' (DbType = DateTime2), @p3='?' (Size = 20), @p4='?' (Size = 100), @p5='?' (DbType = Guid), @p7='?' (DbType = Guid), @p6='?' (DbType = Int32)], CommandType='"Text"', CommandTimeout='30']
SET NOCOUNT ON;
INSERT INTO [AiSessions] ([Id], [EndedAt], [StartedAt], [Status], [Title], [UserId])
VALUES (@p0, @p1, @p2, @p3, @p4, @p5);
UPDATE [UserAiStats] SET [TotalSessions] = @p6
OUTPUT 1
WHERE [UserId] = @p7;
2026-06-19 22:17:17.415 +03:00 [INF] CyberSphere.Application.Common.Behaviors.LoggingBehavior: Handled StartAiSessionCommand in 14ms
2026-06-19 22:17:17.416 +03:00 [INF] Serilog.AspNetCore.RequestLoggingMiddleware: HTTP POST /api/ai/sessions responded 201 in 18.7865ms
2026-06-19 22:17:17.583 +03:00 [INF] CyberSphere.Application.Common.Behaviors.LoggingBehavior: Handling GetAiSessionsQuery
2026-06-19 22:17:17.590 +03:00 [INF] Microsoft.EntityFrameworkCore.Database.Command: Executed DbCommand (2ms) [Parameters=[@__userId_0='?' (DbType = Guid)], CommandType='"Text"', CommandTimeout='30']
SELECT [a].[Id], [a].[EndedAt], [a].[StartedAt], [a].[Status], [a].[Title], [a].[UserId], [a0].[Id], [a0].[Content], [a0].[CreatedAt], [a0].[ErrorMessage], [a0].[IsError], [a0].[LatencyMs], [a0].[Role], [a0].[SessionId], [a0].[TokensUsed]
FROM [AiSessions] AS [a]
LEFT JOIN [AiMessages] AS [a0] ON [a].[Id] = [a0].[SessionId]
WHERE [a].[UserId] = @__userId_0
ORDER BY [a].[StartedAt] DESC, [a].[Id]
2026-06-19 22:17:17.591 +03:00 [INF] CyberSphere.Application.Common.Behaviors.LoggingBehavior: Handling GetUserAiStatsQuery
2026-06-19 22:17:17.605 +03:00 [INF] CyberSphere.Application.Common.Behaviors.LoggingBehavior: Handled GetAiSessionsQuery in 20ms
2026-06-19 22:17:17.606 +03:00 [INF] Microsoft.EntityFrameworkCore.Database.Command: Executed DbCommand (2ms) [Parameters=[@__userId_0='?' (DbType = Guid)], CommandType='"Text"', CommandTimeout='30']
SELECT TOP(1) [u].[UserId], [u].[CreatedAt], [u].[LastActivityAt], [u].[TotalRequests], [u].[TotalSessions], [u].[TotalTokensUsed]
FROM [UserAiStats] AS [u]
WHERE [u].[UserId] = @__userId_0
2026-06-19 22:17:17.608 +03:00 [INF] Serilog.AspNetCore.RequestLoggingMiddleware: HTTP GET /api/ai/sessions responded 200 in 26.4575ms
2026-06-19 22:17:17.617 +03:00 [INF] CyberSphere.Application.Common.Behaviors.LoggingBehavior: Handled GetUserAiStatsQuery in 23ms
2026-06-19 22:17:17.619 +03:00 [INF] Serilog.AspNetCore.RequestLoggingMiddleware: HTTP GET /api/ai/stats responded 200 in 28.8821ms
2026-06-19 22:17:17.803 +03:00 [INF] CyberSphere.Application.Common.Behaviors.LoggingBehavior: Handling GetAiSessionsQuery
2026-06-19 22:17:17.808 +03:00 [INF] Microsoft.EntityFrameworkCore.Database.Command: Executed DbCommand (1ms) [Parameters=[@__userId_0='?' (DbType = Guid)], CommandType='"Text"', CommandTimeout='30']
SELECT [a].[Id], [a].[EndedAt], [a].[StartedAt], [a].[Status], [a].[Title], [a].[UserId], [a0].[Id], [a0].[Content], [a0].[CreatedAt], [a0].[ErrorMessage], [a0].[IsError], [a0].[LatencyMs], [a0].[Role], [a0].[SessionId], [a0].[TokensUsed]
FROM [AiSessions] AS [a]
LEFT JOIN [AiMessages] AS [a0] ON [a].[Id] = [a0].[SessionId]
WHERE [a].[UserId] = @__userId_0
ORDER BY [a].[StartedAt] DESC, [a].[Id]
2026-06-19 22:17:17.811 +03:00 [INF] CyberSphere.Application.Common.Behaviors.LoggingBehavior: Handled GetAiSessionsQuery in 5ms
2026-06-19 22:17:17.812 +03:00 [INF] Serilog.AspNetCore.RequestLoggingMiddleware: HTTP GET /api/ai/sessions responded 200 in 8.9956ms
2026-06-19 22:17:18.013 +03:00 [INF] CyberSphere.Application.Common.Behaviors.LoggingBehavior: Handling GetUserAiStatsQuery
2026-06-19 22:17:18.018 +03:00 [INF] Microsoft.EntityFrameworkCore.Database.Command: Executed DbCommand (1ms) [Parameters=[@__userId_0='?' (DbType = Guid)], CommandType='"Text"', CommandTimeout='30']
SELECT TOP(1) [u].[UserId], [u].[CreatedAt], [u].[LastActivityAt], [u].[TotalRequests], [u].[TotalSessions], [u].[TotalTokensUsed]
FROM [UserAiStats] AS [u]
WHERE [u].[UserId] = @__userId_0
2026-06-19 22:17:18.021 +03:00 [INF] CyberSphere.Application.Common.Behaviors.LoggingBehavior: Handled GetUserAiStatsQuery in 5ms
2026-06-19 22:17:18.022 +03:00 [INF] Serilog.AspNetCore.RequestLoggingMiddleware: HTTP GET /api/ai/stats responded 200 in 10.7578ms
2026-06-19 22:18:41.316 +03:00 [INF] Serilog.AspNetCore.RequestLoggingMiddleware: HTTP OPTIONS /api/marketplace/categories responded 204 in 0.1051ms
2026-06-19 22:18:41.319 +03:00 [INF] Serilog.AspNetCore.RequestLoggingMiddleware: HTTP OPTIONS /api/marketplace/categories responded 204 in 0.1867ms
2026-06-19 22:18:41.535 +03:00 [INF] CyberSphere.Application.Common.Behaviors.LoggingBehavior: Handling GetCategoriesQuery
2026-06-19 22:18:41.559 +03:00 [INF] Microsoft.EntityFrameworkCore.Database.Command: Executed DbCommand (6ms) [Parameters=[], CommandType='"Text"', CommandTimeout='30']
SELECT [c].[Id], [c].[Description], [c].[Name], [c].[Slug], [t].[Id], [t].[AverageRating], [t].[CategoryId], [t].[CreatedAt], [t].[Description], [t].[DifficultyLevel], [t].[GitHubUrl], [t].[Name], [t].[OwnerId], [t].[RatingCount], [t].[Status], [t].[Tags], [t].[UsageCount]
FROM [Categories] AS [c]
LEFT JOIN [Tools] AS [t] ON [c].[Id] = [t].[CategoryId]
ORDER BY [c].[Name], [c].[Id]
2026-06-19 22:18:41.572 +03:00 [INF] CyberSphere.Application.Common.Behaviors.LoggingBehavior: Handled GetCategoriesQuery in 34ms
2026-06-19 22:18:41.577 +03:00 [INF] Serilog.AspNetCore.RequestLoggingMiddleware: HTTP GET /api/marketplace/categories responded 200 in 47.8842ms
2026-06-19 22:18:41.802 +03:00 [INF] CyberSphere.Application.Common.Behaviors.LoggingBehavior: Handling GetCategoriesQuery
2026-06-19 22:18:41.806 +03:00 [INF] Microsoft.EntityFrameworkCore.Database.Command: Executed DbCommand (1ms) [Parameters=[], CommandType='"Text"', CommandTimeout='30']
SELECT [c].[Id], [c].[Description], [c].[Name], [c].[Slug], [t].[Id], [t].[AverageRating], [t].[CategoryId], [t].[CreatedAt], [t].[Description], [t].[DifficultyLevel], [t].[GitHubUrl], [t].[Name], [t].[OwnerId], [t].[RatingCount], [t].[Status], [t].[Tags], [t].[UsageCount]
FROM [Categories] AS [c]
LEFT JOIN [Tools] AS [t] ON [c].[Id] = [t].[CategoryId]
ORDER BY [c].[Name], [c].[Id]
2026-06-19 22:18:41.809 +03:00 [INF] CyberSphere.Application.Common.Behaviors.LoggingBehavior: Handled GetCategoriesQuery in 5ms
2026-06-19 22:18:41.810 +03:00 [INF] Serilog.AspNetCore.RequestLoggingMiddleware: HTTP GET /api/marketplace/categories responded 200 in 9.5529ms
2026-06-19 22:19:01.819 +03:00 [INF] Serilog.AspNetCore.RequestLoggingMiddleware: HTTP OPTIONS /api/marketplace/categories responded 204 in 0.2948ms
2026-06-19 22:19:01.819 +03:00 [INF] Serilog.AspNetCore.RequestLoggingMiddleware: HTTP OPTIONS /api/marketplace/tools responded 204 in 0.0579ms
2026-06-19 22:19:01.837 +03:00 [INF] Serilog.AspNetCore.RequestLoggingMiddleware: HTTP OPTIONS /api/marketplace/categories responded 204 in 0.0517ms
2026-06-19 22:19:01.884 +03:00 [INF] Serilog.AspNetCore.RequestLoggingMiddleware: HTTP OPTIONS /api/marketplace/tools responded 204 in 0.0476ms
2026-06-19 22:19:01.987 +03:00 [INF] CyberSphere.Application.Common.Behaviors.LoggingBehavior: Handling GetCategoriesQuery
2026-06-19 22:19:01.993 +03:00 [INF] Microsoft.EntityFrameworkCore.Database.Command: Executed DbCommand (2ms) [Parameters=[], CommandType='"Text"', CommandTimeout='30']
SELECT [c].[Id], [c].[Description], [c].[Name], [c].[Slug], [t].[Id], [t].[AverageRating], [t].[CategoryId], [t].[CreatedAt], [t].[Description], [t].[DifficultyLevel], [t].[GitHubUrl], [t].[Name], [t].[OwnerId], [t].[RatingCount], [t].[Status], [t].[Tags], [t].[UsageCount]
FROM [Categories] AS [c]
LEFT JOIN [Tools] AS [t] ON [c].[Id] = [t].[CategoryId]
ORDER BY [c].[Name], [c].[Id]
2026-06-19 22:19:01.996 +03:00 [INF] CyberSphere.Application.Common.Behaviors.LoggingBehavior: Handled GetCategoriesQuery in 7ms
2026-06-19 22:19:01.998 +03:00 [INF] Serilog.AspNetCore.RequestLoggingMiddleware: HTTP GET /api/marketplace/categories responded 200 in 11.5201ms
2026-06-19 22:19:02.037 +03:00 [INF] CyberSphere.Application.Common.Behaviors.LoggingBehavior: Handling GetToolsQuery
2026-06-19 22:19:02.083 +03:00 [INF] Microsoft.EntityFrameworkCore.Database.Command: Executed DbCommand (4ms) [Parameters=[], CommandType='"Text"', CommandTimeout='30']
SELECT COUNT(*)
FROM [Tools] AS [t]
WHERE [t].[Status] = N'Approved'
2026-06-19 22:19:02.119 +03:00 [INF] Microsoft.EntityFrameworkCore.Database.Command: Executed DbCommand (7ms) [Parameters=[@__p_0='?' (DbType = Int32), @__p_1='?' (DbType = Int32)], CommandType='"Text"', CommandTimeout='30']
SELECT [t0].[Id], [t0].[AverageRating], [t0].[CategoryId], [t0].[CreatedAt], [t0].[Description], [t0].[DifficultyLevel], [t0].[GitHubUrl], [t0].[Name], [t0].[OwnerId], [t0].[RatingCount], [t0].[Status], [t0].[Tags], [t0].[UsageCount], [u].[Id], [u].[Bio], [u].[CreatedAt], [u].[Email], [u].[GitHubUrl], [u].[PasswordHash], [u].[PasswordResetToken], [u].[PasswordResetTokenExpiry], [u].[ProfilePictureUrl], [u].[RefreshToken], [u].[RefreshTokenExpiry], [u].[Role], [u].[TotalToolsUploaded], [u].[UserName], [c].[Id], [c].[Description], [c].[Name], [c].[Slug]
FROM (
    SELECT [t].[Id], [t].[AverageRating], [t].[CategoryId], [t].[CreatedAt], [t].[Description], [t].[DifficultyLevel], [t].[GitHubUrl], [t].[Name], [t].[OwnerId], [t].[RatingCount], [t].[Status], [t].[Tags], [t].[UsageCount]
    FROM [Tools] AS [t]
    WHERE [t].[Status] = N'Approved'
    ORDER BY [t].[CreatedAt] DESC
    OFFSET @__p_0 ROWS FETCH NEXT @__p_1 ROWS ONLY
) AS [t0]
INNER JOIN [Users] AS [u] ON [t0].[OwnerId] = [u].[Id]
INNER JOIN [Categories] AS [c] ON [t0].[CategoryId] = [c].[Id]
ORDER BY [t0].[CreatedAt] DESC
2026-06-19 22:19:02.125 +03:00 [INF] CyberSphere.Application.Common.Behaviors.LoggingBehavior: Handled GetToolsQuery in 86ms
2026-06-19 22:19:02.141 +03:00 [INF] Serilog.AspNetCore.RequestLoggingMiddleware: HTTP GET /api/marketplace/tools responded 200 in 124.3675ms
2026-06-19 22:19:02.162 +03:00 [INF] CyberSphere.Application.Common.Behaviors.LoggingBehavior: Handling GetCategoriesQuery
2026-06-19 22:19:02.171 +03:00 [INF] Microsoft.EntityFrameworkCore.Database.Command: Executed DbCommand (4ms) [Parameters=[], CommandType='"Text"', CommandTimeout='30']
SELECT [c].[Id], [c].[Description], [c].[Name], [c].[Slug], [t].[Id], [t].[AverageRating], [t].[CategoryId], [t].[CreatedAt], [t].[Description], [t].[DifficultyLevel], [t].[GitHubUrl], [t].[Name], [t].[OwnerId], [t].[RatingCount], [t].[Status], [t].[Tags], [t].[UsageCount]
FROM [Categories] AS [c]
LEFT JOIN [Tools] AS [t] ON [c].[Id] = [t].[CategoryId]
ORDER BY [c].[Name], [c].[Id]
2026-06-19 22:19:02.175 +03:00 [INF] CyberSphere.Application.Common.Behaviors.LoggingBehavior: Handled GetCategoriesQuery in 9ms
2026-06-19 22:19:02.176 +03:00 [INF] Serilog.AspNetCore.RequestLoggingMiddleware: HTTP GET /api/marketplace/categories responded 200 in 15.0259ms
2026-06-19 22:19:02.307 +03:00 [INF] CyberSphere.Application.Common.Behaviors.LoggingBehavior: Handling GetToolsQuery
2026-06-19 22:19:02.315 +03:00 [INF] Microsoft.EntityFrameworkCore.Database.Command: Executed DbCommand (3ms) [Parameters=[], CommandType='"Text"', CommandTimeout='30']
SELECT COUNT(*)
FROM [Tools] AS [t]
WHERE [t].[Status] = N'Approved'
2026-06-19 22:19:02.326 +03:00 [INF] Microsoft.EntityFrameworkCore.Database.Command: Executed DbCommand (4ms) [Parameters=[@__p_0='?' (DbType = Int32), @__p_1='?' (DbType = Int32)], CommandType='"Text"', CommandTimeout='30']
SELECT [t0].[Id], [t0].[AverageRating], [t0].[CategoryId], [t0].[CreatedAt], [t0].[Description], [t0].[DifficultyLevel], [t0].[GitHubUrl], [t0].[Name], [t0].[OwnerId], [t0].[RatingCount], [t0].[Status], [t0].[Tags], [t0].[UsageCount], [u].[Id], [u].[Bio], [u].[CreatedAt], [u].[Email], [u].[GitHubUrl], [u].[PasswordHash], [u].[PasswordResetToken], [u].[PasswordResetTokenExpiry], [u].[ProfilePictureUrl], [u].[RefreshToken], [u].[RefreshTokenExpiry], [u].[Role], [u].[TotalToolsUploaded], [u].[UserName], [c].[Id], [c].[Description], [c].[Name], [c].[Slug]
FROM (
    SELECT [t].[Id], [t].[AverageRating], [t].[CategoryId], [t].[CreatedAt], [t].[Description], [t].[DifficultyLevel], [t].[GitHubUrl], [t].[Name], [t].[OwnerId], [t].[RatingCount], [t].[Status], [t].[Tags], [t].[UsageCount]
    FROM [Tools] AS [t]
    WHERE [t].[Status] = N'Approved'
    ORDER BY [t].[CreatedAt] DESC
    OFFSET @__p_0 ROWS FETCH NEXT @__p_1 ROWS ONLY
) AS [t0]
INNER JOIN [Users] AS [u] ON [t0].[OwnerId] = [u].[Id]
INNER JOIN [Categories] AS [c] ON [t0].[CategoryId] = [c].[Id]
ORDER BY [t0].[CreatedAt] DESC
2026-06-19 22:19:02.335 +03:00 [INF] CyberSphere.Application.Common.Behaviors.LoggingBehavior: Handled GetToolsQuery in 24ms
2026-06-19 22:19:02.337 +03:00 [INF] Serilog.AspNetCore.RequestLoggingMiddleware: HTTP GET /api/marketplace/tools responded 200 in 33.0903ms
2026-06-19 22:29:14.536 +03:00 [INF] Serilog.AspNetCore.RequestLoggingMiddleware: HTTP OPTIONS /api/ai/sessions responded 204 in 0.1674ms
2026-06-19 22:29:14.539 +03:00 [INF] Serilog.AspNetCore.RequestLoggingMiddleware: HTTP OPTIONS /api/ai/stats responded 204 in 0.0430ms
2026-06-19 22:29:14.585 +03:00 [INF] Serilog.AspNetCore.RequestLoggingMiddleware: HTTP OPTIONS /api/ai/stats responded 204 in 0.1046ms
2026-06-19 22:29:14.589 +03:00 [INF] Serilog.AspNetCore.RequestLoggingMiddleware: HTTP OPTIONS /api/ai/sessions responded 204 in 0.0412ms
2026-06-19 22:29:14.717 +03:00 [INF] CyberSphere.Application.Common.Behaviors.LoggingBehavior: Handling GetUserAiStatsQuery
2026-06-19 22:29:14.717 +03:00 [INF] CyberSphere.Application.Common.Behaviors.LoggingBehavior: Handling GetAiSessionsQuery
2026-06-19 22:29:14.738 +03:00 [INF] Microsoft.EntityFrameworkCore.Database.Command: Executed DbCommand (4ms) [Parameters=[@__userId_0='?' (DbType = Guid)], CommandType='"Text"', CommandTimeout='30']
SELECT TOP(1) [u].[UserId], [u].[CreatedAt], [u].[LastActivityAt], [u].[TotalRequests], [u].[TotalSessions], [u].[TotalTokensUsed]
FROM [UserAiStats] AS [u]
WHERE [u].[UserId] = @__userId_0
2026-06-19 22:29:14.744 +03:00 [INF] CyberSphere.Application.Common.Behaviors.LoggingBehavior: Handled GetUserAiStatsQuery in 24ms
2026-06-19 22:29:14.746 +03:00 [INF] Microsoft.EntityFrameworkCore.Database.Command: Executed DbCommand (6ms) [Parameters=[@__userId_0='?' (DbType = Guid)], CommandType='"Text"', CommandTimeout='30']
SELECT [a].[Id], [a].[EndedAt], [a].[StartedAt], [a].[Status], [a].[Title], [a].[UserId], [a0].[Id], [a0].[Content], [a0].[CreatedAt], [a0].[ErrorMessage], [a0].[IsError], [a0].[LatencyMs], [a0].[Role], [a0].[SessionId], [a0].[TokensUsed]
FROM [AiSessions] AS [a]
LEFT JOIN [AiMessages] AS [a0] ON [a].[Id] = [a0].[SessionId]
WHERE [a].[UserId] = @__userId_0
ORDER BY [a].[StartedAt] DESC, [a].[Id]
2026-06-19 22:29:14.747 +03:00 [INF] Serilog.AspNetCore.RequestLoggingMiddleware: HTTP GET /api/ai/stats responded 200 in 31.8059ms
2026-06-19 22:29:14.757 +03:00 [INF] CyberSphere.Application.Common.Behaviors.LoggingBehavior: Handled GetAiSessionsQuery in 36ms
2026-06-19 22:29:14.759 +03:00 [INF] Serilog.AspNetCore.RequestLoggingMiddleware: HTTP GET /api/ai/sessions responded 200 in 43.7168ms
2026-06-19 22:29:14.899 +03:00 [INF] CyberSphere.Application.Common.Behaviors.LoggingBehavior: Handling GetUserAiStatsQuery
2026-06-19 22:29:14.903 +03:00 [INF] Microsoft.EntityFrameworkCore.Database.Command: Executed DbCommand (1ms) [Parameters=[@__userId_0='?' (DbType = Guid)], CommandType='"Text"', CommandTimeout='30']
SELECT TOP(1) [u].[UserId], [u].[CreatedAt], [u].[LastActivityAt], [u].[TotalRequests], [u].[TotalSessions], [u].[TotalTokensUsed]
FROM [UserAiStats] AS [u]
WHERE [u].[UserId] = @__userId_0
2026-06-19 22:29:14.905 +03:00 [INF] CyberSphere.Application.Common.Behaviors.LoggingBehavior: Handled GetUserAiStatsQuery in 4ms
2026-06-19 22:29:14.906 +03:00 [INF] Serilog.AspNetCore.RequestLoggingMiddleware: HTTP GET /api/ai/stats responded 200 in 7.6227ms
2026-06-19 22:29:14.915 +03:00 [INF] CyberSphere.Application.Common.Behaviors.LoggingBehavior: Handling GetAiSessionsQuery
2026-06-19 22:29:14.919 +03:00 [INF] Microsoft.EntityFrameworkCore.Database.Command: Executed DbCommand (1ms) [Parameters=[@__userId_0='?' (DbType = Guid)], CommandType='"Text"', CommandTimeout='30']
SELECT [a].[Id], [a].[EndedAt], [a].[StartedAt], [a].[Status], [a].[Title], [a].[UserId], [a0].[Id], [a0].[Content], [a0].[CreatedAt], [a0].[ErrorMessage], [a0].[IsError], [a0].[LatencyMs], [a0].[Role], [a0].[SessionId], [a0].[TokensUsed]
FROM [AiSessions] AS [a]
LEFT JOIN [AiMessages] AS [a0] ON [a].[Id] = [a0].[SessionId]
WHERE [a].[UserId] = @__userId_0
ORDER BY [a].[StartedAt] DESC, [a].[Id]
2026-06-19 22:29:14.922 +03:00 [INF] CyberSphere.Application.Common.Behaviors.LoggingBehavior: Handled GetAiSessionsQuery in 5ms
2026-06-19 22:29:14.923 +03:00 [INF] Serilog.AspNetCore.RequestLoggingMiddleware: HTTP GET /api/ai/sessions responded 200 in 8.6445ms
2026-06-19 22:29:15.072 +03:00 [INF] Serilog.AspNetCore.RequestLoggingMiddleware: HTTP OPTIONS /api/ai/sessions/dd4a22d9-644f-49ea-9a65-56e895ab3dad responded 204 in 0.0357ms
2026-06-19 22:29:15.080 +03:00 [INF] Serilog.AspNetCore.RequestLoggingMiddleware: HTTP OPTIONS /api/ai/sessions/dd4a22d9-644f-49ea-9a65-56e895ab3dad responded 204 in 0.0736ms
2026-06-19 22:29:15.231 +03:00 [INF] CyberSphere.Application.Common.Behaviors.LoggingBehavior: Handling GetAiSessionHistoryQuery
2026-06-19 22:29:15.245 +03:00 [INF] Microsoft.EntityFrameworkCore.Database.Command: Executed DbCommand (3ms) [Parameters=[@__id_0='?' (DbType = Guid)], CommandType='"Text"', CommandTimeout='30']
SELECT [t].[Id], [t].[EndedAt], [t].[StartedAt], [t].[Status], [t].[Title], [t].[UserId], [a0].[Id], [a0].[Content], [a0].[CreatedAt], [a0].[ErrorMessage], [a0].[IsError], [a0].[LatencyMs], [a0].[Role], [a0].[SessionId], [a0].[TokensUsed]
FROM (
    SELECT TOP(1) [a].[Id], [a].[EndedAt], [a].[StartedAt], [a].[Status], [a].[Title], [a].[UserId]
    FROM [AiSessions] AS [a]
    WHERE [a].[Id] = @__id_0
) AS [t]
LEFT JOIN [AiMessages] AS [a0] ON [t].[Id] = [a0].[SessionId]
ORDER BY [t].[Id]
2026-06-19 22:29:15.249 +03:00 [INF] CyberSphere.Application.Common.Behaviors.LoggingBehavior: Handled GetAiSessionHistoryQuery in 15ms
2026-06-19 22:29:15.255 +03:00 [INF] Serilog.AspNetCore.RequestLoggingMiddleware: HTTP GET /api/ai/sessions/dd4a22d9-644f-49ea-9a65-56e895ab3dad responded 200 in 28.8179ms
2026-06-19 22:29:15.409 +03:00 [INF] CyberSphere.Application.Common.Behaviors.LoggingBehavior: Handling GetAiSessionHistoryQuery
2026-06-19 22:29:15.413 +03:00 [INF] Microsoft.EntityFrameworkCore.Database.Command: Executed DbCommand (1ms) [Parameters=[@__id_0='?' (DbType = Guid)], CommandType='"Text"', CommandTimeout='30']
SELECT [t].[Id], [t].[EndedAt], [t].[StartedAt], [t].[Status], [t].[Title], [t].[UserId], [a0].[Id], [a0].[Content], [a0].[CreatedAt], [a0].[ErrorMessage], [a0].[IsError], [a0].[LatencyMs], [a0].[Role], [a0].[SessionId], [a0].[TokensUsed]
FROM (
    SELECT TOP(1) [a].[Id], [a].[EndedAt], [a].[StartedAt], [a].[Status], [a].[Title], [a].[UserId]
    FROM [AiSessions] AS [a]
    WHERE [a].[Id] = @__id_0
) AS [t]
LEFT JOIN [AiMessages] AS [a0] ON [t].[Id] = [a0].[SessionId]
ORDER BY [t].[Id]
2026-06-19 22:29:15.417 +03:00 [INF] CyberSphere.Application.Common.Behaviors.LoggingBehavior: Handled GetAiSessionHistoryQuery in 6ms
2026-06-19 22:29:15.417 +03:00 [INF] Serilog.AspNetCore.RequestLoggingMiddleware: HTTP GET /api/ai/sessions/dd4a22d9-644f-49ea-9a65-56e895ab3dad responded 200 in 9.7714ms
2026-06-19 22:29:30.992 +03:00 [INF] Serilog.AspNetCore.RequestLoggingMiddleware: HTTP OPTIONS /api/ai/sessions/dd4a22d9-644f-49ea-9a65-56e895ab3dad/messages responded 204 in 0.1143ms
2026-06-19 22:29:31.163 +03:00 [INF] CyberSphere.Application.Common.Behaviors.LoggingBehavior: Handling SendAiMessageCommand
2026-06-19 22:29:31.367 +03:00 [INF] Microsoft.EntityFrameworkCore.Database.Command: Executed DbCommand (4ms) [Parameters=[@__id_0='?' (DbType = Guid)], CommandType='"Text"', CommandTimeout='30']
SELECT [t].[Id], [t].[EndedAt], [t].[StartedAt], [t].[Status], [t].[Title], [t].[UserId], [a0].[Id], [a0].[Content], [a0].[CreatedAt], [a0].[ErrorMessage], [a0].[IsError], [a0].[LatencyMs], [a0].[Role], [a0].[SessionId], [a0].[TokensUsed]
FROM (
    SELECT TOP(1) [a].[Id], [a].[EndedAt], [a].[StartedAt], [a].[Status], [a].[Title], [a].[UserId]
    FROM [AiSessions] AS [a]
    WHERE [a].[Id] = @__id_0
) AS [t]
LEFT JOIN [AiMessages] AS [a0] ON [t].[Id] = [a0].[SessionId]
ORDER BY [t].[Id]
2026-06-19 22:29:31.397 +03:00 [INF] CyberSphere.Application.Features.Ai.Commands.SendMessage.SendAiMessageCommandHandler: Forwarding AI request for session "dd4a22d9-644f-49ea-9a65-56e895ab3dad", user "efa7b1e8-505d-46f9-94ce-bea34f482ad0", message length 19
2026-06-19 22:29:37.317 +03:00 [INF] Microsoft.EntityFrameworkCore.Database.Command: Executed DbCommand (2ms) [Parameters=[@__userId_0='?' (DbType = Guid)], CommandType='"Text"', CommandTimeout='30']
SELECT TOP(1) [u].[UserId], [u].[CreatedAt], [u].[LastActivityAt], [u].[TotalRequests], [u].[TotalSessions], [u].[TotalTokensUsed]
FROM [UserAiStats] AS [u]
WHERE [u].[UserId] = @__userId_0
2026-06-19 22:29:37.340 +03:00 [INF] Microsoft.EntityFrameworkCore.Database.Command: Executed DbCommand (7ms) [Parameters=[@p0='?' (DbType = Guid), @p1='?' (Size = 4000), @p2='?' (DbType = DateTime2), @p3='?' (Size = 500), @p4='?' (DbType = Boolean), @p5='?' (DbType = Int32), @p6='?' (Size = 20), @p7='?' (DbType = Guid), @p8='?' (DbType = Int32), @p9='?' (DbType = Guid), @p10='?' (Size = 4000), @p11='?' (DbType = DateTime2), @p12='?' (Size = 500), @p13='?' (DbType = Boolean), @p14='?' (DbType = Int32), @p15='?' (Size = 20), @p16='?' (DbType = Guid), @p17='?' (DbType = Int32), @p23='?' (DbType = Guid), @p18='?' (DbType = DateTime2), @p19='?' (DbType = DateTime2), @p20='?' (DbType = Int32), @p21='?' (DbType = Int32), @p22='?' (DbType = Int32)], CommandType='"Text"', CommandTimeout='30']
SET NOCOUNT ON;
INSERT INTO [AiMessages] ([Id], [Content], [CreatedAt], [ErrorMessage], [IsError], [LatencyMs], [Role], [SessionId], [TokensUsed])
VALUES (@p0, @p1, @p2, @p3, @p4, @p5, @p6, @p7, @p8),
(@p9, @p10, @p11, @p12, @p13, @p14, @p15, @p16, @p17);
UPDATE [UserAiStats] SET [CreatedAt] = @p18, [LastActivityAt] = @p19, [TotalRequests] = @p20, [TotalSessions] = @p21, [TotalTokensUsed] = @p22
OUTPUT 1
WHERE [UserId] = @p23;
2026-06-19 22:29:37.352 +03:00 [INF] CyberSphere.Application.Features.Ai.Commands.SendMessage.SendAiMessageCommandHandler: AI response for session "dd4a22d9-644f-49ea-9a65-56e895ab3dad": success=true, tokens=751, latency=5906ms
2026-06-19 22:29:37.354 +03:00 [WRN] CyberSphere.Application.Common.Behaviors.LoggingBehavior: Slow request: SendAiMessageCommand took 6190ms
2026-06-19 22:29:37.358 +03:00 [INF] Serilog.AspNetCore.RequestLoggingMiddleware: HTTP POST /api/ai/sessions/dd4a22d9-644f-49ea-9a65-56e895ab3dad/messages responded 200 in 6209.7264ms
2026-06-19 22:29:37.534 +03:00 [INF] Serilog.AspNetCore.RequestLoggingMiddleware: HTTP OPTIONS /api/ai/sessions responded 204 in 0.0456ms
2026-06-19 22:29:37.535 +03:00 [INF] Serilog.AspNetCore.RequestLoggingMiddleware: HTTP OPTIONS /api/ai/stats responded 204 in 0.0330ms
2026-06-19 22:29:37.722 +03:00 [INF] CyberSphere.Application.Common.Behaviors.LoggingBehavior: Handling GetAiSessionsQuery
2026-06-19 22:29:37.724 +03:00 [INF] CyberSphere.Application.Common.Behaviors.LoggingBehavior: Handling GetUserAiStatsQuery
2026-06-19 22:29:37.729 +03:00 [INF] Microsoft.EntityFrameworkCore.Database.Command: Executed DbCommand (1ms) [Parameters=[@__userId_0='?' (DbType = Guid)], CommandType='"Text"', CommandTimeout='30']
SELECT TOP(1) [u].[UserId], [u].[CreatedAt], [u].[LastActivityAt], [u].[TotalRequests], [u].[TotalSessions], [u].[TotalTokensUsed]
FROM [UserAiStats] AS [u]
WHERE [u].[UserId] = @__userId_0
2026-06-19 22:29:37.729 +03:00 [INF] Microsoft.EntityFrameworkCore.Database.Command: Executed DbCommand (3ms) [Parameters=[@__userId_0='?' (DbType = Guid)], CommandType='"Text"', CommandTimeout='30']
SELECT [a].[Id], [a].[EndedAt], [a].[StartedAt], [a].[Status], [a].[Title], [a].[UserId], [a0].[Id], [a0].[Content], [a0].[CreatedAt], [a0].[ErrorMessage], [a0].[IsError], [a0].[LatencyMs], [a0].[Role], [a0].[SessionId], [a0].[TokensUsed]
FROM [AiSessions] AS [a]
LEFT JOIN [AiMessages] AS [a0] ON [a].[Id] = [a0].[SessionId]
WHERE [a].[UserId] = @__userId_0
ORDER BY [a].[StartedAt] DESC, [a].[Id]
2026-06-19 22:29:37.736 +03:00 [INF] CyberSphere.Application.Common.Behaviors.LoggingBehavior: Handled GetUserAiStatsQuery in 9ms
2026-06-19 22:29:37.741 +03:00 [INF] Serilog.AspNetCore.RequestLoggingMiddleware: HTTP GET /api/ai/stats responded 200 in 17.6458ms
2026-06-19 22:29:37.741 +03:00 [INF] CyberSphere.Application.Common.Behaviors.LoggingBehavior: Handled GetAiSessionsQuery in 17ms
2026-06-19 22:29:37.743 +03:00 [INF] Serilog.AspNetCore.RequestLoggingMiddleware: HTTP GET /api/ai/sessions responded 200 in 21.9188ms
2026-06-19 22:30:36.247 +03:00 [INF] Serilog.AspNetCore.RequestLoggingMiddleware: HTTP OPTIONS /api/ai/sessions responded 204 in 0.0810ms
2026-06-19 22:30:36.250 +03:00 [INF] Serilog.AspNetCore.RequestLoggingMiddleware: HTTP OPTIONS /api/ai/stats responded 204 in 0.0639ms
2026-06-19 22:30:36.264 +03:00 [INF] Serilog.AspNetCore.RequestLoggingMiddleware: HTTP OPTIONS /api/ai/sessions responded 204 in 0.0689ms
2026-06-19 22:30:36.314 +03:00 [INF] Serilog.AspNetCore.RequestLoggingMiddleware: HTTP OPTIONS /api/ai/stats responded 204 in 0.0320ms
2026-06-19 22:30:36.400 +03:00 [INF] CyberSphere.Application.Common.Behaviors.LoggingBehavior: Handling GetUserAiStatsQuery
2026-06-19 22:30:36.400 +03:00 [INF] CyberSphere.Application.Common.Behaviors.LoggingBehavior: Handling GetAiSessionsQuery
2026-06-19 22:30:36.405 +03:00 [INF] Microsoft.EntityFrameworkCore.Database.Command: Executed DbCommand (2ms) [Parameters=[@__userId_0='?' (DbType = Guid)], CommandType='"Text"', CommandTimeout='30']
SELECT TOP(1) [u].[UserId], [u].[CreatedAt], [u].[LastActivityAt], [u].[TotalRequests], [u].[TotalSessions], [u].[TotalTokensUsed]
FROM [UserAiStats] AS [u]
WHERE [u].[UserId] = @__userId_0
2026-06-19 22:30:36.410 +03:00 [INF] CyberSphere.Application.Common.Behaviors.LoggingBehavior: Handled GetUserAiStatsQuery in 7ms
2026-06-19 22:30:36.410 +03:00 [INF] Microsoft.EntityFrameworkCore.Database.Command: Executed DbCommand (5ms) [Parameters=[@__userId_0='?' (DbType = Guid)], CommandType='"Text"', CommandTimeout='30']
SELECT [a].[Id], [a].[EndedAt], [a].[StartedAt], [a].[Status], [a].[Title], [a].[UserId], [a0].[Id], [a0].[Content], [a0].[CreatedAt], [a0].[ErrorMessage], [a0].[IsError], [a0].[LatencyMs], [a0].[Role], [a0].[SessionId], [a0].[TokensUsed]
FROM [AiSessions] AS [a]
LEFT JOIN [AiMessages] AS [a0] ON [a].[Id] = [a0].[SessionId]
WHERE [a].[UserId] = @__userId_0
ORDER BY [a].[StartedAt] DESC, [a].[Id]
2026-06-19 22:30:36.412 +03:00 [INF] Serilog.AspNetCore.RequestLoggingMiddleware: HTTP GET /api/ai/stats responded 200 in 11.9037ms
2026-06-19 22:30:36.414 +03:00 [INF] CyberSphere.Application.Common.Behaviors.LoggingBehavior: Handled GetAiSessionsQuery in 10ms
2026-06-19 22:30:36.419 +03:00 [INF] Serilog.AspNetCore.RequestLoggingMiddleware: HTTP GET /api/ai/sessions responded 200 in 19.8676ms
2026-06-19 22:30:36.566 +03:00 [INF] CyberSphere.Application.Common.Behaviors.LoggingBehavior: Handling GetUserAiStatsQuery
2026-06-19 22:30:36.569 +03:00 [INF] Microsoft.EntityFrameworkCore.Database.Command: Executed DbCommand (1ms) [Parameters=[@__userId_0='?' (DbType = Guid)], CommandType='"Text"', CommandTimeout='30']
SELECT TOP(1) [u].[UserId], [u].[CreatedAt], [u].[LastActivityAt], [u].[TotalRequests], [u].[TotalSessions], [u].[TotalTokensUsed]
FROM [UserAiStats] AS [u]
WHERE [u].[UserId] = @__userId_0
2026-06-19 22:30:36.572 +03:00 [INF] CyberSphere.Application.Common.Behaviors.LoggingBehavior: Handling GetAiSessionsQuery
2026-06-19 22:30:36.572 +03:00 [INF] CyberSphere.Application.Common.Behaviors.LoggingBehavior: Handled GetUserAiStatsQuery in 4ms
2026-06-19 22:30:36.576 +03:00 [INF] Serilog.AspNetCore.RequestLoggingMiddleware: HTTP GET /api/ai/stats responded 200 in 10.1962ms
2026-06-19 22:30:36.582 +03:00 [INF] Microsoft.EntityFrameworkCore.Database.Command: Executed DbCommand (6ms) [Parameters=[@__userId_0='?' (DbType = Guid)], CommandType='"Text"', CommandTimeout='30']
SELECT [a].[Id], [a].[EndedAt], [a].[StartedAt], [a].[Status], [a].[Title], [a].[UserId], [a0].[Id], [a0].[Content], [a0].[CreatedAt], [a0].[ErrorMessage], [a0].[IsError], [a0].[LatencyMs], [a0].[Role], [a0].[SessionId], [a0].[TokensUsed]
FROM [AiSessions] AS [a]
LEFT JOIN [AiMessages] AS [a0] ON [a].[Id] = [a0].[SessionId]
WHERE [a].[UserId] = @__userId_0
ORDER BY [a].[StartedAt] DESC, [a].[Id]
2026-06-19 22:30:36.589 +03:00 [INF] Serilog.AspNetCore.RequestLoggingMiddleware: HTTP OPTIONS /api/ai/sessions/dd4a22d9-644f-49ea-9a65-56e895ab3dad responded 204 in 0.0990ms
2026-06-19 22:30:36.596 +03:00 [INF] CyberSphere.Application.Common.Behaviors.LoggingBehavior: Handled GetAiSessionsQuery in 23ms
2026-06-19 22:30:36.603 +03:00 [INF] Serilog.AspNetCore.RequestLoggingMiddleware: HTTP GET /api/ai/sessions responded 200 in 31.4203ms
2026-06-19 22:30:36.749 +03:00 [INF] CyberSphere.Application.Common.Behaviors.LoggingBehavior: Handling GetAiSessionHistoryQuery
2026-06-19 22:30:36.754 +03:00 [INF] Microsoft.EntityFrameworkCore.Database.Command: Executed DbCommand (2ms) [Parameters=[@__id_0='?' (DbType = Guid)], CommandType='"Text"', CommandTimeout='30']
SELECT [t].[Id], [t].[EndedAt], [t].[StartedAt], [t].[Status], [t].[Title], [t].[UserId], [a0].[Id], [a0].[Content], [a0].[CreatedAt], [a0].[ErrorMessage], [a0].[IsError], [a0].[LatencyMs], [a0].[Role], [a0].[SessionId], [a0].[TokensUsed]
FROM (
    SELECT TOP(1) [a].[Id], [a].[EndedAt], [a].[StartedAt], [a].[Status], [a].[Title], [a].[UserId]
    FROM [AiSessions] AS [a]
    WHERE [a].[Id] = @__id_0
) AS [t]
LEFT JOIN [AiMessages] AS [a0] ON [t].[Id] = [a0].[SessionId]
ORDER BY [t].[Id]
2026-06-19 22:30:36.759 +03:00 [INF] CyberSphere.Application.Common.Behaviors.LoggingBehavior: Handled GetAiSessionHistoryQuery in 8ms
2026-06-19 22:30:36.761 +03:00 [INF] Serilog.AspNetCore.RequestLoggingMiddleware: HTTP GET /api/ai/sessions/dd4a22d9-644f-49ea-9a65-56e895ab3dad responded 200 in 12.5154ms
2026-06-19 22:30:36.927 +03:00 [INF] CyberSphere.Application.Common.Behaviors.LoggingBehavior: Handling GetAiSessionHistoryQuery
2026-06-19 22:30:36.931 +03:00 [INF] Microsoft.EntityFrameworkCore.Database.Command: Executed DbCommand (1ms) [Parameters=[@__id_0='?' (DbType = Guid)], CommandType='"Text"', CommandTimeout='30']
SELECT [t].[Id], [t].[EndedAt], [t].[StartedAt], [t].[Status], [t].[Title], [t].[UserId], [a0].[Id], [a0].[Content], [a0].[CreatedAt], [a0].[ErrorMessage], [a0].[IsError], [a0].[LatencyMs], [a0].[Role], [a0].[SessionId], [a0].[TokensUsed]
FROM (
    SELECT TOP(1) [a].[Id], [a].[EndedAt], [a].[StartedAt], [a].[Status], [a].[Title], [a].[UserId]
    FROM [AiSessions] AS [a]
    WHERE [a].[Id] = @__id_0
) AS [t]
LEFT JOIN [AiMessages] AS [a0] ON [t].[Id] = [a0].[SessionId]
ORDER BY [t].[Id]
2026-06-19 22:30:36.934 +03:00 [INF] CyberSphere.Application.Common.Behaviors.LoggingBehavior: Handled GetAiSessionHistoryQuery in 4ms
2026-06-19 22:30:36.935 +03:00 [INF] Serilog.AspNetCore.RequestLoggingMiddleware: HTTP GET /api/ai/sessions/dd4a22d9-644f-49ea-9a65-56e895ab3dad responded 200 in 7.7416ms
2026-06-19 22:31:08.376 +03:00 [INF] Serilog.AspNetCore.RequestLoggingMiddleware: HTTP OPTIONS /api/ai/sessions/dd4a22d9-644f-49ea-9a65-56e895ab3dad/messages responded 204 in 0.1143ms
2026-06-19 22:31:08.532 +03:00 [INF] CyberSphere.Application.Common.Behaviors.LoggingBehavior: Handling SendAiMessageCommand
2026-06-19 22:31:08.540 +03:00 [INF] Microsoft.EntityFrameworkCore.Database.Command: Executed DbCommand (3ms) [Parameters=[@__id_0='?' (DbType = Guid)], CommandType='"Text"', CommandTimeout='30']
SELECT [t].[Id], [t].[EndedAt], [t].[StartedAt], [t].[Status], [t].[Title], [t].[UserId], [a0].[Id], [a0].[Content], [a0].[CreatedAt], [a0].[ErrorMessage], [a0].[IsError], [a0].[LatencyMs], [a0].[Role], [a0].[SessionId], [a0].[TokensUsed]
FROM (
    SELECT TOP(1) [a].[Id], [a].[EndedAt], [a].[StartedAt], [a].[Status], [a].[Title], [a].[UserId]
    FROM [AiSessions] AS [a]
    WHERE [a].[Id] = @__id_0
) AS [t]
LEFT JOIN [AiMessages] AS [a0] ON [t].[Id] = [a0].[SessionId]
ORDER BY [t].[Id]
2026-06-19 22:31:08.544 +03:00 [INF] CyberSphere.Application.Features.Ai.Commands.SendMessage.SendAiMessageCommandHandler: Forwarding AI request for session "dd4a22d9-644f-49ea-9a65-56e895ab3dad", user "efa7b1e8-505d-46f9-94ce-bea34f482ad0", message length 26
2026-06-19 22:31:12.678 +03:00 [INF] Microsoft.EntityFrameworkCore.Database.Command: Executed DbCommand (2ms) [Parameters=[@__userId_0='?' (DbType = Guid)], CommandType='"Text"', CommandTimeout='30']
SELECT TOP(1) [u].[UserId], [u].[CreatedAt], [u].[LastActivityAt], [u].[TotalRequests], [u].[TotalSessions], [u].[TotalTokensUsed]
FROM [UserAiStats] AS [u]
WHERE [u].[UserId] = @__userId_0
2026-06-19 22:31:12.692 +03:00 [INF] Microsoft.EntityFrameworkCore.Database.Command: Executed DbCommand (9ms) [Parameters=[@p0='?' (DbType = Guid), @p1='?' (Size = 4000), @p2='?' (DbType = DateTime2), @p3='?' (Size = 500), @p4='?' (DbType = Boolean), @p5='?' (DbType = Int32), @p6='?' (Size = 20), @p7='?' (DbType = Guid), @p8='?' (DbType = Int32), @p9='?' (DbType = Guid), @p10='?' (Size = 4000), @p11='?' (DbType = DateTime2), @p12='?' (Size = 500), @p13='?' (DbType = Boolean), @p14='?' (DbType = Int32), @p15='?' (Size = 20), @p16='?' (DbType = Guid), @p17='?' (DbType = Int32), @p23='?' (DbType = Guid), @p18='?' (DbType = DateTime2), @p19='?' (DbType = DateTime2), @p20='?' (DbType = Int32), @p21='?' (DbType = Int32), @p22='?' (DbType = Int32)], CommandType='"Text"', CommandTimeout='30']
SET NOCOUNT ON;
INSERT INTO [AiMessages] ([Id], [Content], [CreatedAt], [ErrorMessage], [IsError], [LatencyMs], [Role], [SessionId], [TokensUsed])
VALUES (@p0, @p1, @p2, @p3, @p4, @p5, @p6, @p7, @p8),
(@p9, @p10, @p11, @p12, @p13, @p14, @p15, @p16, @p17);
UPDATE [UserAiStats] SET [CreatedAt] = @p18, [LastActivityAt] = @p19, [TotalRequests] = @p20, [TotalSessions] = @p21, [TotalTokensUsed] = @p22
OUTPUT 1
WHERE [UserId] = @p23;
2026-06-19 22:31:12.697 +03:00 [INF] CyberSphere.Application.Features.Ai.Commands.SendMessage.SendAiMessageCommandHandler: AI response for session "dd4a22d9-644f-49ea-9a65-56e895ab3dad": success=true, tokens=433, latency=4130ms
2026-06-19 22:31:12.699 +03:00 [WRN] CyberSphere.Application.Common.Behaviors.LoggingBehavior: Slow request: SendAiMessageCommand took 4165ms
2026-06-19 22:31:12.701 +03:00 [INF] Serilog.AspNetCore.RequestLoggingMiddleware: HTTP POST /api/ai/sessions/dd4a22d9-644f-49ea-9a65-56e895ab3dad/messages responded 200 in 4171.3124ms
2026-06-19 22:31:12.867 +03:00 [INF] Serilog.AspNetCore.RequestLoggingMiddleware: HTTP OPTIONS /api/ai/sessions responded 204 in 0.0898ms
2026-06-19 22:31:12.870 +03:00 [INF] Serilog.AspNetCore.RequestLoggingMiddleware: HTTP OPTIONS /api/ai/stats responded 204 in 0.0734ms
2026-06-19 22:31:13.041 +03:00 [INF] Serilog.AspNetCore.RequestLoggingMiddleware: HTTP GET /api/ai/sessions responded 401 in 19.2429ms
2026-06-19 22:31:13.041 +03:00 [INF] Serilog.AspNetCore.RequestLoggingMiddleware: HTTP GET /api/ai/stats responded 401 in 16.4673ms
2026-06-19 22:31:13.200 +03:00 [INF] Serilog.AspNetCore.RequestLoggingMiddleware: HTTP OPTIONS /auth/refresh-token responded 204 in 0.0505ms
2026-06-19 22:31:13.366 +03:00 [INF] Serilog.AspNetCore.RequestLoggingMiddleware: HTTP POST /auth/refresh-token responded 404 in 0.1765ms
2026-06-19 22:31:46.383 +03:00 [INF] Serilog.AspNetCore.RequestLoggingMiddleware: HTTP OPTIONS /api/auth/login responded 204 in 0.0373ms
2026-06-19 22:31:46.540 +03:00 [INF] CyberSphere.Application.Common.Behaviors.LoggingBehavior: Handling LoginCommand
2026-06-19 22:31:46.545 +03:00 [INF] Microsoft.EntityFrameworkCore.Database.Command: Executed DbCommand (2ms) [Parameters=[@__ToLowerInvariant_0='?' (Size = 200)], CommandType='"Text"', CommandTimeout='30']
SELECT TOP(1) [u].[Id], [u].[Bio], [u].[CreatedAt], [u].[Email], [u].[GitHubUrl], [u].[PasswordHash], [u].[PasswordResetToken], [u].[PasswordResetTokenExpiry], [u].[ProfilePictureUrl], [u].[RefreshToken], [u].[RefreshTokenExpiry], [u].[Role], [u].[TotalToolsUploaded], [u].[UserName]
FROM [Users] AS [u]
WHERE [u].[Email] = @__ToLowerInvariant_0
2026-06-19 22:31:46.907 +03:00 [ERR] CyberSphere.Application.Common.Behaviors.LoggingBehavior: Request LoginCommand failed after 366ms
CyberSphere.Application.Exceptions.UnauthorizedException: Invalid email or password.
   at CyberSphere.Application.Features.Auth.Commands.Login.LoginCommandHandler.Handle(LoginCommand cmd, CancellationToken ct) in D:\Graduation Project\cyber_sphere\CyberSphere\CyberSphere.Application\Features\Auth\Commands\Login\LoginCommand .cs:line 66
   at CyberSphere.Application.Common.Behaviors.ValidationBehavior`2.Handle(TRequest request, RequestHandlerDelegate`1 next, CancellationToken ct) in D:\Graduation Project\cyber_sphere\CyberSphere\CyberSphere.Application\Common\Behaviors\ValidationBehavior.cs:line 54
   at CyberSphere.Application.Common.Behaviors.LoggingBehavior`2.Handle(TRequest request, RequestHandlerDelegate`1 next, CancellationToken ct) in D:\Graduation Project\cyber_sphere\CyberSphere\CyberSphere.Application\Common\Behaviors\LoggingBehavior.cs:line 39
2026-06-19 22:31:46.957 +03:00 [ERR] Serilog.AspNetCore.RequestLoggingMiddleware: HTTP POST /api/auth/login responded 500 in 421.5576ms
CyberSphere.Application.Exceptions.UnauthorizedException: Invalid email or password.
   at CyberSphere.Application.Features.Auth.Commands.Login.LoginCommandHandler.Handle(LoginCommand cmd, CancellationToken ct) in D:\Graduation Project\cyber_sphere\CyberSphere\CyberSphere.Application\Features\Auth\Commands\Login\LoginCommand .cs:line 66
   at CyberSphere.Application.Common.Behaviors.ValidationBehavior`2.Handle(TRequest request, RequestHandlerDelegate`1 next, CancellationToken ct) in D:\Graduation Project\cyber_sphere\CyberSphere\CyberSphere.Application\Common\Behaviors\ValidationBehavior.cs:line 54
   at CyberSphere.Application.Common.Behaviors.LoggingBehavior`2.Handle(TRequest request, RequestHandlerDelegate`1 next, CancellationToken ct) in D:\Graduation Project\cyber_sphere\CyberSphere\CyberSphere.Application\Common\Behaviors\LoggingBehavior.cs:line 39
   at CyberSphere.Api.Controllers.AuthController.Login(LoginRequest request, CancellationToken ct) in D:\Graduation Project\cyber_sphere\CyberSphere\CyberSphere.Api\Controllers\AuthController.cs:line 168
   at lambda_method207(Closure, Object)
   at Microsoft.AspNetCore.Mvc.Infrastructure.ActionMethodExecutor.AwaitableObjectResultExecutor.Execute(ActionContext actionContext, IActionResultTypeMapper mapper, ObjectMethodExecutor executor, Object controller, Object[] arguments)
   at Microsoft.AspNetCore.Mvc.Infrastructure.ControllerActionInvoker.<InvokeActionMethodAsync>g__Awaited|12_0(ControllerActionInvoker invoker, ValueTask`1 actionResultValueTask)
   at Microsoft.AspNetCore.Mvc.Infrastructure.ControllerActionInvoker.<InvokeNextActionFilterAsync>g__Awaited|10_0(ControllerActionInvoker invoker, Task lastTask, State next, Scope scope, Object state, Boolean isCompleted)
   at Microsoft.AspNetCore.Mvc.Infrastructure.ControllerActionInvoker.Rethrow(ActionExecutedContextSealed context)
   at Microsoft.AspNetCore.Mvc.Infrastructure.ControllerActionInvoker.Next(State& next, Scope& scope, Object& state, Boolean& isCompleted)
   at Microsoft.AspNetCore.Mvc.Infrastructure.ControllerActionInvoker.<InvokeInnerFilterAsync>g__Awaited|13_0(ControllerActionInvoker invoker, Task lastTask, State next, Scope scope, Object state, Boolean isCompleted)
   at Microsoft.AspNetCore.Mvc.Infrastructure.ResourceInvoker.<InvokeFilterPipelineAsync>g__Awaited|20_0(ResourceInvoker invoker, Task lastTask, State next, Scope scope, Object state, Boolean isCompleted)
   at Microsoft.AspNetCore.Mvc.Infrastructure.ResourceInvoker.<InvokeAsync>g__Awaited|17_0(ResourceInvoker invoker, Task task, IDisposable scope)
   at Microsoft.AspNetCore.Mvc.Infrastructure.ResourceInvoker.<InvokeAsync>g__Awaited|17_0(ResourceInvoker invoker, Task task, IDisposable scope)
   at Microsoft.AspNetCore.Authorization.AuthorizationMiddleware.Invoke(HttpContext context)
   at Microsoft.AspNetCore.Authentication.AuthenticationMiddleware.Invoke(HttpContext context)
   at Microsoft.AspNetCore.RateLimiting.RateLimitingMiddleware.InvokeInternal(HttpContext context, EnableRateLimitingAttribute enableRateLimitingAttribute)
   at Swashbuckle.AspNetCore.SwaggerUI.SwaggerUIMiddleware.Invoke(HttpContext httpContext)
   at Swashbuckle.AspNetCore.SwaggerUI.SwaggerUIMiddleware.Invoke(HttpContext httpContext)
   at Swashbuckle.AspNetCore.Swagger.SwaggerMiddleware.Invoke(HttpContext httpContext, ISwaggerProvider swaggerProvider)
   at Serilog.AspNetCore.RequestLoggingMiddleware.Invoke(HttpContext httpContext)
2026-06-19 22:31:47.033 +03:00 [WRN] CyberSphere.Api.Middleware.ErrorHandlingMiddleware: Client error 401: Invalid email or password.
2026-06-19 22:32:12.232 +03:00 [INF] Serilog.AspNetCore.RequestLoggingMiddleware: HTTP OPTIONS /api/auth/login responded 204 in 0.0307ms
2026-06-19 22:32:12.389 +03:00 [INF] CyberSphere.Application.Common.Behaviors.LoggingBehavior: Handling LoginCommand
2026-06-19 22:32:12.397 +03:00 [INF] Microsoft.EntityFrameworkCore.Database.Command: Executed DbCommand (2ms) [Parameters=[@__ToLowerInvariant_0='?' (Size = 200)], CommandType='"Text"', CommandTimeout='30']
SELECT TOP(1) [u].[Id], [u].[Bio], [u].[CreatedAt], [u].[Email], [u].[GitHubUrl], [u].[PasswordHash], [u].[PasswordResetToken], [u].[PasswordResetTokenExpiry], [u].[ProfilePictureUrl], [u].[RefreshToken], [u].[RefreshTokenExpiry], [u].[Role], [u].[TotalToolsUploaded], [u].[UserName]
FROM [Users] AS [u]
WHERE [u].[Email] = @__ToLowerInvariant_0
2026-06-19 22:32:12.718 +03:00 [ERR] CyberSphere.Application.Common.Behaviors.LoggingBehavior: Request LoginCommand failed after 324ms
CyberSphere.Application.Exceptions.UnauthorizedException: Invalid email or password.
   at CyberSphere.Application.Features.Auth.Commands.Login.LoginCommandHandler.Handle(LoginCommand cmd, CancellationToken ct) in D:\Graduation Project\cyber_sphere\CyberSphere\CyberSphere.Application\Features\Auth\Commands\Login\LoginCommand .cs:line 66
   at CyberSphere.Application.Common.Behaviors.ValidationBehavior`2.Handle(TRequest request, RequestHandlerDelegate`1 next, CancellationToken ct) in D:\Graduation Project\cyber_sphere\CyberSphere\CyberSphere.Application\Common\Behaviors\ValidationBehavior.cs:line 54
   at CyberSphere.Application.Common.Behaviors.LoggingBehavior`2.Handle(TRequest request, RequestHandlerDelegate`1 next, CancellationToken ct) in D:\Graduation Project\cyber_sphere\CyberSphere\CyberSphere.Application\Common\Behaviors\LoggingBehavior.cs:line 39
2026-06-19 22:32:12.765 +03:00 [ERR] Serilog.AspNetCore.RequestLoggingMiddleware: HTTP POST /api/auth/login responded 500 in 379.0852ms
CyberSphere.Application.Exceptions.UnauthorizedException: Invalid email or password.
   at CyberSphere.Application.Features.Auth.Commands.Login.LoginCommandHandler.Handle(LoginCommand cmd, CancellationToken ct) in D:\Graduation Project\cyber_sphere\CyberSphere\CyberSphere.Application\Features\Auth\Commands\Login\LoginCommand .cs:line 66
   at CyberSphere.Application.Common.Behaviors.ValidationBehavior`2.Handle(TRequest request, RequestHandlerDelegate`1 next, CancellationToken ct) in D:\Graduation Project\cyber_sphere\CyberSphere\CyberSphere.Application\Common\Behaviors\ValidationBehavior.cs:line 54
   at CyberSphere.Application.Common.Behaviors.LoggingBehavior`2.Handle(TRequest request, RequestHandlerDelegate`1 next, CancellationToken ct) in D:\Graduation Project\cyber_sphere\CyberSphere\CyberSphere.Application\Common\Behaviors\LoggingBehavior.cs:line 39
   at CyberSphere.Api.Controllers.AuthController.Login(LoginRequest request, CancellationToken ct) in D:\Graduation Project\cyber_sphere\CyberSphere\CyberSphere.Api\Controllers\AuthController.cs:line 168
   at lambda_method207(Closure, Object)
   at Microsoft.AspNetCore.Mvc.Infrastructure.ActionMethodExecutor.AwaitableObjectResultExecutor.Execute(ActionContext actionContext, IActionResultTypeMapper mapper, ObjectMethodExecutor executor, Object controller, Object[] arguments)
   at Microsoft.AspNetCore.Mvc.Infrastructure.ControllerActionInvoker.<InvokeActionMethodAsync>g__Awaited|12_0(ControllerActionInvoker invoker, ValueTask`1 actionResultValueTask)
   at Microsoft.AspNetCore.Mvc.Infrastructure.ControllerActionInvoker.<InvokeNextActionFilterAsync>g__Awaited|10_0(ControllerActionInvoker invoker, Task lastTask, State next, Scope scope, Object state, Boolean isCompleted)
   at Microsoft.AspNetCore.Mvc.Infrastructure.ControllerActionInvoker.Rethrow(ActionExecutedContextSealed context)
   at Microsoft.AspNetCore.Mvc.Infrastructure.ControllerActionInvoker.Next(State& next, Scope& scope, Object& state, Boolean& isCompleted)
   at Microsoft.AspNetCore.Mvc.Infrastructure.ControllerActionInvoker.<InvokeInnerFilterAsync>g__Awaited|13_0(ControllerActionInvoker invoker, Task lastTask, State next, Scope scope, Object state, Boolean isCompleted)
   at Microsoft.AspNetCore.Mvc.Infrastructure.ResourceInvoker.<InvokeFilterPipelineAsync>g__Awaited|20_0(ResourceInvoker invoker, Task lastTask, State next, Scope scope, Object state, Boolean isCompleted)
   at Microsoft.AspNetCore.Mvc.Infrastructure.ResourceInvoker.<InvokeAsync>g__Awaited|17_0(ResourceInvoker invoker, Task task, IDisposable scope)
   at Microsoft.AspNetCore.Mvc.Infrastructure.ResourceInvoker.<InvokeAsync>g__Awaited|17_0(ResourceInvoker invoker, Task task, IDisposable scope)
   at Microsoft.AspNetCore.Authorization.AuthorizationMiddleware.Invoke(HttpContext context)
   at Microsoft.AspNetCore.Authentication.AuthenticationMiddleware.Invoke(HttpContext context)
   at Microsoft.AspNetCore.RateLimiting.RateLimitingMiddleware.InvokeInternal(HttpContext context, EnableRateLimitingAttribute enableRateLimitingAttribute)
   at Swashbuckle.AspNetCore.SwaggerUI.SwaggerUIMiddleware.Invoke(HttpContext httpContext)
   at Swashbuckle.AspNetCore.SwaggerUI.SwaggerUIMiddleware.Invoke(HttpContext httpContext)
   at Swashbuckle.AspNetCore.Swagger.SwaggerMiddleware.Invoke(HttpContext httpContext, ISwaggerProvider swaggerProvider)
   at Serilog.AspNetCore.RequestLoggingMiddleware.Invoke(HttpContext httpContext)
2026-06-19 22:32:12.832 +03:00 [WRN] CyberSphere.Api.Middleware.ErrorHandlingMiddleware: Client error 401: Invalid email or password.
2026-06-19 22:33:32.544 +03:00 [INF] Serilog.AspNetCore.RequestLoggingMiddleware: HTTP OPTIONS /api/auth/login responded 204 in 0.0271ms
2026-06-19 22:33:32.701 +03:00 [INF] CyberSphere.Application.Common.Behaviors.LoggingBehavior: Handling LoginCommand
2026-06-19 22:33:32.706 +03:00 [INF] Microsoft.EntityFrameworkCore.Database.Command: Executed DbCommand (2ms) [Parameters=[@__ToLowerInvariant_0='?' (Size = 200)], CommandType='"Text"', CommandTimeout='30']
SELECT TOP(1) [u].[Id], [u].[Bio], [u].[CreatedAt], [u].[Email], [u].[GitHubUrl], [u].[PasswordHash], [u].[PasswordResetToken], [u].[PasswordResetTokenExpiry], [u].[ProfilePictureUrl], [u].[RefreshToken], [u].[RefreshTokenExpiry], [u].[Role], [u].[TotalToolsUploaded], [u].[UserName]
FROM [Users] AS [u]
WHERE [u].[Email] = @__ToLowerInvariant_0
2026-06-19 22:33:32.975 +03:00 [INF] Microsoft.EntityFrameworkCore.Database.Command: Executed DbCommand (2ms) [Parameters=[@p2='?' (DbType = Guid), @p0='?' (Size = 500), @p1='?' (DbType = DateTime2)], CommandType='"Text"', CommandTimeout='30']
SET IMPLICIT_TRANSACTIONS OFF;
SET NOCOUNT ON;
UPDATE [Users] SET [RefreshToken] = @p0, [RefreshTokenExpiry] = @p1
OUTPUT 1
WHERE [Id] = @p2;
2026-06-19 22:33:32.979 +03:00 [INF] CyberSphere.Application.Common.Behaviors.LoggingBehavior: Handled LoginCommand in 276ms
2026-06-19 22:33:32.980 +03:00 [INF] Serilog.AspNetCore.RequestLoggingMiddleware: HTTP POST /api/auth/login responded 200 in 282.7826ms
2026-06-19 22:33:44.477 +03:00 [INF] Serilog.AspNetCore.RequestLoggingMiddleware: HTTP OPTIONS /api/ai/sessions responded 204 in 0.0277ms
2026-06-19 22:33:44.490 +03:00 [INF] Serilog.AspNetCore.RequestLoggingMiddleware: HTTP OPTIONS /api/ai/stats responded 204 in 0.0364ms
2026-06-19 22:33:44.492 +03:00 [INF] Serilog.AspNetCore.RequestLoggingMiddleware: HTTP OPTIONS /api/ai/sessions responded 204 in 0.0635ms
2026-06-19 22:33:44.540 +03:00 [INF] Serilog.AspNetCore.RequestLoggingMiddleware: HTTP OPTIONS /api/ai/stats responded 204 in 0.0344ms
2026-06-19 22:33:44.637 +03:00 [INF] CyberSphere.Application.Common.Behaviors.LoggingBehavior: Handling GetAiSessionsQuery
2026-06-19 22:33:44.643 +03:00 [INF] Microsoft.EntityFrameworkCore.Database.Command: Executed DbCommand (3ms) [Parameters=[@__userId_0='?' (DbType = Guid)], CommandType='"Text"', CommandTimeout='30']
SELECT [a].[Id], [a].[EndedAt], [a].[StartedAt], [a].[Status], [a].[Title], [a].[UserId], [a0].[Id], [a0].[Content], [a0].[CreatedAt], [a0].[ErrorMessage], [a0].[IsError], [a0].[LatencyMs], [a0].[Role], [a0].[SessionId], [a0].[TokensUsed]
FROM [AiSessions] AS [a]
LEFT JOIN [AiMessages] AS [a0] ON [a].[Id] = [a0].[SessionId]
WHERE [a].[UserId] = @__userId_0
ORDER BY [a].[StartedAt] DESC, [a].[Id]
2026-06-19 22:33:44.646 +03:00 [INF] CyberSphere.Application.Common.Behaviors.LoggingBehavior: Handled GetAiSessionsQuery in 7ms
2026-06-19 22:33:44.648 +03:00 [INF] Serilog.AspNetCore.RequestLoggingMiddleware: HTTP GET /api/ai/sessions responded 200 in 11.9056ms
2026-06-19 22:33:44.684 +03:00 [INF] CyberSphere.Application.Common.Behaviors.LoggingBehavior: Handling GetUserAiStatsQuery
2026-06-19 22:33:44.688 +03:00 [INF] Microsoft.EntityFrameworkCore.Database.Command: Executed DbCommand (1ms) [Parameters=[@__userId_0='?' (DbType = Guid)], CommandType='"Text"', CommandTimeout='30']
SELECT TOP(1) [u].[UserId], [u].[CreatedAt], [u].[LastActivityAt], [u].[TotalRequests], [u].[TotalSessions], [u].[TotalTokensUsed]
FROM [UserAiStats] AS [u]
WHERE [u].[UserId] = @__userId_0
2026-06-19 22:33:44.690 +03:00 [INF] CyberSphere.Application.Common.Behaviors.LoggingBehavior: Handled GetUserAiStatsQuery in 4ms
2026-06-19 22:33:44.691 +03:00 [INF] Serilog.AspNetCore.RequestLoggingMiddleware: HTTP GET /api/ai/stats responded 200 in 7.2895ms
2026-06-19 22:33:44.803 +03:00 [INF] CyberSphere.Application.Common.Behaviors.LoggingBehavior: Handling GetAiSessionsQuery
2026-06-19 22:33:44.806 +03:00 [INF] Microsoft.EntityFrameworkCore.Database.Command: Executed DbCommand (1ms) [Parameters=[@__userId_0='?' (DbType = Guid)], CommandType='"Text"', CommandTimeout='30']
SELECT [a].[Id], [a].[EndedAt], [a].[StartedAt], [a].[Status], [a].[Title], [a].[UserId], [a0].[Id], [a0].[Content], [a0].[CreatedAt], [a0].[ErrorMessage], [a0].[IsError], [a0].[LatencyMs], [a0].[Role], [a0].[SessionId], [a0].[TokensUsed]
FROM [AiSessions] AS [a]
LEFT JOIN [AiMessages] AS [a0] ON [a].[Id] = [a0].[SessionId]
WHERE [a].[UserId] = @__userId_0
ORDER BY [a].[StartedAt] DESC, [a].[Id]
2026-06-19 22:33:44.809 +03:00 [INF] CyberSphere.Application.Common.Behaviors.LoggingBehavior: Handled GetAiSessionsQuery in 4ms
2026-06-19 22:33:44.810 +03:00 [INF] Serilog.AspNetCore.RequestLoggingMiddleware: HTTP GET /api/ai/sessions responded 200 in 7.3149ms
2026-06-19 22:33:44.869 +03:00 [INF] CyberSphere.Application.Common.Behaviors.LoggingBehavior: Handling GetUserAiStatsQuery
2026-06-19 22:33:44.873 +03:00 [INF] Microsoft.EntityFrameworkCore.Database.Command: Executed DbCommand (1ms) [Parameters=[@__userId_0='?' (DbType = Guid)], CommandType='"Text"', CommandTimeout='30']
SELECT TOP(1) [u].[UserId], [u].[CreatedAt], [u].[LastActivityAt], [u].[TotalRequests], [u].[TotalSessions], [u].[TotalTokensUsed]
FROM [UserAiStats] AS [u]
WHERE [u].[UserId] = @__userId_0
2026-06-19 22:33:44.875 +03:00 [INF] CyberSphere.Application.Common.Behaviors.LoggingBehavior: Handled GetUserAiStatsQuery in 4ms
2026-06-19 22:33:44.876 +03:00 [INF] Serilog.AspNetCore.RequestLoggingMiddleware: HTTP GET /api/ai/stats responded 200 in 7.8750ms
2026-06-19 22:33:44.891 +03:00 [INF] Serilog.AspNetCore.RequestLoggingMiddleware: HTTP OPTIONS /api/ai/sessions/4c7343a8-a9bb-46aa-a3f4-c80fb3170fd1 responded 204 in 0.0322ms
2026-06-19 22:33:45.195 +03:00 [INF] Serilog.AspNetCore.RequestLoggingMiddleware: HTTP OPTIONS /api/ai/sessions/4c7343a8-a9bb-46aa-a3f4-c80fb3170fd1 responded 204 in 0.0263ms
2026-06-19 22:33:45.199 +03:00 [INF] CyberSphere.Application.Common.Behaviors.LoggingBehavior: Handling GetAiSessionHistoryQuery
2026-06-19 22:33:45.205 +03:00 [INF] Microsoft.EntityFrameworkCore.Database.Command: Executed DbCommand (2ms) [Parameters=[@__id_0='?' (DbType = Guid)], CommandType='"Text"', CommandTimeout='30']
SELECT [t].[Id], [t].[EndedAt], [t].[StartedAt], [t].[Status], [t].[Title], [t].[UserId], [a0].[Id], [a0].[Content], [a0].[CreatedAt], [a0].[ErrorMessage], [a0].[IsError], [a0].[LatencyMs], [a0].[Role], [a0].[SessionId], [a0].[TokensUsed]
FROM (
    SELECT TOP(1) [a].[Id], [a].[EndedAt], [a].[StartedAt], [a].[Status], [a].[Title], [a].[UserId]
    FROM [AiSessions] AS [a]
    WHERE [a].[Id] = @__id_0
) AS [t]
LEFT JOIN [AiMessages] AS [a0] ON [t].[Id] = [a0].[SessionId]
ORDER BY [t].[Id]
2026-06-19 22:33:45.207 +03:00 [INF] CyberSphere.Application.Common.Behaviors.LoggingBehavior: Handled GetAiSessionHistoryQuery in 5ms
2026-06-19 22:33:45.208 +03:00 [INF] Serilog.AspNetCore.RequestLoggingMiddleware: HTTP GET /api/ai/sessions/4c7343a8-a9bb-46aa-a3f4-c80fb3170fd1 responded 200 in 11.2645ms
2026-06-19 22:33:45.373 +03:00 [INF] CyberSphere.Application.Common.Behaviors.LoggingBehavior: Handling GetAiSessionHistoryQuery
2026-06-19 22:33:45.377 +03:00 [INF] Microsoft.EntityFrameworkCore.Database.Command: Executed DbCommand (1ms) [Parameters=[@__id_0='?' (DbType = Guid)], CommandType='"Text"', CommandTimeout='30']
SELECT [t].[Id], [t].[EndedAt], [t].[StartedAt], [t].[Status], [t].[Title], [t].[UserId], [a0].[Id], [a0].[Content], [a0].[CreatedAt], [a0].[ErrorMessage], [a0].[IsError], [a0].[LatencyMs], [a0].[Role], [a0].[SessionId], [a0].[TokensUsed]
FROM (
    SELECT TOP(1) [a].[Id], [a].[EndedAt], [a].[StartedAt], [a].[Status], [a].[Title], [a].[UserId]
    FROM [AiSessions] AS [a]
    WHERE [a].[Id] = @__id_0
) AS [t]
LEFT JOIN [AiMessages] AS [a0] ON [t].[Id] = [a0].[SessionId]
ORDER BY [t].[Id]
2026-06-19 22:33:45.379 +03:00 [INF] CyberSphere.Application.Common.Behaviors.LoggingBehavior: Handled GetAiSessionHistoryQuery in 5ms
2026-06-19 22:33:45.380 +03:00 [INF] Serilog.AspNetCore.RequestLoggingMiddleware: HTTP GET /api/ai/sessions/4c7343a8-a9bb-46aa-a3f4-c80fb3170fd1 responded 200 in 7.8956ms
2026-06-19 22:34:24.573 +03:00 [INF] Serilog.AspNetCore.RequestLoggingMiddleware: HTTP OPTIONS /api/ai/sessions/4c7343a8-a9bb-46aa-a3f4-c80fb3170fd1/messages responded 204 in 0.0413ms
2026-06-19 22:34:25.008 +03:00 [INF] CyberSphere.Application.Common.Behaviors.LoggingBehavior: Handling SendAiMessageCommand
2026-06-19 22:34:25.017 +03:00 [INF] Microsoft.EntityFrameworkCore.Database.Command: Executed DbCommand (4ms) [Parameters=[@__id_0='?' (DbType = Guid)], CommandType='"Text"', CommandTimeout='30']
SELECT [t].[Id], [t].[EndedAt], [t].[StartedAt], [t].[Status], [t].[Title], [t].[UserId], [a0].[Id], [a0].[Content], [a0].[CreatedAt], [a0].[ErrorMessage], [a0].[IsError], [a0].[LatencyMs], [a0].[Role], [a0].[SessionId], [a0].[TokensUsed]
FROM (
    SELECT TOP(1) [a].[Id], [a].[EndedAt], [a].[StartedAt], [a].[Status], [a].[Title], [a].[UserId]
    FROM [AiSessions] AS [a]
    WHERE [a].[Id] = @__id_0
) AS [t]
LEFT JOIN [AiMessages] AS [a0] ON [t].[Id] = [a0].[SessionId]
ORDER BY [t].[Id]
2026-06-19 22:34:25.023 +03:00 [INF] CyberSphere.Application.Features.Ai.Commands.SendMessage.SendAiMessageCommandHandler: Forwarding AI request for session "4c7343a8-a9bb-46aa-a3f4-c80fb3170fd1", user "9b8152a6-7e7c-4910-ae4d-f447f8154b42", message length 26
2026-06-19 22:34:28.845 +03:00 [INF] Microsoft.EntityFrameworkCore.Database.Command: Executed DbCommand (2ms) [Parameters=[@__userId_0='?' (DbType = Guid)], CommandType='"Text"', CommandTimeout='30']
SELECT TOP(1) [u].[UserId], [u].[CreatedAt], [u].[LastActivityAt], [u].[TotalRequests], [u].[TotalSessions], [u].[TotalTokensUsed]
FROM [UserAiStats] AS [u]
WHERE [u].[UserId] = @__userId_0
2026-06-19 22:34:28.853 +03:00 [INF] Microsoft.EntityFrameworkCore.Database.Command: Executed DbCommand (4ms) [Parameters=[@p0='?' (DbType = Guid), @p1='?' (Size = 4000), @p2='?' (DbType = DateTime2), @p3='?' (Size = 500), @p4='?' (DbType = Boolean), @p5='?' (DbType = Int32), @p6='?' (Size = 20), @p7='?' (DbType = Guid), @p8='?' (DbType = Int32), @p9='?' (DbType = Guid), @p10='?' (Size = 4000), @p11='?' (DbType = DateTime2), @p12='?' (Size = 500), @p13='?' (DbType = Boolean), @p14='?' (DbType = Int32), @p15='?' (Size = 20), @p16='?' (DbType = Guid), @p17='?' (DbType = Int32), @p23='?' (DbType = Guid), @p18='?' (DbType = DateTime2), @p19='?' (DbType = DateTime2), @p20='?' (DbType = Int32), @p21='?' (DbType = Int32), @p22='?' (DbType = Int32)], CommandType='"Text"', CommandTimeout='30']
SET NOCOUNT ON;
INSERT INTO [AiMessages] ([Id], [Content], [CreatedAt], [ErrorMessage], [IsError], [LatencyMs], [Role], [SessionId], [TokensUsed])
VALUES (@p0, @p1, @p2, @p3, @p4, @p5, @p6, @p7, @p8),
(@p9, @p10, @p11, @p12, @p13, @p14, @p15, @p16, @p17);
UPDATE [UserAiStats] SET [CreatedAt] = @p18, [LastActivityAt] = @p19, [TotalRequests] = @p20, [TotalSessions] = @p21, [TotalTokensUsed] = @p22
OUTPUT 1
WHERE [UserId] = @p23;
2026-06-19 22:34:28.858 +03:00 [INF] CyberSphere.Application.Features.Ai.Commands.SendMessage.SendAiMessageCommandHandler: AI response for session "4c7343a8-a9bb-46aa-a3f4-c80fb3170fd1": success=true, tokens=408, latency=3817ms
2026-06-19 22:34:28.863 +03:00 [WRN] CyberSphere.Application.Common.Behaviors.LoggingBehavior: Slow request: SendAiMessageCommand took 3852ms
2026-06-19 22:34:28.867 +03:00 [INF] Serilog.AspNetCore.RequestLoggingMiddleware: HTTP POST /api/ai/sessions/4c7343a8-a9bb-46aa-a3f4-c80fb3170fd1/messages responded 200 in 3862.2351ms
2026-06-19 22:34:29.039 +03:00 [INF] Serilog.AspNetCore.RequestLoggingMiddleware: HTTP OPTIONS /api/ai/sessions responded 204 in 0.0376ms
2026-06-19 22:34:29.040 +03:00 [INF] Serilog.AspNetCore.RequestLoggingMiddleware: HTTP OPTIONS /api/ai/stats responded 204 in 0.0231ms
2026-06-19 22:34:29.243 +03:00 [INF] CyberSphere.Application.Common.Behaviors.LoggingBehavior: Handling GetAiSessionsQuery
2026-06-19 22:34:29.251 +03:00 [INF] Microsoft.EntityFrameworkCore.Database.Command: Executed DbCommand (5ms) [Parameters=[@__userId_0='?' (DbType = Guid)], CommandType='"Text"', CommandTimeout='30']
SELECT [a].[Id], [a].[EndedAt], [a].[StartedAt], [a].[Status], [a].[Title], [a].[UserId], [a0].[Id], [a0].[Content], [a0].[CreatedAt], [a0].[ErrorMessage], [a0].[IsError], [a0].[LatencyMs], [a0].[Role], [a0].[SessionId], [a0].[TokensUsed]
FROM [AiSessions] AS [a]
LEFT JOIN [AiMessages] AS [a0] ON [a].[Id] = [a0].[SessionId]
WHERE [a].[UserId] = @__userId_0
ORDER BY [a].[StartedAt] DESC, [a].[Id]
2026-06-19 22:34:29.254 +03:00 [INF] CyberSphere.Application.Common.Behaviors.LoggingBehavior: Handled GetAiSessionsQuery in 9ms
2026-06-19 22:34:29.255 +03:00 [INF] CyberSphere.Application.Common.Behaviors.LoggingBehavior: Handling GetUserAiStatsQuery
2026-06-19 22:34:29.256 +03:00 [INF] Serilog.AspNetCore.RequestLoggingMiddleware: HTTP GET /api/ai/sessions responded 200 in 14.0207ms
2026-06-19 22:34:29.335 +03:00 [INF] Microsoft.EntityFrameworkCore.Database.Command: Executed DbCommand (72ms) [Parameters=[@__userId_0='?' (DbType = Guid)], CommandType='"Text"', CommandTimeout='30']
SELECT TOP(1) [u].[UserId], [u].[CreatedAt], [u].[LastActivityAt], [u].[TotalRequests], [u].[TotalSessions], [u].[TotalTokensUsed]
FROM [UserAiStats] AS [u]
WHERE [u].[UserId] = @__userId_0
2026-06-19 22:34:29.340 +03:00 [INF] CyberSphere.Application.Common.Behaviors.LoggingBehavior: Handled GetUserAiStatsQuery in 79ms
2026-06-19 22:34:29.343 +03:00 [INF] Serilog.AspNetCore.RequestLoggingMiddleware: HTTP GET /api/ai/stats responded 200 in 88.1183ms
2026-06-19 22:35:04.840 +03:00 [INF] Serilog.AspNetCore.RequestLoggingMiddleware: HTTP OPTIONS /api/ai/sessions responded 204 in 0.1448ms
2026-06-19 22:35:04.845 +03:00 [INF] Serilog.AspNetCore.RequestLoggingMiddleware: HTTP OPTIONS /api/ai/stats responded 204 in 0.0397ms
2026-06-19 22:35:04.862 +03:00 [INF] Serilog.AspNetCore.RequestLoggingMiddleware: HTTP OPTIONS /api/ai/sessions responded 204 in 0.0432ms
2026-06-19 22:35:04.904 +03:00 [INF] Serilog.AspNetCore.RequestLoggingMiddleware: HTTP OPTIONS /api/ai/stats responded 204 in 0.0783ms
2026-06-19 22:35:05.006 +03:00 [INF] CyberSphere.Application.Common.Behaviors.LoggingBehavior: Handling GetUserAiStatsQuery
2026-06-19 22:35:05.006 +03:00 [INF] CyberSphere.Application.Common.Behaviors.LoggingBehavior: Handling GetAiSessionsQuery
2026-06-19 22:35:05.016 +03:00 [INF] Microsoft.EntityFrameworkCore.Database.Command: Executed DbCommand (3ms) [Parameters=[@__userId_0='?' (DbType = Guid)], CommandType='"Text"', CommandTimeout='30']
SELECT TOP(1) [u].[UserId], [u].[CreatedAt], [u].[LastActivityAt], [u].[TotalRequests], [u].[TotalSessions], [u].[TotalTokensUsed]
FROM [UserAiStats] AS [u]
WHERE [u].[UserId] = @__userId_0
2026-06-19 22:35:05.028 +03:00 [INF] CyberSphere.Application.Common.Behaviors.LoggingBehavior: Handled GetUserAiStatsQuery in 19ms
2026-06-19 22:35:05.032 +03:00 [INF] Serilog.AspNetCore.RequestLoggingMiddleware: HTTP GET /api/ai/stats responded 200 in 27.6922ms
2026-06-19 22:35:05.036 +03:00 [INF] Microsoft.EntityFrameworkCore.Database.Command: Executed DbCommand (7ms) [Parameters=[@__userId_0='?' (DbType = Guid)], CommandType='"Text"', CommandTimeout='30']
SELECT [a].[Id], [a].[EndedAt], [a].[StartedAt], [a].[Status], [a].[Title], [a].[UserId], [a0].[Id], [a0].[Content], [a0].[CreatedAt], [a0].[ErrorMessage], [a0].[IsError], [a0].[LatencyMs], [a0].[Role], [a0].[SessionId], [a0].[TokensUsed]
FROM [AiSessions] AS [a]
LEFT JOIN [AiMessages] AS [a0] ON [a].[Id] = [a0].[SessionId]
WHERE [a].[UserId] = @__userId_0
ORDER BY [a].[StartedAt] DESC, [a].[Id]
2026-06-19 22:35:05.040 +03:00 [INF] CyberSphere.Application.Common.Behaviors.LoggingBehavior: Handled GetAiSessionsQuery in 30ms
2026-06-19 22:35:05.043 +03:00 [INF] Serilog.AspNetCore.RequestLoggingMiddleware: HTTP GET /api/ai/sessions responded 200 in 38.4730ms
2026-06-19 22:35:05.250 +03:00 [INF] CyberSphere.Application.Common.Behaviors.LoggingBehavior: Handling GetUserAiStatsQuery
2026-06-19 22:35:05.250 +03:00 [INF] CyberSphere.Application.Common.Behaviors.LoggingBehavior: Handling GetAiSessionsQuery
2026-06-19 22:35:05.254 +03:00 [INF] Microsoft.EntityFrameworkCore.Database.Command: Executed DbCommand (1ms) [Parameters=[@__userId_0='?' (DbType = Guid)], CommandType='"Text"', CommandTimeout='30']
SELECT TOP(1) [u].[UserId], [u].[CreatedAt], [u].[LastActivityAt], [u].[TotalRequests], [u].[TotalSessions], [u].[TotalTokensUsed]
FROM [UserAiStats] AS [u]
WHERE [u].[UserId] = @__userId_0
2026-06-19 22:35:05.258 +03:00 [INF] Microsoft.EntityFrameworkCore.Database.Command: Executed DbCommand (2ms) [Parameters=[@__userId_0='?' (DbType = Guid)], CommandType='"Text"', CommandTimeout='30']
SELECT [a].[Id], [a].[EndedAt], [a].[StartedAt], [a].[Status], [a].[Title], [a].[UserId], [a0].[Id], [a0].[Content], [a0].[CreatedAt], [a0].[ErrorMessage], [a0].[IsError], [a0].[LatencyMs], [a0].[Role], [a0].[SessionId], [a0].[TokensUsed]
FROM [AiSessions] AS [a]
LEFT JOIN [AiMessages] AS [a0] ON [a].[Id] = [a0].[SessionId]
WHERE [a].[UserId] = @__userId_0
ORDER BY [a].[StartedAt] DESC, [a].[Id]
2026-06-19 22:35:05.258 +03:00 [INF] CyberSphere.Application.Common.Behaviors.LoggingBehavior: Handled GetUserAiStatsQuery in 6ms
2026-06-19 22:35:05.264 +03:00 [INF] Serilog.AspNetCore.RequestLoggingMiddleware: HTTP OPTIONS /api/ai/sessions/4c7343a8-a9bb-46aa-a3f4-c80fb3170fd1 responded 204 in 0.0281ms
2026-06-19 22:35:05.265 +03:00 [INF] CyberSphere.Application.Common.Behaviors.LoggingBehavior: Handled GetAiSessionsQuery in 10ms
2026-06-19 22:35:05.266 +03:00 [INF] Serilog.AspNetCore.RequestLoggingMiddleware: HTTP GET /api/ai/stats responded 200 in 16.4134ms
2026-06-19 22:35:05.269 +03:00 [INF] Serilog.AspNetCore.RequestLoggingMiddleware: HTTP GET /api/ai/sessions responded 200 in 19.0093ms
2026-06-19 22:35:05.539 +03:00 [INF] CyberSphere.Application.Common.Behaviors.LoggingBehavior: Handling GetAiSessionHistoryQuery
2026-06-19 22:35:05.544 +03:00 [INF] Microsoft.EntityFrameworkCore.Database.Command: Executed DbCommand (2ms) [Parameters=[@__id_0='?' (DbType = Guid)], CommandType='"Text"', CommandTimeout='30']
SELECT [t].[Id], [t].[EndedAt], [t].[StartedAt], [t].[Status], [t].[Title], [t].[UserId], [a0].[Id], [a0].[Content], [a0].[CreatedAt], [a0].[ErrorMessage], [a0].[IsError], [a0].[LatencyMs], [a0].[Role], [a0].[SessionId], [a0].[TokensUsed]
FROM (
    SELECT TOP(1) [a].[Id], [a].[EndedAt], [a].[StartedAt], [a].[Status], [a].[Title], [a].[UserId]
    FROM [AiSessions] AS [a]
    WHERE [a].[Id] = @__id_0
) AS [t]
LEFT JOIN [AiMessages] AS [a0] ON [t].[Id] = [a0].[SessionId]
ORDER BY [t].[Id]
2026-06-19 22:35:05.547 +03:00 [INF] CyberSphere.Application.Common.Behaviors.LoggingBehavior: Handled GetAiSessionHistoryQuery in 6ms
2026-06-19 22:35:05.548 +03:00 [INF] Serilog.AspNetCore.RequestLoggingMiddleware: HTTP GET /api/ai/sessions/4c7343a8-a9bb-46aa-a3f4-c80fb3170fd1 responded 200 in 9.3283ms
2026-06-19 22:35:05.720 +03:00 [INF] CyberSphere.Application.Common.Behaviors.LoggingBehavior: Handling GetAiSessionHistoryQuery
2026-06-19 22:35:05.726 +03:00 [INF] Microsoft.EntityFrameworkCore.Database.Command: Executed DbCommand (3ms) [Parameters=[@__id_0='?' (DbType = Guid)], CommandType='"Text"', CommandTimeout='30']
SELECT [t].[Id], [t].[EndedAt], [t].[StartedAt], [t].[Status], [t].[Title], [t].[UserId], [a0].[Id], [a0].[Content], [a0].[CreatedAt], [a0].[ErrorMessage], [a0].[IsError], [a0].[LatencyMs], [a0].[Role], [a0].[SessionId], [a0].[TokensUsed]
FROM (
    SELECT TOP(1) [a].[Id], [a].[EndedAt], [a].[StartedAt], [a].[Status], [a].[Title], [a].[UserId]
    FROM [AiSessions] AS [a]
    WHERE [a].[Id] = @__id_0
) AS [t]
LEFT JOIN [AiMessages] AS [a0] ON [t].[Id] = [a0].[SessionId]
ORDER BY [t].[Id]
2026-06-19 22:35:05.729 +03:00 [INF] CyberSphere.Application.Common.Behaviors.LoggingBehavior: Handled GetAiSessionHistoryQuery in 8ms
2026-06-19 22:35:05.731 +03:00 [INF] Serilog.AspNetCore.RequestLoggingMiddleware: HTTP GET /api/ai/sessions/4c7343a8-a9bb-46aa-a3f4-c80fb3170fd1 responded 200 in 11.1987ms
2026-06-19 22:51:51.633 +03:00 [INF] Serilog.AspNetCore.RequestLoggingMiddleware: HTTP OPTIONS /api/auth/me responded 204 in 0.0532ms
2026-06-19 22:51:51.634 +03:00 [INF] Serilog.AspNetCore.RequestLoggingMiddleware: HTTP OPTIONS /api/auth/me responded 204 in 0.0205ms
2026-06-19 22:51:51.799 +03:00 [INF] Serilog.AspNetCore.RequestLoggingMiddleware: HTTP GET /api/auth/me responded 401 in 2.3947ms
2026-06-19 22:51:51.955 +03:00 [INF] Serilog.AspNetCore.RequestLoggingMiddleware: HTTP GET /api/auth/me responded 401 in 0.6634ms
2026-06-19 22:51:51.956 +03:00 [INF] Serilog.AspNetCore.RequestLoggingMiddleware: HTTP OPTIONS /auth/refresh-token responded 204 in 0.0326ms
2026-06-19 22:51:52.122 +03:00 [INF] Serilog.AspNetCore.RequestLoggingMiddleware: HTTP POST /auth/refresh-token responded 404 in 0.0749ms
2026-06-19 22:52:46.370 +03:00 [INF] Serilog.AspNetCore.RequestLoggingMiddleware: HTTP OPTIONS /api/auth/login responded 204 in 0.0490ms
2026-06-19 22:52:46.526 +03:00 [INF] CyberSphere.Application.Common.Behaviors.LoggingBehavior: Handling LoginCommand
2026-06-19 22:52:46.545 +03:00 [INF] Microsoft.EntityFrameworkCore.Database.Command: Executed DbCommand (8ms) [Parameters=[@__ToLowerInvariant_0='?' (Size = 200)], CommandType='"Text"', CommandTimeout='30']
SELECT TOP(1) [u].[Id], [u].[Bio], [u].[CreatedAt], [u].[Email], [u].[GitHubUrl], [u].[PasswordHash], [u].[PasswordResetToken], [u].[PasswordResetTokenExpiry], [u].[ProfilePictureUrl], [u].[RefreshToken], [u].[RefreshTokenExpiry], [u].[Role], [u].[TotalToolsUploaded], [u].[UserName]
FROM [Users] AS [u]
WHERE [u].[Email] = @__ToLowerInvariant_0
2026-06-19 22:52:46.819 +03:00 [INF] Microsoft.EntityFrameworkCore.Database.Command: Executed DbCommand (3ms) [Parameters=[@p2='?' (DbType = Guid), @p0='?' (Size = 500), @p1='?' (DbType = DateTime2)], CommandType='"Text"', CommandTimeout='30']
SET IMPLICIT_TRANSACTIONS OFF;
SET NOCOUNT ON;
UPDATE [Users] SET [RefreshToken] = @p0, [RefreshTokenExpiry] = @p1
OUTPUT 1
WHERE [Id] = @p2;
2026-06-19 22:52:46.822 +03:00 [INF] CyberSphere.Application.Common.Behaviors.LoggingBehavior: Handled LoginCommand in 295ms
2026-06-19 22:52:46.823 +03:00 [INF] Serilog.AspNetCore.RequestLoggingMiddleware: HTTP POST /api/auth/login responded 200 in 301.1410ms
2026-06-19 22:52:52.160 +03:00 [INF] Serilog.AspNetCore.RequestLoggingMiddleware: HTTP OPTIONS /api/marketplace/categories responded 204 in 0.0601ms
2026-06-19 22:52:52.179 +03:00 [INF] Serilog.AspNetCore.RequestLoggingMiddleware: HTTP OPTIONS /api/users/me responded 204 in 0.0429ms
2026-06-19 22:52:52.191 +03:00 [INF] Serilog.AspNetCore.RequestLoggingMiddleware: HTTP OPTIONS /api/sessions/active responded 204 in 0.7417ms
2026-06-19 22:52:52.223 +03:00 [INF] Serilog.AspNetCore.RequestLoggingMiddleware: HTTP OPTIONS /api/sessions/history responded 204 in 0.0362ms
2026-06-19 22:52:52.231 +03:00 [INF] Serilog.AspNetCore.RequestLoggingMiddleware: HTTP OPTIONS /api/marketplace/categories responded 204 in 0.1167ms
2026-06-19 22:52:52.234 +03:00 [INF] Serilog.AspNetCore.RequestLoggingMiddleware: HTTP OPTIONS /api/marketplace/tools responded 204 in 0.0287ms
2026-06-19 22:52:52.234 +03:00 [INF] Serilog.AspNetCore.RequestLoggingMiddleware: HTTP OPTIONS /api/sessions/active responded 204 in 0.0697ms
2026-06-19 22:52:52.234 +03:00 [INF] Serilog.AspNetCore.RequestLoggingMiddleware: HTTP OPTIONS /api/sessions/history responded 204 in 0.0704ms
2026-06-19 22:52:52.239 +03:00 [INF] Serilog.AspNetCore.RequestLoggingMiddleware: HTTP OPTIONS /api/users/me responded 204 in 0.1794ms
2026-06-19 22:52:52.235 +03:00 [INF] Serilog.AspNetCore.RequestLoggingMiddleware: HTTP OPTIONS /api/marketplace/tools responded 204 in 0.0285ms
2026-06-19 22:52:52.383 +03:00 [INF] CyberSphere.Application.Common.Behaviors.LoggingBehavior: Handling GetCategoriesQuery
2026-06-19 22:52:52.390 +03:00 [INF] Microsoft.EntityFrameworkCore.Database.Command: Executed DbCommand (4ms) [Parameters=[], CommandType='"Text"', CommandTimeout='30']
SELECT [c].[Id], [c].[Description], [c].[Name], [c].[Slug], [t].[Id], [t].[AverageRating], [t].[CategoryId], [t].[CreatedAt], [t].[Description], [t].[DifficultyLevel], [t].[GitHubUrl], [t].[Name], [t].[OwnerId], [t].[RatingCount], [t].[Status], [t].[Tags], [t].[UsageCount]
FROM [Categories] AS [c]
LEFT JOIN [Tools] AS [t] ON [c].[Id] = [t].[CategoryId]
ORDER BY [c].[Name], [c].[Id]
2026-06-19 22:52:52.393 +03:00 [INF] CyberSphere.Application.Common.Behaviors.LoggingBehavior: Handling GetMyProfileQuery
2026-06-19 22:52:52.394 +03:00 [INF] CyberSphere.Application.Common.Behaviors.LoggingBehavior: Handled GetCategoriesQuery in 9ms
2026-06-19 22:52:52.396 +03:00 [INF] Serilog.AspNetCore.RequestLoggingMiddleware: HTTP GET /api/marketplace/categories responded 200 in 14.2014ms
2026-06-19 22:52:52.396 +03:00 [INF] CyberSphere.Application.Common.Behaviors.LoggingBehavior: Handling GetSessionsQuery
2026-06-19 22:52:52.410 +03:00 [INF] Microsoft.EntityFrameworkCore.Database.Command: Executed DbCommand (2ms) [Parameters=[@__get_Item_0='?' (DbType = Guid)], CommandType='"Text"', CommandTimeout='30']
SELECT TOP(1) [u].[Id], [u].[Bio], [u].[CreatedAt], [u].[Email], [u].[GitHubUrl], [u].[PasswordHash], [u].[PasswordResetToken], [u].[PasswordResetTokenExpiry], [u].[ProfilePictureUrl], [u].[RefreshToken], [u].[RefreshTokenExpiry], [u].[Role], [u].[TotalToolsUploaded], [u].[UserName]
FROM [Users] AS [u]
WHERE [u].[Id] = @__get_Item_0
2026-06-19 22:52:52.414 +03:00 [INF] CyberSphere.Application.Common.Behaviors.LoggingBehavior: Handled GetMyProfileQuery in 20ms
2026-06-19 22:52:52.421 +03:00 [INF] Serilog.AspNetCore.RequestLoggingMiddleware: HTTP GET /api/users/me responded 200 in 37.1231ms
2026-06-19 22:52:52.421 +03:00 [INF] Microsoft.EntityFrameworkCore.Database.Command: Executed DbCommand (5ms) [Parameters=[@__userId_0='?' (DbType = Guid)], CommandType='"Text"', CommandTimeout='30']
SELECT [s].[Id], [s].[ConnectionToken], [s].[EndedAt], [s].[ServerId], [s].[StartedAt], [s].[Status], [s].[TerminationReason], [s].[Type], [s].[UserId], [s].[VmIpAddress], [s].[VmPort], [s0].[Id], [s0].[ActiveSessions], [s0].[CreatedAt], [s0].[IpAddress], [s0].[LastHealthCheckAt], [s0].[MaxSessions], [s0].[Name], [s0].[SshPort], [s0].[Status], [s0].[Type]
FROM [Sessions] AS [s]
INNER JOIN [Servers] AS [s0] ON [s].[ServerId] = [s0].[Id]
WHERE [s].[UserId] = @__userId_0 AND [s].[Status] = N'Active'
ORDER BY [s].[StartedAt]
2026-06-19 22:52:52.431 +03:00 [INF] CyberSphere.Application.Common.Behaviors.LoggingBehavior: Handled GetSessionsQuery in 32ms
2026-06-19 22:52:52.438 +03:00 [INF] Serilog.AspNetCore.RequestLoggingMiddleware: HTTP GET /api/sessions/active responded 200 in 47.0936ms
2026-06-19 22:52:52.440 +03:00 [INF] CyberSphere.Application.Common.Behaviors.LoggingBehavior: Handling GetSessionHistoryQuery
2026-06-19 22:52:52.452 +03:00 [INF] Microsoft.EntityFrameworkCore.Database.Command: Executed DbCommand (3ms) [Parameters=[@__userId_0='?' (DbType = Guid)], CommandType='"Text"', CommandTimeout='30']
SELECT COUNT(*)
FROM [Sessions] AS [s]
WHERE [s].[UserId] = @__userId_0
2026-06-19 22:52:52.459 +03:00 [INF] Serilog.AspNetCore.RequestLoggingMiddleware: HTTP GET /api/marketplace/tools responded 400 in 29.1872ms
2026-06-19 22:52:52.464 +03:00 [INF] Microsoft.EntityFrameworkCore.Database.Command: Executed DbCommand (3ms) [Parameters=[@__userId_0='?' (DbType = Guid), @__p_1='?' (DbType = Int32), @__p_2='?' (DbType = Int32)], CommandType='"Text"', CommandTimeout='30']
SELECT [t].[Id], [t].[ConnectionToken], [t].[EndedAt], [t].[ServerId], [t].[StartedAt], [t].[Status], [t].[TerminationReason], [t].[Type], [t].[UserId], [t].[VmIpAddress], [t].[VmPort], [s0].[Id], [s0].[ActiveSessions], [s0].[CreatedAt], [s0].[IpAddress], [s0].[LastHealthCheckAt], [s0].[MaxSessions], [s0].[Name], [s0].[SshPort], [s0].[Status], [s0].[Type]
FROM (
    SELECT [s].[Id], [s].[ConnectionToken], [s].[EndedAt], [s].[ServerId], [s].[StartedAt], [s].[Status], [s].[TerminationReason], [s].[Type], [s].[UserId], [s].[VmIpAddress], [s].[VmPort]
    FROM [Sessions] AS [s]
    WHERE [s].[UserId] = @__userId_0
    ORDER BY [s].[StartedAt] DESC
    OFFSET @__p_1 ROWS FETCH NEXT @__p_2 ROWS ONLY
) AS [t]
INNER JOIN [Servers] AS [s0] ON [t].[ServerId] = [s0].[Id]
ORDER BY [t].[StartedAt] DESC
2026-06-19 22:52:52.473 +03:00 [INF] CyberSphere.Application.Common.Behaviors.LoggingBehavior: Handled GetSessionHistoryQuery in 30ms
2026-06-19 22:52:52.476 +03:00 [INF] Serilog.AspNetCore.RequestLoggingMiddleware: HTTP GET /api/sessions/history responded 200 in 49.9543ms
2026-06-19 22:52:52.652 +03:00 [INF] CyberSphere.Application.Common.Behaviors.LoggingBehavior: Handling GetCategoriesQuery
2026-06-19 22:52:52.653 +03:00 [INF] CyberSphere.Application.Common.Behaviors.LoggingBehavior: Handling GetMyProfileQuery
2026-06-19 22:52:52.656 +03:00 [INF] Microsoft.EntityFrameworkCore.Database.Command: Executed DbCommand (1ms) [Parameters=[], CommandType='"Text"', CommandTimeout='30']
SELECT [c].[Id], [c].[Description], [c].[Name], [c].[Slug], [t].[Id], [t].[AverageRating], [t].[CategoryId], [t].[CreatedAt], [t].[Description], [t].[DifficultyLevel], [t].[GitHubUrl], [t].[Name], [t].[OwnerId], [t].[RatingCount], [t].[Status], [t].[Tags], [t].[UsageCount]
FROM [Categories] AS [c]
LEFT JOIN [Tools] AS [t] ON [c].[Id] = [t].[CategoryId]
ORDER BY [c].[Name], [c].[Id]
2026-06-19 22:52:52.659 +03:00 [INF] CyberSphere.Application.Common.Behaviors.LoggingBehavior: Handling GetSessionsQuery
2026-06-19 22:52:52.661 +03:00 [INF] CyberSphere.Application.Common.Behaviors.LoggingBehavior: Handled GetCategoriesQuery in 7ms
2026-06-19 22:52:52.669 +03:00 [INF] Microsoft.EntityFrameworkCore.Database.Command: Executed DbCommand (5ms) [Parameters=[@__get_Item_0='?' (DbType = Guid)], CommandType='"Text"', CommandTimeout='30']
SELECT TOP(1) [u].[Id], [u].[Bio], [u].[CreatedAt], [u].[Email], [u].[GitHubUrl], [u].[PasswordHash], [u].[PasswordResetToken], [u].[PasswordResetTokenExpiry], [u].[ProfilePictureUrl], [u].[RefreshToken], [u].[RefreshTokenExpiry], [u].[Role], [u].[TotalToolsUploaded], [u].[UserName]
FROM [Users] AS [u]
WHERE [u].[Id] = @__get_Item_0
2026-06-19 22:52:52.671 +03:00 [INF] Serilog.AspNetCore.RequestLoggingMiddleware: HTTP GET /api/marketplace/categories responded 200 in 19.6470ms
2026-06-19 22:52:52.686 +03:00 [INF] CyberSphere.Application.Common.Behaviors.LoggingBehavior: Handled GetMyProfileQuery in 29ms
2026-06-19 22:52:52.691 +03:00 [INF] Microsoft.EntityFrameworkCore.Database.Command: Executed DbCommand (3ms) [Parameters=[@__userId_0='?' (DbType = Guid)], CommandType='"Text"', CommandTimeout='30']
SELECT [s].[Id], [s].[ConnectionToken], [s].[EndedAt], [s].[ServerId], [s].[StartedAt], [s].[Status], [s].[TerminationReason], [s].[Type], [s].[UserId], [s].[VmIpAddress], [s].[VmPort], [s0].[Id], [s0].[ActiveSessions], [s0].[CreatedAt], [s0].[IpAddress], [s0].[LastHealthCheckAt], [s0].[MaxSessions], [s0].[Name], [s0].[SshPort], [s0].[Status], [s0].[Type]
FROM [Sessions] AS [s]
INNER JOIN [Servers] AS [s0] ON [s].[ServerId] = [s0].[Id]
WHERE [s].[UserId] = @__userId_0 AND [s].[Status] = N'Active'
ORDER BY [s].[StartedAt]
2026-06-19 22:52:52.682 +03:00 [INF] Serilog.AspNetCore.RequestLoggingMiddleware: HTTP GET /api/marketplace/tools responded 400 in 0.9890ms
2026-06-19 22:52:52.693 +03:00 [INF] Serilog.AspNetCore.RequestLoggingMiddleware: HTTP GET /api/users/me responded 200 in 42.0009ms
2026-06-19 22:52:52.701 +03:00 [INF] CyberSphere.Application.Common.Behaviors.LoggingBehavior: Handled GetSessionsQuery in 32ms
2026-06-19 22:52:52.684 +03:00 [INF] CyberSphere.Application.Common.Behaviors.LoggingBehavior: Handling GetSessionHistoryQuery
2026-06-19 22:52:52.706 +03:00 [INF] Serilog.AspNetCore.RequestLoggingMiddleware: HTTP GET /api/sessions/active responded 200 in 48.3671ms
2026-06-19 22:52:52.710 +03:00 [INF] Microsoft.EntityFrameworkCore.Database.Command: Executed DbCommand (1ms) [Parameters=[@__userId_0='?' (DbType = Guid)], CommandType='"Text"', CommandTimeout='30']
SELECT COUNT(*)
FROM [Sessions] AS [s]
WHERE [s].[UserId] = @__userId_0
2026-06-19 22:52:52.719 +03:00 [INF] Microsoft.EntityFrameworkCore.Database.Command: Executed DbCommand (1ms) [Parameters=[@__userId_0='?' (DbType = Guid), @__p_1='?' (DbType = Int32), @__p_2='?' (DbType = Int32)], CommandType='"Text"', CommandTimeout='30']
SELECT [t].[Id], [t].[ConnectionToken], [t].[EndedAt], [t].[ServerId], [t].[StartedAt], [t].[Status], [t].[TerminationReason], [t].[Type], [t].[UserId], [t].[VmIpAddress], [t].[VmPort], [s0].[Id], [s0].[ActiveSessions], [s0].[CreatedAt], [s0].[IpAddress], [s0].[LastHealthCheckAt], [s0].[MaxSessions], [s0].[Name], [s0].[SshPort], [s0].[Status], [s0].[Type]
FROM (
    SELECT [s].[Id], [s].[ConnectionToken], [s].[EndedAt], [s].[ServerId], [s].[StartedAt], [s].[Status], [s].[TerminationReason], [s].[Type], [s].[UserId], [s].[VmIpAddress], [s].[VmPort]
    FROM [Sessions] AS [s]
    WHERE [s].[UserId] = @__userId_0
    ORDER BY [s].[StartedAt] DESC
    OFFSET @__p_1 ROWS FETCH NEXT @__p_2 ROWS ONLY
) AS [t]
INNER JOIN [Servers] AS [s0] ON [t].[ServerId] = [s0].[Id]
ORDER BY [t].[StartedAt] DESC
2026-06-19 22:52:52.725 +03:00 [INF] CyberSphere.Application.Common.Behaviors.LoggingBehavior: Handled GetSessionHistoryQuery in 18ms
2026-06-19 22:52:52.729 +03:00 [INF] Serilog.AspNetCore.RequestLoggingMiddleware: HTTP GET /api/sessions/history responded 200 in 48.5025ms
2026-06-19 22:54:15.475 +03:00 [INF] Serilog.AspNetCore.RequestLoggingMiddleware: HTTP OPTIONS /api/marketplace/categories responded 204 in 0.0419ms
2026-06-19 22:54:15.480 +03:00 [INF] Serilog.AspNetCore.RequestLoggingMiddleware: HTTP OPTIONS /api/users/me responded 204 in 0.0587ms
2026-06-19 22:54:15.490 +03:00 [INF] Serilog.AspNetCore.RequestLoggingMiddleware: HTTP OPTIONS /api/sessions/active responded 204 in 0.1373ms
2026-06-19 22:54:15.553 +03:00 [INF] Serilog.AspNetCore.RequestLoggingMiddleware: HTTP OPTIONS /api/sessions/history responded 204 in 0.1064ms
2026-06-19 22:54:15.561 +03:00 [INF] Serilog.AspNetCore.RequestLoggingMiddleware: HTTP OPTIONS /api/marketplace/tools responded 204 in 0.0262ms
2026-06-19 22:54:15.553 +03:00 [INF] Serilog.AspNetCore.RequestLoggingMiddleware: HTTP OPTIONS /api/sessions/active responded 204 in 0.0190ms
2026-06-19 22:54:15.561 +03:00 [INF] Serilog.AspNetCore.RequestLoggingMiddleware: HTTP OPTIONS /api/users/me responded 204 in 0.0262ms
2026-06-19 22:54:15.553 +03:00 [INF] Serilog.AspNetCore.RequestLoggingMiddleware: HTTP OPTIONS /api/sessions/history responded 204 in 0.0379ms
2026-06-19 22:54:15.553 +03:00 [INF] Serilog.AspNetCore.RequestLoggingMiddleware: HTTP OPTIONS /api/marketplace/categories responded 204 in 0.0105ms
2026-06-19 22:54:15.561 +03:00 [INF] Serilog.AspNetCore.RequestLoggingMiddleware: HTTP OPTIONS /api/marketplace/tools responded 204 in 0.0262ms
2026-06-19 22:54:15.667 +03:00 [INF] CyberSphere.Application.Common.Behaviors.LoggingBehavior: Handling GetCategoriesQuery
2026-06-19 22:54:15.675 +03:00 [INF] Microsoft.EntityFrameworkCore.Database.Command: Executed DbCommand (4ms) [Parameters=[], CommandType='"Text"', CommandTimeout='30']
SELECT [c].[Id], [c].[Description], [c].[Name], [c].[Slug], [t].[Id], [t].[AverageRating], [t].[CategoryId], [t].[CreatedAt], [t].[Description], [t].[DifficultyLevel], [t].[GitHubUrl], [t].[Name], [t].[OwnerId], [t].[RatingCount], [t].[Status], [t].[Tags], [t].[UsageCount]
FROM [Categories] AS [c]
LEFT JOIN [Tools] AS [t] ON [c].[Id] = [t].[CategoryId]
ORDER BY [c].[Name], [c].[Id]
2026-06-19 22:54:15.678 +03:00 [INF] CyberSphere.Application.Common.Behaviors.LoggingBehavior: Handled GetCategoriesQuery in 8ms
2026-06-19 22:54:15.678 +03:00 [INF] Serilog.AspNetCore.RequestLoggingMiddleware: HTTP GET /api/marketplace/categories responded 200 in 11.3815ms
2026-06-19 22:54:15.729 +03:00 [INF] CyberSphere.Application.Common.Behaviors.LoggingBehavior: Handling GetSessionsQuery
2026-06-19 22:54:15.729 +03:00 [INF] CyberSphere.Application.Common.Behaviors.LoggingBehavior: Handling GetMyProfileQuery
2026-06-19 22:54:15.736 +03:00 [INF] Microsoft.EntityFrameworkCore.Database.Command: Executed DbCommand (2ms) [Parameters=[@__get_Item_0='?' (DbType = Guid)], CommandType='"Text"', CommandTimeout='30']
SELECT TOP(1) [u].[Id], [u].[Bio], [u].[CreatedAt], [u].[Email], [u].[GitHubUrl], [u].[PasswordHash], [u].[PasswordResetToken], [u].[PasswordResetTokenExpiry], [u].[ProfilePictureUrl], [u].[RefreshToken], [u].[RefreshTokenExpiry], [u].[Role], [u].[TotalToolsUploaded], [u].[UserName]
FROM [Users] AS [u]
WHERE [u].[Id] = @__get_Item_0
2026-06-19 22:54:15.737 +03:00 [INF] Microsoft.EntityFrameworkCore.Database.Command: Executed DbCommand (4ms) [Parameters=[@__userId_0='?' (DbType = Guid)], CommandType='"Text"', CommandTimeout='30']
SELECT [s].[Id], [s].[ConnectionToken], [s].[EndedAt], [s].[ServerId], [s].[StartedAt], [s].[Status], [s].[TerminationReason], [s].[Type], [s].[UserId], [s].[VmIpAddress], [s].[VmPort], [s0].[Id], [s0].[ActiveSessions], [s0].[CreatedAt], [s0].[IpAddress], [s0].[LastHealthCheckAt], [s0].[MaxSessions], [s0].[Name], [s0].[SshPort], [s0].[Status], [s0].[Type]
FROM [Sessions] AS [s]
INNER JOIN [Servers] AS [s0] ON [s].[ServerId] = [s0].[Id]
WHERE [s].[UserId] = @__userId_0 AND [s].[Status] = N'Active'
ORDER BY [s].[StartedAt]
2026-06-19 22:54:15.739 +03:00 [INF] CyberSphere.Application.Common.Behaviors.LoggingBehavior: Handled GetMyProfileQuery in 6ms
2026-06-19 22:54:15.741 +03:00 [INF] CyberSphere.Application.Common.Behaviors.LoggingBehavior: Handled GetSessionsQuery in 9ms
2026-06-19 22:54:15.742 +03:00 [INF] Serilog.AspNetCore.RequestLoggingMiddleware: HTTP GET /api/users/me responded 200 in 13.4965ms
2026-06-19 22:54:15.743 +03:00 [INF] Serilog.AspNetCore.RequestLoggingMiddleware: HTTP GET /api/sessions/active responded 200 in 14.3396ms
2026-06-19 22:54:15.787 +03:00 [INF] CyberSphere.Application.Common.Behaviors.LoggingBehavior: Handling GetSessionHistoryQuery
2026-06-19 22:54:15.792 +03:00 [INF] Serilog.AspNetCore.RequestLoggingMiddleware: HTTP GET /api/marketplace/tools responded 400 in 2.0864ms
2026-06-19 22:54:15.793 +03:00 [INF] Microsoft.EntityFrameworkCore.Database.Command: Executed DbCommand (2ms) [Parameters=[@__userId_0='?' (DbType = Guid)], CommandType='"Text"', CommandTimeout='30']
SELECT COUNT(*)
FROM [Sessions] AS [s]
WHERE [s].[UserId] = @__userId_0
2026-06-19 22:54:15.799 +03:00 [INF] Microsoft.EntityFrameworkCore.Database.Command: Executed DbCommand (2ms) [Parameters=[@__userId_0='?' (DbType = Guid), @__p_1='?' (DbType = Int32), @__p_2='?' (DbType = Int32)], CommandType='"Text"', CommandTimeout='30']
SELECT [t].[Id], [t].[ConnectionToken], [t].[EndedAt], [t].[ServerId], [t].[StartedAt], [t].[Status], [t].[TerminationReason], [t].[Type], [t].[UserId], [t].[VmIpAddress], [t].[VmPort], [s0].[Id], [s0].[ActiveSessions], [s0].[CreatedAt], [s0].[IpAddress], [s0].[LastHealthCheckAt], [s0].[MaxSessions], [s0].[Name], [s0].[SshPort], [s0].[Status], [s0].[Type]
FROM (
    SELECT [s].[Id], [s].[ConnectionToken], [s].[EndedAt], [s].[ServerId], [s].[StartedAt], [s].[Status], [s].[TerminationReason], [s].[Type], [s].[UserId], [s].[VmIpAddress], [s].[VmPort]
    FROM [Sessions] AS [s]
    WHERE [s].[UserId] = @__userId_0
    ORDER BY [s].[StartedAt] DESC
    OFFSET @__p_1 ROWS FETCH NEXT @__p_2 ROWS ONLY
) AS [t]
INNER JOIN [Servers] AS [s0] ON [t].[ServerId] = [s0].[Id]
ORDER BY [t].[StartedAt] DESC
2026-06-19 22:54:15.802 +03:00 [INF] CyberSphere.Application.Common.Behaviors.LoggingBehavior: Handled GetSessionHistoryQuery in 14ms
2026-06-19 22:54:15.804 +03:00 [INF] Serilog.AspNetCore.RequestLoggingMiddleware: HTTP GET /api/sessions/history responded 200 in 19.5234ms
2026-06-19 22:54:15.862 +03:00 [INF] CyberSphere.Application.Common.Behaviors.LoggingBehavior: Handling GetCategoriesQuery
2026-06-19 22:54:15.865 +03:00 [INF] Microsoft.EntityFrameworkCore.Database.Command: Executed DbCommand (1ms) [Parameters=[], CommandType='"Text"', CommandTimeout='30']
SELECT [c].[Id], [c].[Description], [c].[Name], [c].[Slug], [t].[Id], [t].[AverageRating], [t].[CategoryId], [t].[CreatedAt], [t].[Description], [t].[DifficultyLevel], [t].[GitHubUrl], [t].[Name], [t].[OwnerId], [t].[RatingCount], [t].[Status], [t].[Tags], [t].[UsageCount]
FROM [Categories] AS [c]
LEFT JOIN [Tools] AS [t] ON [c].[Id] = [t].[CategoryId]
ORDER BY [c].[Name], [c].[Id]
2026-06-19 22:54:15.869 +03:00 [INF] CyberSphere.Application.Common.Behaviors.LoggingBehavior: Handled GetCategoriesQuery in 5ms
2026-06-19 22:54:15.870 +03:00 [INF] Serilog.AspNetCore.RequestLoggingMiddleware: HTTP GET /api/marketplace/categories responded 200 in 7.9635ms
2026-06-19 22:54:15.967 +03:00 [INF] CyberSphere.Application.Common.Behaviors.LoggingBehavior: Handling GetMyProfileQuery
2026-06-19 22:54:15.967 +03:00 [INF] CyberSphere.Application.Common.Behaviors.LoggingBehavior: Handling GetSessionsQuery
2026-06-19 22:54:15.970 +03:00 [INF] Microsoft.EntityFrameworkCore.Database.Command: Executed DbCommand (1ms) [Parameters=[@__get_Item_0='?' (DbType = Guid)], CommandType='"Text"', CommandTimeout='30']
SELECT TOP(1) [u].[Id], [u].[Bio], [u].[CreatedAt], [u].[Email], [u].[GitHubUrl], [u].[PasswordHash], [u].[PasswordResetToken], [u].[PasswordResetTokenExpiry], [u].[ProfilePictureUrl], [u].[RefreshToken], [u].[RefreshTokenExpiry], [u].[Role], [u].[TotalToolsUploaded], [u].[UserName]
FROM [Users] AS [u]
WHERE [u].[Id] = @__get_Item_0
2026-06-19 22:54:15.973 +03:00 [INF] Microsoft.EntityFrameworkCore.Database.Command: Executed DbCommand (1ms) [Parameters=[@__userId_0='?' (DbType = Guid)], CommandType='"Text"', CommandTimeout='30']
SELECT [s].[Id], [s].[ConnectionToken], [s].[EndedAt], [s].[ServerId], [s].[StartedAt], [s].[Status], [s].[TerminationReason], [s].[Type], [s].[UserId], [s].[VmIpAddress], [s].[VmPort], [s0].[Id], [s0].[ActiveSessions], [s0].[CreatedAt], [s0].[IpAddress], [s0].[LastHealthCheckAt], [s0].[MaxSessions], [s0].[Name], [s0].[SshPort], [s0].[Status], [s0].[Type]
FROM [Sessions] AS [s]
INNER JOIN [Servers] AS [s0] ON [s].[ServerId] = [s0].[Id]
WHERE [s].[UserId] = @__userId_0 AND [s].[Status] = N'Active'
ORDER BY [s].[StartedAt]
2026-06-19 22:54:15.975 +03:00 [INF] CyberSphere.Application.Common.Behaviors.LoggingBehavior: Handled GetMyProfileQuery in 5ms
2026-06-19 22:54:15.980 +03:00 [INF] CyberSphere.Application.Common.Behaviors.LoggingBehavior: Handled GetSessionsQuery in 8ms
2026-06-19 22:54:15.980 +03:00 [INF] Serilog.AspNetCore.RequestLoggingMiddleware: HTTP GET /api/marketplace/tools responded 400 in 1.2765ms
2026-06-19 22:54:15.981 +03:00 [INF] Serilog.AspNetCore.RequestLoggingMiddleware: HTTP GET /api/users/me responded 200 in 15.0114ms
2026-06-19 22:54:15.982 +03:00 [INF] Serilog.AspNetCore.RequestLoggingMiddleware: HTTP GET /api/sessions/active responded 200 in 15.9006ms
2026-06-19 22:54:15.980 +03:00 [INF] CyberSphere.Application.Common.Behaviors.LoggingBehavior: Handling GetSessionHistoryQuery
2026-06-19 22:54:15.989 +03:00 [INF] Microsoft.EntityFrameworkCore.Database.Command: Executed DbCommand (1ms) [Parameters=[@__userId_0='?' (DbType = Guid)], CommandType='"Text"', CommandTimeout='30']
SELECT COUNT(*)
FROM [Sessions] AS [s]
WHERE [s].[UserId] = @__userId_0
2026-06-19 22:54:15.992 +03:00 [INF] Microsoft.EntityFrameworkCore.Database.Command: Executed DbCommand (1ms) [Parameters=[@__userId_0='?' (DbType = Guid), @__p_1='?' (DbType = Int32), @__p_2='?' (DbType = Int32)], CommandType='"Text"', CommandTimeout='30']
SELECT [t].[Id], [t].[ConnectionToken], [t].[EndedAt], [t].[ServerId], [t].[StartedAt], [t].[Status], [t].[TerminationReason], [t].[Type], [t].[UserId], [t].[VmIpAddress], [t].[VmPort], [s0].[Id], [s0].[ActiveSessions], [s0].[CreatedAt], [s0].[IpAddress], [s0].[LastHealthCheckAt], [s0].[MaxSessions], [s0].[Name], [s0].[SshPort], [s0].[Status], [s0].[Type]
FROM (
    SELECT [s].[Id], [s].[ConnectionToken], [s].[EndedAt], [s].[ServerId], [s].[StartedAt], [s].[Status], [s].[TerminationReason], [s].[Type], [s].[UserId], [s].[VmIpAddress], [s].[VmPort]
    FROM [Sessions] AS [s]
    WHERE [s].[UserId] = @__userId_0
    ORDER BY [s].[StartedAt] DESC
    OFFSET @__p_1 ROWS FETCH NEXT @__p_2 ROWS ONLY
) AS [t]
INNER JOIN [Servers] AS [s0] ON [t].[ServerId] = [s0].[Id]
ORDER BY [t].[StartedAt] DESC
2026-06-19 22:54:15.999 +03:00 [INF] CyberSphere.Application.Common.Behaviors.LoggingBehavior: Handled GetSessionHistoryQuery in 12ms
2026-06-19 22:54:16.001 +03:00 [INF] Serilog.AspNetCore.RequestLoggingMiddleware: HTTP GET /api/sessions/history responded 200 in 21.2377ms
2026-06-19 23:24:11.964 +03:00 [INF] Serilog.AspNetCore.RequestLoggingMiddleware: HTTP OPTIONS /api/marketplace/tools responded 204 in 0.0427ms
2026-06-19 23:24:12.030 +03:00 [INF] Serilog.AspNetCore.RequestLoggingMiddleware: HTTP OPTIONS /api/marketplace/tools responded 204 in 0.0278ms
2026-06-19 23:24:12.034 +03:00 [INF] Serilog.AspNetCore.RequestLoggingMiddleware: HTTP OPTIONS /api/marketplace/categories responded 204 in 0.5649ms
2026-06-19 23:24:12.036 +03:00 [INF] Serilog.AspNetCore.RequestLoggingMiddleware: HTTP OPTIONS /api/marketplace/categories responded 204 in 0.0236ms
2026-06-19 23:24:12.392 +03:00 [INF] CyberSphere.Application.Common.Behaviors.LoggingBehavior: Handling GetToolsQuery
2026-06-19 23:24:12.408 +03:00 [INF] Microsoft.EntityFrameworkCore.Database.Command: Executed DbCommand (5ms) [Parameters=[], CommandType='"Text"', CommandTimeout='30']
SELECT COUNT(*)
FROM [Tools] AS [t]
WHERE [t].[Status] = N'Approved'
2026-06-19 23:24:12.418 +03:00 [INF] Microsoft.EntityFrameworkCore.Database.Command: Executed DbCommand (7ms) [Parameters=[@__p_0='?' (DbType = Int32), @__p_1='?' (DbType = Int32)], CommandType='"Text"', CommandTimeout='30']
SELECT [t0].[Id], [t0].[AverageRating], [t0].[CategoryId], [t0].[CreatedAt], [t0].[Description], [t0].[DifficultyLevel], [t0].[GitHubUrl], [t0].[Name], [t0].[OwnerId], [t0].[RatingCount], [t0].[Status], [t0].[Tags], [t0].[UsageCount], [u].[Id], [u].[Bio], [u].[CreatedAt], [u].[Email], [u].[GitHubUrl], [u].[PasswordHash], [u].[PasswordResetToken], [u].[PasswordResetTokenExpiry], [u].[ProfilePictureUrl], [u].[RefreshToken], [u].[RefreshTokenExpiry], [u].[Role], [u].[TotalToolsUploaded], [u].[UserName], [c].[Id], [c].[Description], [c].[Name], [c].[Slug]
FROM (
    SELECT [t].[Id], [t].[AverageRating], [t].[CategoryId], [t].[CreatedAt], [t].[Description], [t].[DifficultyLevel], [t].[GitHubUrl], [t].[Name], [t].[OwnerId], [t].[RatingCount], [t].[Status], [t].[Tags], [t].[UsageCount]
    FROM [Tools] AS [t]
    WHERE [t].[Status] = N'Approved'
    ORDER BY [t].[CreatedAt] DESC
    OFFSET @__p_0 ROWS FETCH NEXT @__p_1 ROWS ONLY
) AS [t0]
INNER JOIN [Users] AS [u] ON [t0].[OwnerId] = [u].[Id]
INNER JOIN [Categories] AS [c] ON [t0].[CategoryId] = [c].[Id]
ORDER BY [t0].[CreatedAt] DESC
2026-06-19 23:24:12.425 +03:00 [INF] CyberSphere.Application.Common.Behaviors.LoggingBehavior: Handled GetToolsQuery in 30ms
2026-06-19 23:24:12.426 +03:00 [INF] Serilog.AspNetCore.RequestLoggingMiddleware: HTTP GET /api/marketplace/tools responded 200 in 35.7348ms
2026-06-19 23:24:12.454 +03:00 [INF] CyberSphere.Application.Common.Behaviors.LoggingBehavior: Handling GetCategoriesQuery
2026-06-19 23:24:12.462 +03:00 [INF] Microsoft.EntityFrameworkCore.Database.Command: Executed DbCommand (5ms) [Parameters=[], CommandType='"Text"', CommandTimeout='30']
SELECT [c].[Id], [c].[Description], [c].[Name], [c].[Slug], [t].[Id], [t].[AverageRating], [t].[CategoryId], [t].[CreatedAt], [t].[Description], [t].[DifficultyLevel], [t].[GitHubUrl], [t].[Name], [t].[OwnerId], [t].[RatingCount], [t].[Status], [t].[Tags], [t].[UsageCount]
FROM [Categories] AS [c]
LEFT JOIN [Tools] AS [t] ON [c].[Id] = [t].[CategoryId]
ORDER BY [c].[Name], [c].[Id]
2026-06-19 23:24:12.467 +03:00 [INF] CyberSphere.Application.Common.Behaviors.LoggingBehavior: Handled GetCategoriesQuery in 11ms
2026-06-19 23:24:12.468 +03:00 [INF] Serilog.AspNetCore.RequestLoggingMiddleware: HTTP GET /api/marketplace/categories responded 200 in 14.7577ms
2026-06-19 23:24:13.225 +03:00 [INF] CyberSphere.Application.Common.Behaviors.LoggingBehavior: Handling GetToolsQuery
2026-06-19 23:24:13.230 +03:00 [INF] Microsoft.EntityFrameworkCore.Database.Command: Executed DbCommand (2ms) [Parameters=[], CommandType='"Text"', CommandTimeout='30']
SELECT COUNT(*)
FROM [Tools] AS [t]
WHERE [t].[Status] = N'Approved'
2026-06-19 23:24:13.238 +03:00 [INF] Microsoft.EntityFrameworkCore.Database.Command: Executed DbCommand (5ms) [Parameters=[@__p_0='?' (DbType = Int32), @__p_1='?' (DbType = Int32)], CommandType='"Text"', CommandTimeout='30']
SELECT [t0].[Id], [t0].[AverageRating], [t0].[CategoryId], [t0].[CreatedAt], [t0].[Description], [t0].[DifficultyLevel], [t0].[GitHubUrl], [t0].[Name], [t0].[OwnerId], [t0].[RatingCount], [t0].[Status], [t0].[Tags], [t0].[UsageCount], [u].[Id], [u].[Bio], [u].[CreatedAt], [u].[Email], [u].[GitHubUrl], [u].[PasswordHash], [u].[PasswordResetToken], [u].[PasswordResetTokenExpiry], [u].[ProfilePictureUrl], [u].[RefreshToken], [u].[RefreshTokenExpiry], [u].[Role], [u].[TotalToolsUploaded], [u].[UserName], [c].[Id], [c].[Description], [c].[Name], [c].[Slug]
FROM (
    SELECT [t].[Id], [t].[AverageRating], [t].[CategoryId], [t].[CreatedAt], [t].[Description], [t].[DifficultyLevel], [t].[GitHubUrl], [t].[Name], [t].[OwnerId], [t].[RatingCount], [t].[Status], [t].[Tags], [t].[UsageCount]
    FROM [Tools] AS [t]
    WHERE [t].[Status] = N'Approved'
    ORDER BY [t].[CreatedAt] DESC
    OFFSET @__p_0 ROWS FETCH NEXT @__p_1 ROWS ONLY
) AS [t0]
INNER JOIN [Users] AS [u] ON [t0].[OwnerId] = [u].[Id]
INNER JOIN [Categories] AS [c] ON [t0].[CategoryId] = [c].[Id]
ORDER BY [t0].[CreatedAt] DESC
2026-06-19 23:24:13.244 +03:00 [INF] CyberSphere.Application.Common.Behaviors.LoggingBehavior: Handled GetToolsQuery in 17ms
2026-06-19 23:24:13.246 +03:00 [INF] Serilog.AspNetCore.RequestLoggingMiddleware: HTTP GET /api/marketplace/tools responded 200 in 21.4217ms
2026-06-19 23:24:14.165 +03:00 [INF] CyberSphere.Application.Common.Behaviors.LoggingBehavior: Handling GetCategoriesQuery
2026-06-19 23:24:14.171 +03:00 [INF] Microsoft.EntityFrameworkCore.Database.Command: Executed DbCommand (4ms) [Parameters=[], CommandType='"Text"', CommandTimeout='30']
SELECT [c].[Id], [c].[Description], [c].[Name], [c].[Slug], [t].[Id], [t].[AverageRating], [t].[CategoryId], [t].[CreatedAt], [t].[Description], [t].[DifficultyLevel], [t].[GitHubUrl], [t].[Name], [t].[OwnerId], [t].[RatingCount], [t].[Status], [t].[Tags], [t].[UsageCount]
FROM [Categories] AS [c]
LEFT JOIN [Tools] AS [t] ON [c].[Id] = [t].[CategoryId]
ORDER BY [c].[Name], [c].[Id]
2026-06-19 23:24:14.175 +03:00 [INF] CyberSphere.Application.Common.Behaviors.LoggingBehavior: Handled GetCategoriesQuery in 9ms
2026-06-19 23:24:14.177 +03:00 [INF] Serilog.AspNetCore.RequestLoggingMiddleware: HTTP GET /api/marketplace/categories responded 200 in 12.5376ms
2026-06-19 23:24:23.780 +03:00 [INF] Serilog.AspNetCore.RequestLoggingMiddleware: HTTP OPTIONS /api/marketplace/tools/61299bd2-e81b-44e2-9d1d-6e8f68499b25 responded 204 in 0.0278ms
2026-06-19 23:24:23.837 +03:00 [INF] Serilog.AspNetCore.RequestLoggingMiddleware: HTTP OPTIONS /api/marketplace/tools/61299bd2-e81b-44e2-9d1d-6e8f68499b25 responded 204 in 0.0714ms
2026-06-19 23:24:25.247 +03:00 [INF] CyberSphere.Application.Common.Behaviors.LoggingBehavior: Handling GetToolByIdQuery
2026-06-19 23:24:25.272 +03:00 [INF] Microsoft.EntityFrameworkCore.Database.Command: Executed DbCommand (7ms) [Parameters=[@__id_0='?' (DbType = Guid)], CommandType='"Text"', CommandTimeout='30']
SELECT [t0].[Id], [t0].[AverageRating], [t0].[CategoryId], [t0].[CreatedAt], [t0].[Description], [t0].[DifficultyLevel], [t0].[GitHubUrl], [t0].[Name], [t0].[OwnerId], [t0].[RatingCount], [t0].[Status], [t0].[Tags], [t0].[UsageCount], [t0].[Id0], [t0].[Bio], [t0].[CreatedAt0], [t0].[Email], [t0].[GitHubUrl0], [t0].[PasswordHash], [t0].[PasswordResetToken], [t0].[PasswordResetTokenExpiry], [t0].[ProfilePictureUrl], [t0].[RefreshToken], [t0].[RefreshTokenExpiry], [t0].[Role], [t0].[TotalToolsUploaded], [t0].[UserName], [t0].[Id1], [t0].[Description0], [t0].[Name0], [t0].[Slug], [t1].[Id], [t1].[Description], [t1].[Example], [t1].[Name], [t1].[Syntax], [t1].[ToolId]
FROM (
    SELECT TOP(1) [t].[Id], [t].[AverageRating], [t].[CategoryId], [t].[CreatedAt], [t].[Description], [t].[DifficultyLevel], [t].[GitHubUrl], [t].[Name], [t].[OwnerId], [t].[RatingCount], [t].[Status], [t].[Tags], [t].[UsageCount], [u].[Id] AS [Id0], [u].[Bio], [u].[CreatedAt] AS [CreatedAt0], [u].[Email], [u].[GitHubUrl] AS [GitHubUrl0], [u].[PasswordHash], [u].[PasswordResetToken], [u].[PasswordResetTokenExpiry], [u].[ProfilePictureUrl], [u].[RefreshToken], [u].[RefreshTokenExpiry], [u].[Role], [u].[TotalToolsUploaded], [u].[UserName], [c].[Id] AS [Id1], [c].[Description] AS [Description0], [c].[Name] AS [Name0], [c].[Slug]
    FROM [Tools] AS [t]
    INNER JOIN [Users] AS [u] ON [t].[OwnerId] = [u].[Id]
    INNER JOIN [Categories] AS [c] ON [t].[CategoryId] = [c].[Id]
    WHERE [t].[Id] = @__id_0
) AS [t0]
LEFT JOIN [ToolCommands] AS [t1] ON [t0].[Id] = [t1].[ToolId]
ORDER BY [t0].[Id], [t0].[Id0], [t0].[Id1]
2026-06-19 23:24:25.283 +03:00 [INF] CyberSphere.Application.Common.Behaviors.LoggingBehavior: Handled GetToolByIdQuery in 35ms
2026-06-19 23:24:25.295 +03:00 [INF] Serilog.AspNetCore.RequestLoggingMiddleware: HTTP GET /api/marketplace/tools/61299bd2-e81b-44e2-9d1d-6e8f68499b25 responded 200 in 53.8983ms
2026-06-19 23:24:26.218 +03:00 [INF] CyberSphere.Application.Common.Behaviors.LoggingBehavior: Handling GetToolByIdQuery
2026-06-19 23:24:26.224 +03:00 [INF] Microsoft.EntityFrameworkCore.Database.Command: Executed DbCommand (1ms) [Parameters=[@__id_0='?' (DbType = Guid)], CommandType='"Text"', CommandTimeout='30']
SELECT [t0].[Id], [t0].[AverageRating], [t0].[CategoryId], [t0].[CreatedAt], [t0].[Description], [t0].[DifficultyLevel], [t0].[GitHubUrl], [t0].[Name], [t0].[OwnerId], [t0].[RatingCount], [t0].[Status], [t0].[Tags], [t0].[UsageCount], [t0].[Id0], [t0].[Bio], [t0].[CreatedAt0], [t0].[Email], [t0].[GitHubUrl0], [t0].[PasswordHash], [t0].[PasswordResetToken], [t0].[PasswordResetTokenExpiry], [t0].[ProfilePictureUrl], [t0].[RefreshToken], [t0].[RefreshTokenExpiry], [t0].[Role], [t0].[TotalToolsUploaded], [t0].[UserName], [t0].[Id1], [t0].[Description0], [t0].[Name0], [t0].[Slug], [t1].[Id], [t1].[Description], [t1].[Example], [t1].[Name], [t1].[Syntax], [t1].[ToolId]
FROM (
    SELECT TOP(1) [t].[Id], [t].[AverageRating], [t].[CategoryId], [t].[CreatedAt], [t].[Description], [t].[DifficultyLevel], [t].[GitHubUrl], [t].[Name], [t].[OwnerId], [t].[RatingCount], [t].[Status], [t].[Tags], [t].[UsageCount], [u].[Id] AS [Id0], [u].[Bio], [u].[CreatedAt] AS [CreatedAt0], [u].[Email], [u].[GitHubUrl] AS [GitHubUrl0], [u].[PasswordHash], [u].[PasswordResetToken], [u].[PasswordResetTokenExpiry], [u].[ProfilePictureUrl], [u].[RefreshToken], [u].[RefreshTokenExpiry], [u].[Role], [u].[TotalToolsUploaded], [u].[UserName], [c].[Id] AS [Id1], [c].[Description] AS [Description0], [c].[Name] AS [Name0], [c].[Slug]
    FROM [Tools] AS [t]
    INNER JOIN [Users] AS [u] ON [t].[OwnerId] = [u].[Id]
    INNER JOIN [Categories] AS [c] ON [t].[CategoryId] = [c].[Id]
    WHERE [t].[Id] = @__id_0
) AS [t0]
LEFT JOIN [ToolCommands] AS [t1] ON [t0].[Id] = [t1].[ToolId]
ORDER BY [t0].[Id], [t0].[Id0], [t0].[Id1]
2026-06-19 23:24:26.230 +03:00 [INF] CyberSphere.Application.Common.Behaviors.LoggingBehavior: Handled GetToolByIdQuery in 8ms
2026-06-19 23:24:26.230 +03:00 [INF] Serilog.AspNetCore.RequestLoggingMiddleware: HTTP GET /api/marketplace/tools/61299bd2-e81b-44e2-9d1d-6e8f68499b25 responded 200 in 13.1592ms
2026-06-19 23:24:30.475 +03:00 [INF] Serilog.AspNetCore.RequestLoggingMiddleware: HTTP OPTIONS /api/marketplace/categories responded 204 in 0.0419ms
2026-06-19 23:24:30.477 +03:00 [INF] Serilog.AspNetCore.RequestLoggingMiddleware: HTTP OPTIONS /api/marketplace/tools responded 204 in 0.0304ms
2026-06-19 23:24:30.539 +03:00 [INF] Serilog.AspNetCore.RequestLoggingMiddleware: HTTP OPTIONS /api/marketplace/categories responded 204 in 0.0226ms
2026-06-19 23:24:30.540 +03:00 [INF] Serilog.AspNetCore.RequestLoggingMiddleware: HTTP OPTIONS /api/marketplace/tools responded 204 in 0.0164ms
2026-06-19 23:24:30.720 +03:00 [INF] CyberSphere.Application.Common.Behaviors.LoggingBehavior: Handling GetCategoriesQuery
2026-06-19 23:24:30.726 +03:00 [INF] Microsoft.EntityFrameworkCore.Database.Command: Executed DbCommand (3ms) [Parameters=[], CommandType='"Text"', CommandTimeout='30']
SELECT [c].[Id], [c].[Description], [c].[Name], [c].[Slug], [t].[Id], [t].[AverageRating], [t].[CategoryId], [t].[CreatedAt], [t].[Description], [t].[DifficultyLevel], [t].[GitHubUrl], [t].[Name], [t].[OwnerId], [t].[RatingCount], [t].[Status], [t].[Tags], [t].[UsageCount]
FROM [Categories] AS [c]
LEFT JOIN [Tools] AS [t] ON [c].[Id] = [t].[CategoryId]
ORDER BY [c].[Name], [c].[Id]
2026-06-19 23:24:30.728 +03:00 [INF] CyberSphere.Application.Common.Behaviors.LoggingBehavior: Handled GetCategoriesQuery in 6ms
2026-06-19 23:24:30.729 +03:00 [INF] Serilog.AspNetCore.RequestLoggingMiddleware: HTTP GET /api/marketplace/categories responded 200 in 9.6411ms
2026-06-19 23:24:30.740 +03:00 [INF] CyberSphere.Application.Common.Behaviors.LoggingBehavior: Handling GetToolsQuery
2026-06-19 23:24:30.745 +03:00 [INF] Microsoft.EntityFrameworkCore.Database.Command: Executed DbCommand (2ms) [Parameters=[], CommandType='"Text"', CommandTimeout='30']
SELECT COUNT(*)
FROM [Tools] AS [t]
WHERE [t].[Status] = N'Approved'
2026-06-19 23:24:30.751 +03:00 [INF] Microsoft.EntityFrameworkCore.Database.Command: Executed DbCommand (4ms) [Parameters=[@__p_0='?' (DbType = Int32), @__p_1='?' (DbType = Int32)], CommandType='"Text"', CommandTimeout='30']
SELECT [t0].[Id], [t0].[AverageRating], [t0].[CategoryId], [t0].[CreatedAt], [t0].[Description], [t0].[DifficultyLevel], [t0].[GitHubUrl], [t0].[Name], [t0].[OwnerId], [t0].[RatingCount], [t0].[Status], [t0].[Tags], [t0].[UsageCount], [u].[Id], [u].[Bio], [u].[CreatedAt], [u].[Email], [u].[GitHubUrl], [u].[PasswordHash], [u].[PasswordResetToken], [u].[PasswordResetTokenExpiry], [u].[ProfilePictureUrl], [u].[RefreshToken], [u].[RefreshTokenExpiry], [u].[Role], [u].[TotalToolsUploaded], [u].[UserName], [c].[Id], [c].[Description], [c].[Name], [c].[Slug]
FROM (
    SELECT [t].[Id], [t].[AverageRating], [t].[CategoryId], [t].[CreatedAt], [t].[Description], [t].[DifficultyLevel], [t].[GitHubUrl], [t].[Name], [t].[OwnerId], [t].[RatingCount], [t].[Status], [t].[Tags], [t].[UsageCount]
    FROM [Tools] AS [t]
    WHERE [t].[Status] = N'Approved'
    ORDER BY [t].[CreatedAt] DESC
    OFFSET @__p_0 ROWS FETCH NEXT @__p_1 ROWS ONLY
) AS [t0]
INNER JOIN [Users] AS [u] ON [t0].[OwnerId] = [u].[Id]
INNER JOIN [Categories] AS [c] ON [t0].[CategoryId] = [c].[Id]
ORDER BY [t0].[CreatedAt] DESC
2026-06-19 23:24:30.755 +03:00 [INF] CyberSphere.Application.Common.Behaviors.LoggingBehavior: Handled GetToolsQuery in 12ms
2026-06-19 23:24:30.756 +03:00 [INF] Serilog.AspNetCore.RequestLoggingMiddleware: HTTP GET /api/marketplace/tools responded 200 in 17.1695ms
2026-06-19 23:24:31.197 +03:00 [INF] CyberSphere.Application.Common.Behaviors.LoggingBehavior: Handling GetCategoriesQuery
2026-06-19 23:24:31.200 +03:00 [INF] Microsoft.EntityFrameworkCore.Database.Command: Executed DbCommand (1ms) [Parameters=[], CommandType='"Text"', CommandTimeout='30']
SELECT [c].[Id], [c].[Description], [c].[Name], [c].[Slug], [t].[Id], [t].[AverageRating], [t].[CategoryId], [t].[CreatedAt], [t].[Description], [t].[DifficultyLevel], [t].[GitHubUrl], [t].[Name], [t].[OwnerId], [t].[RatingCount], [t].[Status], [t].[Tags], [t].[UsageCount]
FROM [Categories] AS [c]
LEFT JOIN [Tools] AS [t] ON [c].[Id] = [t].[CategoryId]
ORDER BY [c].[Name], [c].[Id]
2026-06-19 23:24:31.204 +03:00 [INF] CyberSphere.Application.Common.Behaviors.LoggingBehavior: Handled GetCategoriesQuery in 5ms
2026-06-19 23:24:31.205 +03:00 [INF] Serilog.AspNetCore.RequestLoggingMiddleware: HTTP GET /api/marketplace/categories responded 200 in 9.1261ms
2026-06-19 23:24:31.573 +03:00 [INF] CyberSphere.Application.Common.Behaviors.LoggingBehavior: Handling GetToolsQuery
2026-06-19 23:24:31.577 +03:00 [INF] Microsoft.EntityFrameworkCore.Database.Command: Executed DbCommand (1ms) [Parameters=[], CommandType='"Text"', CommandTimeout='30']
SELECT COUNT(*)
FROM [Tools] AS [t]
WHERE [t].[Status] = N'Approved'
2026-06-19 23:24:31.580 +03:00 [INF] Microsoft.EntityFrameworkCore.Database.Command: Executed DbCommand (0ms) [Parameters=[@__p_0='?' (DbType = Int32), @__p_1='?' (DbType = Int32)], CommandType='"Text"', CommandTimeout='30']
SELECT [t0].[Id], [t0].[AverageRating], [t0].[CategoryId], [t0].[CreatedAt], [t0].[Description], [t0].[DifficultyLevel], [t0].[GitHubUrl], [t0].[Name], [t0].[OwnerId], [t0].[RatingCount], [t0].[Status], [t0].[Tags], [t0].[UsageCount], [u].[Id], [u].[Bio], [u].[CreatedAt], [u].[Email], [u].[GitHubUrl], [u].[PasswordHash], [u].[PasswordResetToken], [u].[PasswordResetTokenExpiry], [u].[ProfilePictureUrl], [u].[RefreshToken], [u].[RefreshTokenExpiry], [u].[Role], [u].[TotalToolsUploaded], [u].[UserName], [c].[Id], [c].[Description], [c].[Name], [c].[Slug]
FROM (
    SELECT [t].[Id], [t].[AverageRating], [t].[CategoryId], [t].[CreatedAt], [t].[Description], [t].[DifficultyLevel], [t].[GitHubUrl], [t].[Name], [t].[OwnerId], [t].[RatingCount], [t].[Status], [t].[Tags], [t].[UsageCount]
    FROM [Tools] AS [t]
    WHERE [t].[Status] = N'Approved'
    ORDER BY [t].[CreatedAt] DESC
    OFFSET @__p_0 ROWS FETCH NEXT @__p_1 ROWS ONLY
) AS [t0]
INNER JOIN [Users] AS [u] ON [t0].[OwnerId] = [u].[Id]
INNER JOIN [Categories] AS [c] ON [t0].[CategoryId] = [c].[Id]
ORDER BY [t0].[CreatedAt] DESC
2026-06-19 23:24:31.584 +03:00 [INF] CyberSphere.Application.Common.Behaviors.LoggingBehavior: Handled GetToolsQuery in 9ms
2026-06-19 23:24:31.585 +03:00 [INF] Serilog.AspNetCore.RequestLoggingMiddleware: HTTP GET /api/marketplace/tools responded 200 in 12.5452ms
2026-06-19 23:25:36.744 +03:00 [INF] Serilog.AspNetCore.RequestLoggingMiddleware: HTTP OPTIONS /api/marketplace/tools responded 204 in 0.0314ms
2026-06-19 23:25:36.764 +03:00 [INF] Serilog.AspNetCore.RequestLoggingMiddleware: HTTP OPTIONS /api/marketplace/categories responded 204 in 0.1286ms
2026-06-19 23:25:36.815 +03:00 [INF] Serilog.AspNetCore.RequestLoggingMiddleware: HTTP OPTIONS /api/marketplace/categories responded 204 in 0.0313ms
2026-06-19 23:25:36.819 +03:00 [INF] Serilog.AspNetCore.RequestLoggingMiddleware: HTTP OPTIONS /api/marketplace/tools responded 204 in 0.0229ms
2026-06-19 23:25:37.292 +03:00 [INF] CyberSphere.Application.Common.Behaviors.LoggingBehavior: Handling GetToolsQuery
2026-06-19 23:25:37.297 +03:00 [INF] Microsoft.EntityFrameworkCore.Database.Command: Executed DbCommand (2ms) [Parameters=[], CommandType='"Text"', CommandTimeout='30']
SELECT COUNT(*)
FROM [Tools] AS [t]
WHERE [t].[Status] = N'Approved'
2026-06-19 23:25:37.299 +03:00 [INF] CyberSphere.Application.Common.Behaviors.LoggingBehavior: Handling GetCategoriesQuery
2026-06-19 23:25:37.305 +03:00 [INF] Microsoft.EntityFrameworkCore.Database.Command: Executed DbCommand (5ms) [Parameters=[@__p_0='?' (DbType = Int32), @__p_1='?' (DbType = Int32)], CommandType='"Text"', CommandTimeout='30']
SELECT [t0].[Id], [t0].[AverageRating], [t0].[CategoryId], [t0].[CreatedAt], [t0].[Description], [t0].[DifficultyLevel], [t0].[GitHubUrl], [t0].[Name], [t0].[OwnerId], [t0].[RatingCount], [t0].[Status], [t0].[Tags], [t0].[UsageCount], [u].[Id], [u].[Bio], [u].[CreatedAt], [u].[Email], [u].[GitHubUrl], [u].[PasswordHash], [u].[PasswordResetToken], [u].[PasswordResetTokenExpiry], [u].[ProfilePictureUrl], [u].[RefreshToken], [u].[RefreshTokenExpiry], [u].[Role], [u].[TotalToolsUploaded], [u].[UserName], [c].[Id], [c].[Description], [c].[Name], [c].[Slug]
FROM (
    SELECT [t].[Id], [t].[AverageRating], [t].[CategoryId], [t].[CreatedAt], [t].[Description], [t].[DifficultyLevel], [t].[GitHubUrl], [t].[Name], [t].[OwnerId], [t].[RatingCount], [t].[Status], [t].[Tags], [t].[UsageCount]
    FROM [Tools] AS [t]
    WHERE [t].[Status] = N'Approved'
    ORDER BY [t].[CreatedAt] DESC
    OFFSET @__p_0 ROWS FETCH NEXT @__p_1 ROWS ONLY
) AS [t0]
INNER JOIN [Users] AS [u] ON [t0].[OwnerId] = [u].[Id]
INNER JOIN [Categories] AS [c] ON [t0].[CategoryId] = [c].[Id]
ORDER BY [t0].[CreatedAt] DESC
2026-06-19 23:25:37.311 +03:00 [INF] Microsoft.EntityFrameworkCore.Database.Command: Executed DbCommand (3ms) [Parameters=[], CommandType='"Text"', CommandTimeout='30']
SELECT [c].[Id], [c].[Description], [c].[Name], [c].[Slug], [t].[Id], [t].[AverageRating], [t].[CategoryId], [t].[CreatedAt], [t].[Description], [t].[DifficultyLevel], [t].[GitHubUrl], [t].[Name], [t].[OwnerId], [t].[RatingCount], [t].[Status], [t].[Tags], [t].[UsageCount]
FROM [Categories] AS [c]
LEFT JOIN [Tools] AS [t] ON [c].[Id] = [t].[CategoryId]
ORDER BY [c].[Name], [c].[Id]
2026-06-19 23:25:37.312 +03:00 [INF] CyberSphere.Application.Common.Behaviors.LoggingBehavior: Handled GetToolsQuery in 18ms
2026-06-19 23:25:37.314 +03:00 [INF] CyberSphere.Application.Common.Behaviors.LoggingBehavior: Handled GetCategoriesQuery in 14ms
2026-06-19 23:25:37.316 +03:00 [INF] Serilog.AspNetCore.RequestLoggingMiddleware: HTTP GET /api/marketplace/tools responded 200 in 24.7622ms
2026-06-19 23:25:37.316 +03:00 [INF] Serilog.AspNetCore.RequestLoggingMiddleware: HTTP GET /api/marketplace/categories responded 200 in 17.9782ms
2026-06-19 23:25:37.541 +03:00 [INF] CyberSphere.Application.Common.Behaviors.LoggingBehavior: Handling GetToolsQuery
2026-06-19 23:25:37.545 +03:00 [INF] Microsoft.EntityFrameworkCore.Database.Command: Executed DbCommand (1ms) [Parameters=[], CommandType='"Text"', CommandTimeout='30']
SELECT COUNT(*)
FROM [Tools] AS [t]
WHERE [t].[Status] = N'Approved'
2026-06-19 23:25:37.549 +03:00 [INF] Microsoft.EntityFrameworkCore.Database.Command: Executed DbCommand (1ms) [Parameters=[@__p_0='?' (DbType = Int32), @__p_1='?' (DbType = Int32)], CommandType='"Text"', CommandTimeout='30']
SELECT [t0].[Id], [t0].[AverageRating], [t0].[CategoryId], [t0].[CreatedAt], [t0].[Description], [t0].[DifficultyLevel], [t0].[GitHubUrl], [t0].[Name], [t0].[OwnerId], [t0].[RatingCount], [t0].[Status], [t0].[Tags], [t0].[UsageCount], [u].[Id], [u].[Bio], [u].[CreatedAt], [u].[Email], [u].[GitHubUrl], [u].[PasswordHash], [u].[PasswordResetToken], [u].[PasswordResetTokenExpiry], [u].[ProfilePictureUrl], [u].[RefreshToken], [u].[RefreshTokenExpiry], [u].[Role], [u].[TotalToolsUploaded], [u].[UserName], [c].[Id], [c].[Description], [c].[Name], [c].[Slug]
FROM (
    SELECT [t].[Id], [t].[AverageRating], [t].[CategoryId], [t].[CreatedAt], [t].[Description], [t].[DifficultyLevel], [t].[GitHubUrl], [t].[Name], [t].[OwnerId], [t].[RatingCount], [t].[Status], [t].[Tags], [t].[UsageCount]
    FROM [Tools] AS [t]
    WHERE [t].[Status] = N'Approved'
    ORDER BY [t].[CreatedAt] DESC
    OFFSET @__p_0 ROWS FETCH NEXT @__p_1 ROWS ONLY
) AS [t0]
INNER JOIN [Users] AS [u] ON [t0].[OwnerId] = [u].[Id]
INNER JOIN [Categories] AS [c] ON [t0].[CategoryId] = [c].[Id]
ORDER BY [t0].[CreatedAt] DESC
2026-06-19 23:25:37.553 +03:00 [INF] CyberSphere.Application.Common.Behaviors.LoggingBehavior: Handled GetToolsQuery in 10ms
2026-06-19 23:25:37.554 +03:00 [INF] Serilog.AspNetCore.RequestLoggingMiddleware: HTTP GET /api/marketplace/tools responded 200 in 13.3769ms
2026-06-19 23:25:37.566 +03:00 [INF] CyberSphere.Application.Common.Behaviors.LoggingBehavior: Handling GetCategoriesQuery
2026-06-19 23:25:37.570 +03:00 [INF] Microsoft.EntityFrameworkCore.Database.Command: Executed DbCommand (1ms) [Parameters=[], CommandType='"Text"', CommandTimeout='30']
SELECT [c].[Id], [c].[Description], [c].[Name], [c].[Slug], [t].[Id], [t].[AverageRating], [t].[CategoryId], [t].[CreatedAt], [t].[Description], [t].[DifficultyLevel], [t].[GitHubUrl], [t].[Name], [t].[OwnerId], [t].[RatingCount], [t].[Status], [t].[Tags], [t].[UsageCount]
FROM [Categories] AS [c]
LEFT JOIN [Tools] AS [t] ON [c].[Id] = [t].[CategoryId]
ORDER BY [c].[Name], [c].[Id]
2026-06-19 23:25:37.573 +03:00 [INF] CyberSphere.Application.Common.Behaviors.LoggingBehavior: Handled GetCategoriesQuery in 4ms
2026-06-19 23:25:37.574 +03:00 [INF] Serilog.AspNetCore.RequestLoggingMiddleware: HTTP GET /api/marketplace/categories responded 200 in 8.4311ms
2026-06-19 23:26:46.341 +03:00 [INF] Serilog.AspNetCore.RequestLoggingMiddleware: HTTP OPTIONS /api/marketplace/tools/61299bd2-e81b-44e2-9d1d-6e8f68499b25 responded 204 in 0.0311ms
2026-06-19 23:26:46.343 +03:00 [INF] Serilog.AspNetCore.RequestLoggingMiddleware: HTTP OPTIONS /api/marketplace/tools/61299bd2-e81b-44e2-9d1d-6e8f68499b25 responded 204 in 0.0251ms
2026-06-19 23:26:46.744 +03:00 [INF] CyberSphere.Application.Common.Behaviors.LoggingBehavior: Handling GetToolByIdQuery
2026-06-19 23:26:46.752 +03:00 [INF] Microsoft.EntityFrameworkCore.Database.Command: Executed DbCommand (5ms) [Parameters=[@__id_0='?' (DbType = Guid)], CommandType='"Text"', CommandTimeout='30']
SELECT [t0].[Id], [t0].[AverageRating], [t0].[CategoryId], [t0].[CreatedAt], [t0].[Description], [t0].[DifficultyLevel], [t0].[GitHubUrl], [t0].[Name], [t0].[OwnerId], [t0].[RatingCount], [t0].[Status], [t0].[Tags], [t0].[UsageCount], [t0].[Id0], [t0].[Bio], [t0].[CreatedAt0], [t0].[Email], [t0].[GitHubUrl0], [t0].[PasswordHash], [t0].[PasswordResetToken], [t0].[PasswordResetTokenExpiry], [t0].[ProfilePictureUrl], [t0].[RefreshToken], [t0].[RefreshTokenExpiry], [t0].[Role], [t0].[TotalToolsUploaded], [t0].[UserName], [t0].[Id1], [t0].[Description0], [t0].[Name0], [t0].[Slug], [t1].[Id], [t1].[Description], [t1].[Example], [t1].[Name], [t1].[Syntax], [t1].[ToolId]
FROM (
    SELECT TOP(1) [t].[Id], [t].[AverageRating], [t].[CategoryId], [t].[CreatedAt], [t].[Description], [t].[DifficultyLevel], [t].[GitHubUrl], [t].[Name], [t].[OwnerId], [t].[RatingCount], [t].[Status], [t].[Tags], [t].[UsageCount], [u].[Id] AS [Id0], [u].[Bio], [u].[CreatedAt] AS [CreatedAt0], [u].[Email], [u].[GitHubUrl] AS [GitHubUrl0], [u].[PasswordHash], [u].[PasswordResetToken], [u].[PasswordResetTokenExpiry], [u].[ProfilePictureUrl], [u].[RefreshToken], [u].[RefreshTokenExpiry], [u].[Role], [u].[TotalToolsUploaded], [u].[UserName], [c].[Id] AS [Id1], [c].[Description] AS [Description0], [c].[Name] AS [Name0], [c].[Slug]
    FROM [Tools] AS [t]
    INNER JOIN [Users] AS [u] ON [t].[OwnerId] = [u].[Id]
    INNER JOIN [Categories] AS [c] ON [t].[CategoryId] = [c].[Id]
    WHERE [t].[Id] = @__id_0
) AS [t0]
LEFT JOIN [ToolCommands] AS [t1] ON [t0].[Id] = [t1].[ToolId]
ORDER BY [t0].[Id], [t0].[Id0], [t0].[Id1]
2026-06-19 23:26:46.760 +03:00 [INF] CyberSphere.Application.Common.Behaviors.LoggingBehavior: Handled GetToolByIdQuery in 13ms
2026-06-19 23:26:46.761 +03:00 [INF] Serilog.AspNetCore.RequestLoggingMiddleware: HTTP GET /api/marketplace/tools/61299bd2-e81b-44e2-9d1d-6e8f68499b25 responded 200 in 16.9834ms
2026-06-19 23:26:47.158 +03:00 [INF] CyberSphere.Application.Common.Behaviors.LoggingBehavior: Handling GetToolByIdQuery
2026-06-19 23:26:47.165 +03:00 [INF] Microsoft.EntityFrameworkCore.Database.Command: Executed DbCommand (2ms) [Parameters=[@__id_0='?' (DbType = Guid)], CommandType='"Text"', CommandTimeout='30']
SELECT [t0].[Id], [t0].[AverageRating], [t0].[CategoryId], [t0].[CreatedAt], [t0].[Description], [t0].[DifficultyLevel], [t0].[GitHubUrl], [t0].[Name], [t0].[OwnerId], [t0].[RatingCount], [t0].[Status], [t0].[Tags], [t0].[UsageCount], [t0].[Id0], [t0].[Bio], [t0].[CreatedAt0], [t0].[Email], [t0].[GitHubUrl0], [t0].[PasswordHash], [t0].[PasswordResetToken], [t0].[PasswordResetTokenExpiry], [t0].[ProfilePictureUrl], [t0].[RefreshToken], [t0].[RefreshTokenExpiry], [t0].[Role], [t0].[TotalToolsUploaded], [t0].[UserName], [t0].[Id1], [t0].[Description0], [t0].[Name0], [t0].[Slug], [t1].[Id], [t1].[Description], [t1].[Example], [t1].[Name], [t1].[Syntax], [t1].[ToolId]
FROM (
    SELECT TOP(1) [t].[Id], [t].[AverageRating], [t].[CategoryId], [t].[CreatedAt], [t].[Description], [t].[DifficultyLevel], [t].[GitHubUrl], [t].[Name], [t].[OwnerId], [t].[RatingCount], [t].[Status], [t].[Tags], [t].[UsageCount], [u].[Id] AS [Id0], [u].[Bio], [u].[CreatedAt] AS [CreatedAt0], [u].[Email], [u].[GitHubUrl] AS [GitHubUrl0], [u].[PasswordHash], [u].[PasswordResetToken], [u].[PasswordResetTokenExpiry], [u].[ProfilePictureUrl], [u].[RefreshToken], [u].[RefreshTokenExpiry], [u].[Role], [u].[TotalToolsUploaded], [u].[UserName], [c].[Id] AS [Id1], [c].[Description] AS [Description0], [c].[Name] AS [Name0], [c].[Slug]
    FROM [Tools] AS [t]
    INNER JOIN [Users] AS [u] ON [t].[OwnerId] = [u].[Id]
    INNER JOIN [Categories] AS [c] ON [t].[CategoryId] = [c].[Id]
    WHERE [t].[Id] = @__id_0
) AS [t0]
LEFT JOIN [ToolCommands] AS [t1] ON [t0].[Id] = [t1].[ToolId]
ORDER BY [t0].[Id], [t0].[Id0], [t0].[Id1]
2026-06-19 23:26:47.169 +03:00 [INF] CyberSphere.Application.Common.Behaviors.LoggingBehavior: Handled GetToolByIdQuery in 7ms
2026-06-19 23:26:47.170 +03:00 [INF] Serilog.AspNetCore.RequestLoggingMiddleware: HTTP GET /api/marketplace/tools/61299bd2-e81b-44e2-9d1d-6e8f68499b25 responded 200 in 13.3646ms
2026-06-19 23:26:47.230 +03:00 [INF] Serilog.AspNetCore.RequestLoggingMiddleware: HTTP OPTIONS /api/tools/61299bd2-e81b-44e2-9d1d-6e8f68499b25/usage responded 204 in 0.0414ms
2026-06-19 23:26:47.827 +03:00 [INF] Serilog.AspNetCore.RequestLoggingMiddleware: HTTP OPTIONS /api/tools/61299bd2-e81b-44e2-9d1d-6e8f68499b25/usage responded 204 in 0.0290ms
2026-06-19 23:26:47.880 +03:00 [INF] Serilog.AspNetCore.RequestLoggingMiddleware: HTTP POST /api/tools/61299bd2-e81b-44e2-9d1d-6e8f68499b25/usage responded 401 in 0.7216ms
2026-06-19 23:26:48.629 +03:00 [INF] Serilog.AspNetCore.RequestLoggingMiddleware: HTTP POST /api/tools/61299bd2-e81b-44e2-9d1d-6e8f68499b25/usage responded 401 in 0.6836ms
2026-06-19 23:26:48.642 +03:00 [INF] Serilog.AspNetCore.RequestLoggingMiddleware: HTTP OPTIONS /auth/refresh-token responded 204 in 0.0314ms
2026-06-19 23:26:48.840 +03:00 [INF] Serilog.AspNetCore.RequestLoggingMiddleware: HTTP POST /auth/refresh-token responded 404 in 0.1059ms
2026-06-19 23:26:53.171 +03:00 [INF] Serilog.AspNetCore.RequestLoggingMiddleware: HTTP OPTIONS /api/auth/login responded 204 in 0.0485ms
2026-06-19 23:26:53.440 +03:00 [INF] CyberSphere.Application.Common.Behaviors.LoggingBehavior: Handling LoginCommand
2026-06-19 23:26:53.444 +03:00 [INF] Microsoft.EntityFrameworkCore.Database.Command: Executed DbCommand (1ms) [Parameters=[@__ToLowerInvariant_0='?' (Size = 200)], CommandType='"Text"', CommandTimeout='30']
SELECT TOP(1) [u].[Id], [u].[Bio], [u].[CreatedAt], [u].[Email], [u].[GitHubUrl], [u].[PasswordHash], [u].[PasswordResetToken], [u].[PasswordResetTokenExpiry], [u].[ProfilePictureUrl], [u].[RefreshToken], [u].[RefreshTokenExpiry], [u].[Role], [u].[TotalToolsUploaded], [u].[UserName]
FROM [Users] AS [u]
WHERE [u].[Email] = @__ToLowerInvariant_0
2026-06-19 23:26:53.715 +03:00 [INF] Microsoft.EntityFrameworkCore.Database.Command: Executed DbCommand (3ms) [Parameters=[@p2='?' (DbType = Guid), @p0='?' (Size = 500), @p1='?' (DbType = DateTime2)], CommandType='"Text"', CommandTimeout='30']
SET IMPLICIT_TRANSACTIONS OFF;
SET NOCOUNT ON;
UPDATE [Users] SET [RefreshToken] = @p0, [RefreshTokenExpiry] = @p1
OUTPUT 1
WHERE [Id] = @p2;
2026-06-19 23:26:53.719 +03:00 [INF] CyberSphere.Application.Common.Behaviors.LoggingBehavior: Handled LoginCommand in 278ms
2026-06-19 23:26:53.720 +03:00 [INF] Serilog.AspNetCore.RequestLoggingMiddleware: HTTP POST /api/auth/login responded 200 in 290.2038ms
2026-06-19 23:26:56.630 +03:00 [INF] Serilog.AspNetCore.RequestLoggingMiddleware: HTTP OPTIONS /api/marketplace/categories responded 204 in 0.0293ms
2026-06-19 23:26:56.638 +03:00 [INF] Serilog.AspNetCore.RequestLoggingMiddleware: HTTP OPTIONS /api/marketplace/tools responded 204 in 0.0306ms
2026-06-19 23:26:56.652 +03:00 [INF] Serilog.AspNetCore.RequestLoggingMiddleware: HTTP OPTIONS /api/marketplace/categories responded 204 in 0.0253ms
2026-06-19 23:26:56.703 +03:00 [INF] Serilog.AspNetCore.RequestLoggingMiddleware: HTTP OPTIONS /api/marketplace/tools responded 204 in 0.0303ms
2026-06-19 23:26:56.901 +03:00 [INF] CyberSphere.Application.Common.Behaviors.LoggingBehavior: Handling GetCategoriesQuery
2026-06-19 23:26:56.907 +03:00 [INF] Microsoft.EntityFrameworkCore.Database.Command: Executed DbCommand (4ms) [Parameters=[], CommandType='"Text"', CommandTimeout='30']
SELECT [c].[Id], [c].[Description], [c].[Name], [c].[Slug], [t].[Id], [t].[AverageRating], [t].[CategoryId], [t].[CreatedAt], [t].[Description], [t].[DifficultyLevel], [t].[GitHubUrl], [t].[Name], [t].[OwnerId], [t].[RatingCount], [t].[Status], [t].[Tags], [t].[UsageCount]
FROM [Categories] AS [c]
LEFT JOIN [Tools] AS [t] ON [c].[Id] = [t].[CategoryId]
ORDER BY [c].[Name], [c].[Id]
2026-06-19 23:26:56.909 +03:00 [INF] CyberSphere.Application.Common.Behaviors.LoggingBehavior: Handled GetCategoriesQuery in 7ms
2026-06-19 23:26:56.910 +03:00 [INF] Serilog.AspNetCore.RequestLoggingMiddleware: HTTP GET /api/marketplace/categories responded 200 in 9.7127ms
2026-06-19 23:26:56.929 +03:00 [INF] CyberSphere.Application.Common.Behaviors.LoggingBehavior: Handling GetToolsQuery
2026-06-19 23:26:56.934 +03:00 [INF] Microsoft.EntityFrameworkCore.Database.Command: Executed DbCommand (2ms) [Parameters=[], CommandType='"Text"', CommandTimeout='30']
SELECT COUNT(*)
FROM [Tools] AS [t]
WHERE [t].[Status] = N'Approved'
2026-06-19 23:26:56.942 +03:00 [INF] Microsoft.EntityFrameworkCore.Database.Command: Executed DbCommand (4ms) [Parameters=[@__p_0='?' (DbType = Int32), @__p_1='?' (DbType = Int32)], CommandType='"Text"', CommandTimeout='30']
SELECT [t0].[Id], [t0].[AverageRating], [t0].[CategoryId], [t0].[CreatedAt], [t0].[Description], [t0].[DifficultyLevel], [t0].[GitHubUrl], [t0].[Name], [t0].[OwnerId], [t0].[RatingCount], [t0].[Status], [t0].[Tags], [t0].[UsageCount], [u].[Id], [u].[Bio], [u].[CreatedAt], [u].[Email], [u].[GitHubUrl], [u].[PasswordHash], [u].[PasswordResetToken], [u].[PasswordResetTokenExpiry], [u].[ProfilePictureUrl], [u].[RefreshToken], [u].[RefreshTokenExpiry], [u].[Role], [u].[TotalToolsUploaded], [u].[UserName], [c].[Id], [c].[Description], [c].[Name], [c].[Slug]
FROM (
    SELECT [t].[Id], [t].[AverageRating], [t].[CategoryId], [t].[CreatedAt], [t].[Description], [t].[DifficultyLevel], [t].[GitHubUrl], [t].[Name], [t].[OwnerId], [t].[RatingCount], [t].[Status], [t].[Tags], [t].[UsageCount]
    FROM [Tools] AS [t]
    WHERE [t].[Status] = N'Approved'
    ORDER BY [t].[CreatedAt] DESC
    OFFSET @__p_0 ROWS FETCH NEXT @__p_1 ROWS ONLY
) AS [t0]
INNER JOIN [Users] AS [u] ON [t0].[OwnerId] = [u].[Id]
INNER JOIN [Categories] AS [c] ON [t0].[CategoryId] = [c].[Id]
ORDER BY [t0].[CreatedAt] DESC
2026-06-19 23:26:56.947 +03:00 [INF] CyberSphere.Application.Common.Behaviors.LoggingBehavior: Handled GetToolsQuery in 16ms
2026-06-19 23:26:56.948 +03:00 [INF] Serilog.AspNetCore.RequestLoggingMiddleware: HTTP GET /api/marketplace/tools responded 200 in 19.3567ms
2026-06-19 23:26:57.256 +03:00 [INF] CyberSphere.Application.Common.Behaviors.LoggingBehavior: Handling GetCategoriesQuery
2026-06-19 23:26:57.259 +03:00 [INF] Microsoft.EntityFrameworkCore.Database.Command: Executed DbCommand (1ms) [Parameters=[], CommandType='"Text"', CommandTimeout='30']
SELECT [c].[Id], [c].[Description], [c].[Name], [c].[Slug], [t].[Id], [t].[AverageRating], [t].[CategoryId], [t].[CreatedAt], [t].[Description], [t].[DifficultyLevel], [t].[GitHubUrl], [t].[Name], [t].[OwnerId], [t].[RatingCount], [t].[Status], [t].[Tags], [t].[UsageCount]
FROM [Categories] AS [c]
LEFT JOIN [Tools] AS [t] ON [c].[Id] = [t].[CategoryId]
ORDER BY [c].[Name], [c].[Id]
2026-06-19 23:26:57.263 +03:00 [INF] CyberSphere.Application.Common.Behaviors.LoggingBehavior: Handled GetCategoriesQuery in 5ms
2026-06-19 23:26:57.264 +03:00 [INF] Serilog.AspNetCore.RequestLoggingMiddleware: HTTP GET /api/marketplace/categories responded 200 in 8.0180ms
2026-06-19 23:26:57.383 +03:00 [INF] CyberSphere.Application.Common.Behaviors.LoggingBehavior: Handling GetToolsQuery
2026-06-19 23:26:57.390 +03:00 [INF] Microsoft.EntityFrameworkCore.Database.Command: Executed DbCommand (3ms) [Parameters=[], CommandType='"Text"', CommandTimeout='30']
SELECT COUNT(*)
FROM [Tools] AS [t]
WHERE [t].[Status] = N'Approved'
2026-06-19 23:26:57.400 +03:00 [INF] Microsoft.EntityFrameworkCore.Database.Command: Executed DbCommand (7ms) [Parameters=[@__p_0='?' (DbType = Int32), @__p_1='?' (DbType = Int32)], CommandType='"Text"', CommandTimeout='30']
SELECT [t0].[Id], [t0].[AverageRating], [t0].[CategoryId], [t0].[CreatedAt], [t0].[Description], [t0].[DifficultyLevel], [t0].[GitHubUrl], [t0].[Name], [t0].[OwnerId], [t0].[RatingCount], [t0].[Status], [t0].[Tags], [t0].[UsageCount], [u].[Id], [u].[Bio], [u].[CreatedAt], [u].[Email], [u].[GitHubUrl], [u].[PasswordHash], [u].[PasswordResetToken], [u].[PasswordResetTokenExpiry], [u].[ProfilePictureUrl], [u].[RefreshToken], [u].[RefreshTokenExpiry], [u].[Role], [u].[TotalToolsUploaded], [u].[UserName], [c].[Id], [c].[Description], [c].[Name], [c].[Slug]
FROM (
    SELECT [t].[Id], [t].[AverageRating], [t].[CategoryId], [t].[CreatedAt], [t].[Description], [t].[DifficultyLevel], [t].[GitHubUrl], [t].[Name], [t].[OwnerId], [t].[RatingCount], [t].[Status], [t].[Tags], [t].[UsageCount]
    FROM [Tools] AS [t]
    WHERE [t].[Status] = N'Approved'
    ORDER BY [t].[CreatedAt] DESC
    OFFSET @__p_0 ROWS FETCH NEXT @__p_1 ROWS ONLY
) AS [t0]
INNER JOIN [Users] AS [u] ON [t0].[OwnerId] = [u].[Id]
INNER JOIN [Categories] AS [c] ON [t0].[CategoryId] = [c].[Id]
ORDER BY [t0].[CreatedAt] DESC
2026-06-19 23:26:57.482 +03:00 [INF] CyberSphere.Application.Common.Behaviors.LoggingBehavior: Handled GetToolsQuery in 97ms
2026-06-19 23:26:57.487 +03:00 [INF] Serilog.AspNetCore.RequestLoggingMiddleware: HTTP GET /api/marketplace/tools responded 200 in 104.0425ms
2026-06-19 23:27:08.006 +03:00 [INF] Serilog.AspNetCore.RequestLoggingMiddleware: HTTP OPTIONS /api/marketplace/tools/61299bd2-e81b-44e2-9d1d-6e8f68499b25 responded 204 in 0.0373ms
2026-06-19 23:27:08.012 +03:00 [INF] Serilog.AspNetCore.RequestLoggingMiddleware: HTTP OPTIONS /api/marketplace/tools/61299bd2-e81b-44e2-9d1d-6e8f68499b25 responded 204 in 0.0488ms
2026-06-19 23:27:08.467 +03:00 [INF] CyberSphere.Application.Common.Behaviors.LoggingBehavior: Handling GetToolByIdQuery
2026-06-19 23:27:08.474 +03:00 [INF] Microsoft.EntityFrameworkCore.Database.Command: Executed DbCommand (5ms) [Parameters=[@__id_0='?' (DbType = Guid)], CommandType='"Text"', CommandTimeout='30']
SELECT [t0].[Id], [t0].[AverageRating], [t0].[CategoryId], [t0].[CreatedAt], [t0].[Description], [t0].[DifficultyLevel], [t0].[GitHubUrl], [t0].[Name], [t0].[OwnerId], [t0].[RatingCount], [t0].[Status], [t0].[Tags], [t0].[UsageCount], [t0].[Id0], [t0].[Bio], [t0].[CreatedAt0], [t0].[Email], [t0].[GitHubUrl0], [t0].[PasswordHash], [t0].[PasswordResetToken], [t0].[PasswordResetTokenExpiry], [t0].[ProfilePictureUrl], [t0].[RefreshToken], [t0].[RefreshTokenExpiry], [t0].[Role], [t0].[TotalToolsUploaded], [t0].[UserName], [t0].[Id1], [t0].[Description0], [t0].[Name0], [t0].[Slug], [t1].[Id], [t1].[Description], [t1].[Example], [t1].[Name], [t1].[Syntax], [t1].[ToolId]
FROM (
    SELECT TOP(1) [t].[Id], [t].[AverageRating], [t].[CategoryId], [t].[CreatedAt], [t].[Description], [t].[DifficultyLevel], [t].[GitHubUrl], [t].[Name], [t].[OwnerId], [t].[RatingCount], [t].[Status], [t].[Tags], [t].[UsageCount], [u].[Id] AS [Id0], [u].[Bio], [u].[CreatedAt] AS [CreatedAt0], [u].[Email], [u].[GitHubUrl] AS [GitHubUrl0], [u].[PasswordHash], [u].[PasswordResetToken], [u].[PasswordResetTokenExpiry], [u].[ProfilePictureUrl], [u].[RefreshToken], [u].[RefreshTokenExpiry], [u].[Role], [u].[TotalToolsUploaded], [u].[UserName], [c].[Id] AS [Id1], [c].[Description] AS [Description0], [c].[Name] AS [Name0], [c].[Slug]
    FROM [Tools] AS [t]
    INNER JOIN [Users] AS [u] ON [t].[OwnerId] = [u].[Id]
    INNER JOIN [Categories] AS [c] ON [t].[CategoryId] = [c].[Id]
    WHERE [t].[Id] = @__id_0
) AS [t0]
LEFT JOIN [ToolCommands] AS [t1] ON [t0].[Id] = [t1].[ToolId]
ORDER BY [t0].[Id], [t0].[Id0], [t0].[Id1]
2026-06-19 23:27:08.478 +03:00 [INF] CyberSphere.Application.Common.Behaviors.LoggingBehavior: Handled GetToolByIdQuery in 9ms
2026-06-19 23:27:08.479 +03:00 [INF] Serilog.AspNetCore.RequestLoggingMiddleware: HTTP GET /api/marketplace/tools/61299bd2-e81b-44e2-9d1d-6e8f68499b25 responded 200 in 12.2533ms
2026-06-19 23:27:08.756 +03:00 [INF] CyberSphere.Application.Common.Behaviors.LoggingBehavior: Handling GetToolByIdQuery
2026-06-19 23:27:08.759 +03:00 [INF] Microsoft.EntityFrameworkCore.Database.Command: Executed DbCommand (1ms) [Parameters=[@__id_0='?' (DbType = Guid)], CommandType='"Text"', CommandTimeout='30']
SELECT [t0].[Id], [t0].[AverageRating], [t0].[CategoryId], [t0].[CreatedAt], [t0].[Description], [t0].[DifficultyLevel], [t0].[GitHubUrl], [t0].[Name], [t0].[OwnerId], [t0].[RatingCount], [t0].[Status], [t0].[Tags], [t0].[UsageCount], [t0].[Id0], [t0].[Bio], [t0].[CreatedAt0], [t0].[Email], [t0].[GitHubUrl0], [t0].[PasswordHash], [t0].[PasswordResetToken], [t0].[PasswordResetTokenExpiry], [t0].[ProfilePictureUrl], [t0].[RefreshToken], [t0].[RefreshTokenExpiry], [t0].[Role], [t0].[TotalToolsUploaded], [t0].[UserName], [t0].[Id1], [t0].[Description0], [t0].[Name0], [t0].[Slug], [t1].[Id], [t1].[Description], [t1].[Example], [t1].[Name], [t1].[Syntax], [t1].[ToolId]
FROM (
    SELECT TOP(1) [t].[Id], [t].[AverageRating], [t].[CategoryId], [t].[CreatedAt], [t].[Description], [t].[DifficultyLevel], [t].[GitHubUrl], [t].[Name], [t].[OwnerId], [t].[RatingCount], [t].[Status], [t].[Tags], [t].[UsageCount], [u].[Id] AS [Id0], [u].[Bio], [u].[CreatedAt] AS [CreatedAt0], [u].[Email], [u].[GitHubUrl] AS [GitHubUrl0], [u].[PasswordHash], [u].[PasswordResetToken], [u].[PasswordResetTokenExpiry], [u].[ProfilePictureUrl], [u].[RefreshToken], [u].[RefreshTokenExpiry], [u].[Role], [u].[TotalToolsUploaded], [u].[UserName], [c].[Id] AS [Id1], [c].[Description] AS [Description0], [c].[Name] AS [Name0], [c].[Slug]
    FROM [Tools] AS [t]
    INNER JOIN [Users] AS [u] ON [t].[OwnerId] = [u].[Id]
    INNER JOIN [Categories] AS [c] ON [t].[CategoryId] = [c].[Id]
    WHERE [t].[Id] = @__id_0
) AS [t0]
LEFT JOIN [ToolCommands] AS [t1] ON [t0].[Id] = [t1].[ToolId]
ORDER BY [t0].[Id], [t0].[Id0], [t0].[Id1]
2026-06-19 23:27:08.764 +03:00 [INF] CyberSphere.Application.Common.Behaviors.LoggingBehavior: Handled GetToolByIdQuery in 6ms
2026-06-19 23:27:08.765 +03:00 [INF] Serilog.AspNetCore.RequestLoggingMiddleware: HTTP GET /api/marketplace/tools/61299bd2-e81b-44e2-9d1d-6e8f68499b25 responded 200 in 9.1451ms
2026-06-19 23:27:08.854 +03:00 [INF] Serilog.AspNetCore.RequestLoggingMiddleware: HTTP OPTIONS /api/tools/61299bd2-e81b-44e2-9d1d-6e8f68499b25/usage responded 204 in 0.0631ms
2026-06-19 23:27:09.109 +03:00 [INF] Serilog.AspNetCore.RequestLoggingMiddleware: HTTP OPTIONS /api/tools/61299bd2-e81b-44e2-9d1d-6e8f68499b25/usage responded 204 in 0.0235ms
2026-06-19 23:27:09.219 +03:00 [INF] CyberSphere.Application.Common.Behaviors.LoggingBehavior: Handling IncrementToolUsageCommand
2026-06-19 23:27:09.228 +03:00 [INF] Microsoft.EntityFrameworkCore.Database.Command: Executed DbCommand (2ms) [Parameters=[@__get_Item_0='?' (DbType = Guid)], CommandType='"Text"', CommandTimeout='30']
SELECT TOP(1) [t].[Id], [t].[AverageRating], [t].[CategoryId], [t].[CreatedAt], [t].[Description], [t].[DifficultyLevel], [t].[GitHubUrl], [t].[Name], [t].[OwnerId], [t].[RatingCount], [t].[Status], [t].[Tags], [t].[UsageCount]
FROM [Tools] AS [t]
WHERE [t].[Id] = @__get_Item_0
2026-06-19 23:27:09.275 +03:00 [INF] Microsoft.EntityFrameworkCore.Database.Command: Executed DbCommand (5ms) [Parameters=[@p12='?' (DbType = Guid), @p0='?' (Precision = 4) (Scale = 2) (DbType = Decimal), @p1='?' (DbType = Guid), @p2='?' (DbType = DateTime2), @p3='?' (Size = 2000), @p4='?' (Size = 20), @p5='?' (Size = 500), @p6='?' (Size = 100), @p7='?' (DbType = Guid), @p8='?' (DbType = Int32), @p9='?' (Size = 20), @p10='?' (Size = 500), @p11='?' (DbType = Int32)], CommandType='"Text"', CommandTimeout='30']
SET IMPLICIT_TRANSACTIONS OFF;
SET NOCOUNT ON;
UPDATE [Tools] SET [AverageRating] = @p0, [CategoryId] = @p1, [CreatedAt] = @p2, [Description] = @p3, [DifficultyLevel] = @p4, [GitHubUrl] = @p5, [Name] = @p6, [OwnerId] = @p7, [RatingCount] = @p8, [Status] = @p9, [Tags] = @p10, [UsageCount] = @p11
OUTPUT 1
WHERE [Id] = @p12;
2026-06-19 23:27:09.279 +03:00 [INF] CyberSphere.Application.Common.Behaviors.LoggingBehavior: Handled IncrementToolUsageCommand in 59ms
2026-06-19 23:27:09.280 +03:00 [INF] CyberSphere.Application.Common.Behaviors.LoggingBehavior: Handling IncrementToolUsageCommand
2026-06-19 23:27:09.282 +03:00 [INF] Serilog.AspNetCore.RequestLoggingMiddleware: HTTP POST /api/tools/61299bd2-e81b-44e2-9d1d-6e8f68499b25/usage responded 200 in 68.2303ms
2026-06-19 23:27:09.284 +03:00 [INF] Microsoft.EntityFrameworkCore.Database.Command: Executed DbCommand (1ms) [Parameters=[@__get_Item_0='?' (DbType = Guid)], CommandType='"Text"', CommandTimeout='30']
SELECT TOP(1) [t].[Id], [t].[AverageRating], [t].[CategoryId], [t].[CreatedAt], [t].[Description], [t].[DifficultyLevel], [t].[GitHubUrl], [t].[Name], [t].[OwnerId], [t].[RatingCount], [t].[Status], [t].[Tags], [t].[UsageCount]
FROM [Tools] AS [t]
WHERE [t].[Id] = @__get_Item_0
2026-06-19 23:27:09.289 +03:00 [INF] Microsoft.EntityFrameworkCore.Database.Command: Executed DbCommand (1ms) [Parameters=[@p12='?' (DbType = Guid), @p0='?' (Precision = 4) (Scale = 2) (DbType = Decimal), @p1='?' (DbType = Guid), @p2='?' (DbType = DateTime2), @p3='?' (Size = 2000), @p4='?' (Size = 20), @p5='?' (Size = 500), @p6='?' (Size = 100), @p7='?' (DbType = Guid), @p8='?' (DbType = Int32), @p9='?' (Size = 20), @p10='?' (Size = 500), @p11='?' (DbType = Int32)], CommandType='"Text"', CommandTimeout='30']
SET IMPLICIT_TRANSACTIONS OFF;
SET NOCOUNT ON;
UPDATE [Tools] SET [AverageRating] = @p0, [CategoryId] = @p1, [CreatedAt] = @p2, [Description] = @p3, [DifficultyLevel] = @p4, [GitHubUrl] = @p5, [Name] = @p6, [OwnerId] = @p7, [RatingCount] = @p8, [Status] = @p9, [Tags] = @p10, [UsageCount] = @p11
OUTPUT 1
WHERE [Id] = @p12;
2026-06-19 23:27:09.292 +03:00 [INF] CyberSphere.Application.Common.Behaviors.LoggingBehavior: Handled IncrementToolUsageCommand in 10ms
2026-06-19 23:27:09.293 +03:00 [INF] Serilog.AspNetCore.RequestLoggingMiddleware: HTTP POST /api/tools/61299bd2-e81b-44e2-9d1d-6e8f68499b25/usage responded 200 in 13.1313ms
2026-06-19 23:28:50.608 +03:00 [INF] Serilog.AspNetCore.RequestLoggingMiddleware: HTTP OPTIONS /api/marketplace/categories responded 204 in 0.0490ms
2026-06-19 23:28:50.610 +03:00 [INF] Serilog.AspNetCore.RequestLoggingMiddleware: HTTP OPTIONS /api/marketplace/tools responded 204 in 0.0377ms
2026-06-19 23:28:50.660 +03:00 [INF] Serilog.AspNetCore.RequestLoggingMiddleware: HTTP OPTIONS /api/marketplace/categories responded 204 in 0.0361ms
2026-06-19 23:28:50.661 +03:00 [INF] Serilog.AspNetCore.RequestLoggingMiddleware: HTTP OPTIONS /api/marketplace/tools responded 204 in 0.0230ms
2026-06-19 23:28:50.775 +03:00 [INF] CyberSphere.Application.Common.Behaviors.LoggingBehavior: Handling GetCategoriesQuery
2026-06-19 23:28:50.777 +03:00 [INF] CyberSphere.Application.Common.Behaviors.LoggingBehavior: Handling GetToolsQuery
2026-06-19 23:28:50.782 +03:00 [INF] Microsoft.EntityFrameworkCore.Database.Command: Executed DbCommand (4ms) [Parameters=[], CommandType='"Text"', CommandTimeout='30']
SELECT [c].[Id], [c].[Description], [c].[Name], [c].[Slug], [t].[Id], [t].[AverageRating], [t].[CategoryId], [t].[CreatedAt], [t].[Description], [t].[DifficultyLevel], [t].[GitHubUrl], [t].[Name], [t].[OwnerId], [t].[RatingCount], [t].[Status], [t].[Tags], [t].[UsageCount]
FROM [Categories] AS [c]
LEFT JOIN [Tools] AS [t] ON [c].[Id] = [t].[CategoryId]
ORDER BY [c].[Name], [c].[Id]
2026-06-19 23:28:50.790 +03:00 [INF] CyberSphere.Application.Common.Behaviors.LoggingBehavior: Handled GetCategoriesQuery in 13ms
2026-06-19 23:28:50.793 +03:00 [INF] Microsoft.EntityFrameworkCore.Database.Command: Executed DbCommand (2ms) [Parameters=[], CommandType='"Text"', CommandTimeout='30']
SELECT COUNT(*)
FROM [Tools] AS [t]
WHERE [t].[Status] = N'Approved'
2026-06-19 23:28:50.795 +03:00 [INF] Serilog.AspNetCore.RequestLoggingMiddleware: HTTP GET /api/marketplace/categories responded 200 in 20.8964ms
2026-06-19 23:28:50.805 +03:00 [INF] Microsoft.EntityFrameworkCore.Database.Command: Executed DbCommand (6ms) [Parameters=[@__p_0='?' (DbType = Int32), @__p_1='?' (DbType = Int32)], CommandType='"Text"', CommandTimeout='30']
SELECT [t0].[Id], [t0].[AverageRating], [t0].[CategoryId], [t0].[CreatedAt], [t0].[Description], [t0].[DifficultyLevel], [t0].[GitHubUrl], [t0].[Name], [t0].[OwnerId], [t0].[RatingCount], [t0].[Status], [t0].[Tags], [t0].[UsageCount], [u].[Id], [u].[Bio], [u].[CreatedAt], [u].[Email], [u].[GitHubUrl], [u].[PasswordHash], [u].[PasswordResetToken], [u].[PasswordResetTokenExpiry], [u].[ProfilePictureUrl], [u].[RefreshToken], [u].[RefreshTokenExpiry], [u].[Role], [u].[TotalToolsUploaded], [u].[UserName], [c].[Id], [c].[Description], [c].[Name], [c].[Slug]
FROM (
    SELECT [t].[Id], [t].[AverageRating], [t].[CategoryId], [t].[CreatedAt], [t].[Description], [t].[DifficultyLevel], [t].[GitHubUrl], [t].[Name], [t].[OwnerId], [t].[RatingCount], [t].[Status], [t].[Tags], [t].[UsageCount]
    FROM [Tools] AS [t]
    WHERE [t].[Status] = N'Approved'
    ORDER BY [t].[CreatedAt] DESC
    OFFSET @__p_0 ROWS FETCH NEXT @__p_1 ROWS ONLY
) AS [t0]
INNER JOIN [Users] AS [u] ON [t0].[OwnerId] = [u].[Id]
INNER JOIN [Categories] AS [c] ON [t0].[CategoryId] = [c].[Id]
ORDER BY [t0].[CreatedAt] DESC
2026-06-19 23:28:50.815 +03:00 [INF] CyberSphere.Application.Common.Behaviors.LoggingBehavior: Handled GetToolsQuery in 35ms
2026-06-19 23:28:50.817 +03:00 [INF] Serilog.AspNetCore.RequestLoggingMiddleware: HTTP GET /api/marketplace/tools responded 200 in 39.7526ms
2026-06-19 23:28:50.960 +03:00 [INF] CyberSphere.Application.Common.Behaviors.LoggingBehavior: Handling GetCategoriesQuery
2026-06-19 23:28:50.964 +03:00 [INF] Microsoft.EntityFrameworkCore.Database.Command: Executed DbCommand (1ms) [Parameters=[], CommandType='"Text"', CommandTimeout='30']
SELECT [c].[Id], [c].[Description], [c].[Name], [c].[Slug], [t].[Id], [t].[AverageRating], [t].[CategoryId], [t].[CreatedAt], [t].[Description], [t].[DifficultyLevel], [t].[GitHubUrl], [t].[Name], [t].[OwnerId], [t].[RatingCount], [t].[Status], [t].[Tags], [t].[UsageCount]
FROM [Categories] AS [c]
LEFT JOIN [Tools] AS [t] ON [c].[Id] = [t].[CategoryId]
ORDER BY [c].[Name], [c].[Id]
2026-06-19 23:28:50.967 +03:00 [INF] CyberSphere.Application.Common.Behaviors.LoggingBehavior: Handled GetCategoriesQuery in 4ms
2026-06-19 23:28:50.967 +03:00 [INF] Serilog.AspNetCore.RequestLoggingMiddleware: HTTP GET /api/marketplace/categories responded 200 in 7.8270ms
2026-06-19 23:28:50.977 +03:00 [INF] CyberSphere.Application.Common.Behaviors.LoggingBehavior: Handling GetToolsQuery
2026-06-19 23:28:50.980 +03:00 [INF] Microsoft.EntityFrameworkCore.Database.Command: Executed DbCommand (1ms) [Parameters=[], CommandType='"Text"', CommandTimeout='30']
SELECT COUNT(*)
FROM [Tools] AS [t]
WHERE [t].[Status] = N'Approved'
2026-06-19 23:28:50.988 +03:00 [INF] Microsoft.EntityFrameworkCore.Database.Command: Executed DbCommand (1ms) [Parameters=[@__p_0='?' (DbType = Int32), @__p_1='?' (DbType = Int32)], CommandType='"Text"', CommandTimeout='30']
SELECT [t0].[Id], [t0].[AverageRating], [t0].[CategoryId], [t0].[CreatedAt], [t0].[Description], [t0].[DifficultyLevel], [t0].[GitHubUrl], [t0].[Name], [t0].[OwnerId], [t0].[RatingCount], [t0].[Status], [t0].[Tags], [t0].[UsageCount], [u].[Id], [u].[Bio], [u].[CreatedAt], [u].[Email], [u].[GitHubUrl], [u].[PasswordHash], [u].[PasswordResetToken], [u].[PasswordResetTokenExpiry], [u].[ProfilePictureUrl], [u].[RefreshToken], [u].[RefreshTokenExpiry], [u].[Role], [u].[TotalToolsUploaded], [u].[UserName], [c].[Id], [c].[Description], [c].[Name], [c].[Slug]
FROM (
    SELECT [t].[Id], [t].[AverageRating], [t].[CategoryId], [t].[CreatedAt], [t].[Description], [t].[DifficultyLevel], [t].[GitHubUrl], [t].[Name], [t].[OwnerId], [t].[RatingCount], [t].[Status], [t].[Tags], [t].[UsageCount]
    FROM [Tools] AS [t]
    WHERE [t].[Status] = N'Approved'
    ORDER BY [t].[CreatedAt] DESC
    OFFSET @__p_0 ROWS FETCH NEXT @__p_1 ROWS ONLY
) AS [t0]
INNER JOIN [Users] AS [u] ON [t0].[OwnerId] = [u].[Id]
INNER JOIN [Categories] AS [c] ON [t0].[CategoryId] = [c].[Id]
ORDER BY [t0].[CreatedAt] DESC
2026-06-19 23:28:50.997 +03:00 [INF] CyberSphere.Application.Common.Behaviors.LoggingBehavior: Handled GetToolsQuery in 19ms
2026-06-19 23:28:50.999 +03:00 [INF] Serilog.AspNetCore.RequestLoggingMiddleware: HTTP GET /api/marketplace/tools responded 200 in 22.6409ms
2026-06-19 23:29:02.713 +03:00 [INF] Serilog.AspNetCore.RequestLoggingMiddleware: HTTP OPTIONS /api/marketplace/tools responded 204 in 0.0515ms
2026-06-19 23:29:02.869 +03:00 [INF] CyberSphere.Application.Common.Behaviors.LoggingBehavior: Handling GetToolsQuery
2026-06-19 23:29:02.877 +03:00 [INF] Microsoft.EntityFrameworkCore.Database.Command: Executed DbCommand (2ms) [Parameters=[@__filter_DifficultyLevel_Value_0='?' (Size = 20)], CommandType='"Text"', CommandTimeout='30']
SELECT COUNT(*)
FROM [Tools] AS [t]
WHERE [t].[Status] = N'Approved' AND [t].[DifficultyLevel] = @__filter_DifficultyLevel_Value_0
2026-06-19 23:29:02.890 +03:00 [INF] Microsoft.EntityFrameworkCore.Database.Command: Executed DbCommand (4ms) [Parameters=[@__filter_DifficultyLevel_Value_0='?' (Size = 20), @__p_1='?' (DbType = Int32), @__p_2='?' (DbType = Int32)], CommandType='"Text"', CommandTimeout='30']
SELECT [t0].[Id], [t0].[AverageRating], [t0].[CategoryId], [t0].[CreatedAt], [t0].[Description], [t0].[DifficultyLevel], [t0].[GitHubUrl], [t0].[Name], [t0].[OwnerId], [t0].[RatingCount], [t0].[Status], [t0].[Tags], [t0].[UsageCount], [u].[Id], [u].[Bio], [u].[CreatedAt], [u].[Email], [u].[GitHubUrl], [u].[PasswordHash], [u].[PasswordResetToken], [u].[PasswordResetTokenExpiry], [u].[ProfilePictureUrl], [u].[RefreshToken], [u].[RefreshTokenExpiry], [u].[Role], [u].[TotalToolsUploaded], [u].[UserName], [c].[Id], [c].[Description], [c].[Name], [c].[Slug]
FROM (
    SELECT [t].[Id], [t].[AverageRating], [t].[CategoryId], [t].[CreatedAt], [t].[Description], [t].[DifficultyLevel], [t].[GitHubUrl], [t].[Name], [t].[OwnerId], [t].[RatingCount], [t].[Status], [t].[Tags], [t].[UsageCount]
    FROM [Tools] AS [t]
    WHERE [t].[Status] = N'Approved' AND [t].[DifficultyLevel] = @__filter_DifficultyLevel_Value_0
    ORDER BY [t].[CreatedAt] DESC
    OFFSET @__p_1 ROWS FETCH NEXT @__p_2 ROWS ONLY
) AS [t0]
INNER JOIN [Users] AS [u] ON [t0].[OwnerId] = [u].[Id]
INNER JOIN [Categories] AS [c] ON [t0].[CategoryId] = [c].[Id]
ORDER BY [t0].[CreatedAt] DESC
2026-06-19 23:29:02.898 +03:00 [INF] CyberSphere.Application.Common.Behaviors.LoggingBehavior: Handled GetToolsQuery in 28ms
2026-06-19 23:29:02.905 +03:00 [INF] Serilog.AspNetCore.RequestLoggingMiddleware: HTTP GET /api/marketplace/tools responded 200 in 37.4935ms
2026-06-19 23:29:05.063 +03:00 [INF] Serilog.AspNetCore.RequestLoggingMiddleware: HTTP OPTIONS /api/marketplace/tools responded 204 in 0.0291ms
2026-06-19 23:29:05.250 +03:00 [INF] CyberSphere.Application.Common.Behaviors.LoggingBehavior: Handling GetToolsQuery
2026-06-19 23:29:05.255 +03:00 [INF] Microsoft.EntityFrameworkCore.Database.Command: Executed DbCommand (1ms) [Parameters=[@__filter_DifficultyLevel_Value_0='?' (Size = 20)], CommandType='"Text"', CommandTimeout='30']
SELECT COUNT(*)
FROM [Tools] AS [t]
WHERE [t].[Status] = N'Approved' AND [t].[DifficultyLevel] = @__filter_DifficultyLevel_Value_0
2026-06-19 23:29:05.258 +03:00 [INF] Microsoft.EntityFrameworkCore.Database.Command: Executed DbCommand (0ms) [Parameters=[@__filter_DifficultyLevel_Value_0='?' (Size = 20), @__p_1='?' (DbType = Int32), @__p_2='?' (DbType = Int32)], CommandType='"Text"', CommandTimeout='30']
SELECT [t0].[Id], [t0].[AverageRating], [t0].[CategoryId], [t0].[CreatedAt], [t0].[Description], [t0].[DifficultyLevel], [t0].[GitHubUrl], [t0].[Name], [t0].[OwnerId], [t0].[RatingCount], [t0].[Status], [t0].[Tags], [t0].[UsageCount], [u].[Id], [u].[Bio], [u].[CreatedAt], [u].[Email], [u].[GitHubUrl], [u].[PasswordHash], [u].[PasswordResetToken], [u].[PasswordResetTokenExpiry], [u].[ProfilePictureUrl], [u].[RefreshToken], [u].[RefreshTokenExpiry], [u].[Role], [u].[TotalToolsUploaded], [u].[UserName], [c].[Id], [c].[Description], [c].[Name], [c].[Slug]
FROM (
    SELECT [t].[Id], [t].[AverageRating], [t].[CategoryId], [t].[CreatedAt], [t].[Description], [t].[DifficultyLevel], [t].[GitHubUrl], [t].[Name], [t].[OwnerId], [t].[RatingCount], [t].[Status], [t].[Tags], [t].[UsageCount]
    FROM [Tools] AS [t]
    WHERE [t].[Status] = N'Approved' AND [t].[DifficultyLevel] = @__filter_DifficultyLevel_Value_0
    ORDER BY [t].[CreatedAt] DESC
    OFFSET @__p_1 ROWS FETCH NEXT @__p_2 ROWS ONLY
) AS [t0]
INNER JOIN [Users] AS [u] ON [t0].[OwnerId] = [u].[Id]
INNER JOIN [Categories] AS [c] ON [t0].[CategoryId] = [c].[Id]
ORDER BY [t0].[CreatedAt] DESC
2026-06-19 23:29:05.262 +03:00 [INF] CyberSphere.Application.Common.Behaviors.LoggingBehavior: Handled GetToolsQuery in 9ms
2026-06-19 23:29:05.262 +03:00 [INF] Serilog.AspNetCore.RequestLoggingMiddleware: HTTP GET /api/marketplace/tools responded 200 in 12.5322ms
2026-06-19 23:29:08.341 +03:00 [INF] Serilog.AspNetCore.RequestLoggingMiddleware: HTTP OPTIONS /api/marketplace/tools responded 204 in 0.1307ms
2026-06-19 23:29:08.499 +03:00 [INF] CyberSphere.Application.Common.Behaviors.LoggingBehavior: Handling GetToolsQuery
2026-06-19 23:29:08.507 +03:00 [INF] Microsoft.EntityFrameworkCore.Database.Command: Executed DbCommand (4ms) [Parameters=[], CommandType='"Text"', CommandTimeout='30']
SELECT COUNT(*)
FROM [Tools] AS [t]
WHERE [t].[Status] = N'Approved'
2026-06-19 23:29:08.514 +03:00 [INF] Microsoft.EntityFrameworkCore.Database.Command: Executed DbCommand (4ms) [Parameters=[@__p_0='?' (DbType = Int32), @__p_1='?' (DbType = Int32)], CommandType='"Text"', CommandTimeout='30']
SELECT [t0].[Id], [t0].[AverageRating], [t0].[CategoryId], [t0].[CreatedAt], [t0].[Description], [t0].[DifficultyLevel], [t0].[GitHubUrl], [t0].[Name], [t0].[OwnerId], [t0].[RatingCount], [t0].[Status], [t0].[Tags], [t0].[UsageCount], [u].[Id], [u].[Bio], [u].[CreatedAt], [u].[Email], [u].[GitHubUrl], [u].[PasswordHash], [u].[PasswordResetToken], [u].[PasswordResetTokenExpiry], [u].[ProfilePictureUrl], [u].[RefreshToken], [u].[RefreshTokenExpiry], [u].[Role], [u].[TotalToolsUploaded], [u].[UserName], [c].[Id], [c].[Description], [c].[Name], [c].[Slug]
FROM (
    SELECT [t].[Id], [t].[AverageRating], [t].[CategoryId], [t].[CreatedAt], [t].[Description], [t].[DifficultyLevel], [t].[GitHubUrl], [t].[Name], [t].[OwnerId], [t].[RatingCount], [t].[Status], [t].[Tags], [t].[UsageCount]
    FROM [Tools] AS [t]
    WHERE [t].[Status] = N'Approved'
    ORDER BY [t].[CreatedAt] DESC
    OFFSET @__p_0 ROWS FETCH NEXT @__p_1 ROWS ONLY
) AS [t0]
INNER JOIN [Users] AS [u] ON [t0].[OwnerId] = [u].[Id]
INNER JOIN [Categories] AS [c] ON [t0].[CategoryId] = [c].[Id]
ORDER BY [t0].[CreatedAt] DESC
2026-06-19 23:29:08.524 +03:00 [INF] CyberSphere.Application.Common.Behaviors.LoggingBehavior: Handled GetToolsQuery in 23ms
2026-06-19 23:29:08.526 +03:00 [INF] Serilog.AspNetCore.RequestLoggingMiddleware: HTTP GET /api/marketplace/tools responded 200 in 27.4849ms
2026-06-19 23:29:11.893 +03:00 [INF] Serilog.AspNetCore.RequestLoggingMiddleware: HTTP OPTIONS /api/marketplace/tools responded 204 in 0.0381ms
2026-06-19 23:29:12.059 +03:00 [INF] CyberSphere.Application.Common.Behaviors.LoggingBehavior: Handling GetToolsQuery
2026-06-19 23:29:12.066 +03:00 [INF] Microsoft.EntityFrameworkCore.Database.Command: Executed DbCommand (2ms) [Parameters=[], CommandType='"Text"', CommandTimeout='30']
SELECT COUNT(*)
FROM [Tools] AS [t]
WHERE [t].[Status] = N'Approved'
2026-06-19 23:29:12.077 +03:00 [INF] Microsoft.EntityFrameworkCore.Database.Command: Executed DbCommand (4ms) [Parameters=[@__p_0='?' (DbType = Int32), @__p_1='?' (DbType = Int32)], CommandType='"Text"', CommandTimeout='30']
SELECT [t0].[Id], [t0].[AverageRating], [t0].[CategoryId], [t0].[CreatedAt], [t0].[Description], [t0].[DifficultyLevel], [t0].[GitHubUrl], [t0].[Name], [t0].[OwnerId], [t0].[RatingCount], [t0].[Status], [t0].[Tags], [t0].[UsageCount], [u].[Id], [u].[Bio], [u].[CreatedAt], [u].[Email], [u].[GitHubUrl], [u].[PasswordHash], [u].[PasswordResetToken], [u].[PasswordResetTokenExpiry], [u].[ProfilePictureUrl], [u].[RefreshToken], [u].[RefreshTokenExpiry], [u].[Role], [u].[TotalToolsUploaded], [u].[UserName], [c].[Id], [c].[Description], [c].[Name], [c].[Slug]
FROM (
    SELECT [t].[Id], [t].[AverageRating], [t].[CategoryId], [t].[CreatedAt], [t].[Description], [t].[DifficultyLevel], [t].[GitHubUrl], [t].[Name], [t].[OwnerId], [t].[RatingCount], [t].[Status], [t].[Tags], [t].[UsageCount]
    FROM [Tools] AS [t]
    WHERE [t].[Status] = N'Approved'
    ORDER BY [t].[AverageRating] DESC, [t].[RatingCount] DESC
    OFFSET @__p_0 ROWS FETCH NEXT @__p_1 ROWS ONLY
) AS [t0]
INNER JOIN [Users] AS [u] ON [t0].[OwnerId] = [u].[Id]
INNER JOIN [Categories] AS [c] ON [t0].[CategoryId] = [c].[Id]
ORDER BY [t0].[AverageRating] DESC, [t0].[RatingCount] DESC
2026-06-19 23:29:12.084 +03:00 [INF] CyberSphere.Application.Common.Behaviors.LoggingBehavior: Handled GetToolsQuery in 24ms
2026-06-19 23:29:12.085 +03:00 [INF] Serilog.AspNetCore.RequestLoggingMiddleware: HTTP GET /api/marketplace/tools responded 200 in 26.7974ms
2026-06-19 23:29:16.134 +03:00 [INF] Serilog.AspNetCore.RequestLoggingMiddleware: HTTP OPTIONS /api/marketplace/tools responded 204 in 0.0268ms
2026-06-19 23:29:16.293 +03:00 [INF] CyberSphere.Application.Common.Behaviors.LoggingBehavior: Handling GetToolsQuery
2026-06-19 23:29:16.298 +03:00 [INF] Microsoft.EntityFrameworkCore.Database.Command: Executed DbCommand (1ms) [Parameters=[], CommandType='"Text"', CommandTimeout='30']
SELECT COUNT(*)
FROM [Tools] AS [t]
WHERE [t].[Status] = N'Approved'
2026-06-19 23:29:16.309 +03:00 [INF] Microsoft.EntityFrameworkCore.Database.Command: Executed DbCommand (4ms) [Parameters=[@__p_0='?' (DbType = Int32), @__p_1='?' (DbType = Int32)], CommandType='"Text"', CommandTimeout='30']
SELECT [t0].[Id], [t0].[AverageRating], [t0].[CategoryId], [t0].[CreatedAt], [t0].[Description], [t0].[DifficultyLevel], [t0].[GitHubUrl], [t0].[Name], [t0].[OwnerId], [t0].[RatingCount], [t0].[Status], [t0].[Tags], [t0].[UsageCount], [u].[Id], [u].[Bio], [u].[CreatedAt], [u].[Email], [u].[GitHubUrl], [u].[PasswordHash], [u].[PasswordResetToken], [u].[PasswordResetTokenExpiry], [u].[ProfilePictureUrl], [u].[RefreshToken], [u].[RefreshTokenExpiry], [u].[Role], [u].[TotalToolsUploaded], [u].[UserName], [c].[Id], [c].[Description], [c].[Name], [c].[Slug]
FROM (
    SELECT [t].[Id], [t].[AverageRating], [t].[CategoryId], [t].[CreatedAt], [t].[Description], [t].[DifficultyLevel], [t].[GitHubUrl], [t].[Name], [t].[OwnerId], [t].[RatingCount], [t].[Status], [t].[Tags], [t].[UsageCount]
    FROM [Tools] AS [t]
    WHERE [t].[Status] = N'Approved'
    ORDER BY [t].[UsageCount] DESC
    OFFSET @__p_0 ROWS FETCH NEXT @__p_1 ROWS ONLY
) AS [t0]
INNER JOIN [Users] AS [u] ON [t0].[OwnerId] = [u].[Id]
INNER JOIN [Categories] AS [c] ON [t0].[CategoryId] = [c].[Id]
ORDER BY [t0].[UsageCount] DESC
2026-06-19 23:29:16.317 +03:00 [INF] CyberSphere.Application.Common.Behaviors.LoggingBehavior: Handled GetToolsQuery in 22ms
2026-06-19 23:29:16.318 +03:00 [INF] Serilog.AspNetCore.RequestLoggingMiddleware: HTTP GET /api/marketplace/tools responded 200 in 26.3801ms
2026-06-19 23:29:20.455 +03:00 [INF] Serilog.AspNetCore.RequestLoggingMiddleware: HTTP OPTIONS /api/marketplace/tools responded 204 in 0.0284ms
2026-06-19 23:29:20.701 +03:00 [INF] CyberSphere.Application.Common.Behaviors.LoggingBehavior: Handling GetToolsQuery
2026-06-19 23:29:20.707 +03:00 [INF] Microsoft.EntityFrameworkCore.Database.Command: Executed DbCommand (1ms) [Parameters=[], CommandType='"Text"', CommandTimeout='30']
SELECT COUNT(*)
FROM [Tools] AS [t]
WHERE [t].[Status] = N'Approved'
2026-06-19 23:29:20.719 +03:00 [INF] Microsoft.EntityFrameworkCore.Database.Command: Executed DbCommand (4ms) [Parameters=[@__p_0='?' (DbType = Int32), @__p_1='?' (DbType = Int32)], CommandType='"Text"', CommandTimeout='30']
SELECT [t0].[Id], [t0].[AverageRating], [t0].[CategoryId], [t0].[CreatedAt], [t0].[Description], [t0].[DifficultyLevel], [t0].[GitHubUrl], [t0].[Name], [t0].[OwnerId], [t0].[RatingCount], [t0].[Status], [t0].[Tags], [t0].[UsageCount], [u].[Id], [u].[Bio], [u].[CreatedAt], [u].[Email], [u].[GitHubUrl], [u].[PasswordHash], [u].[PasswordResetToken], [u].[PasswordResetTokenExpiry], [u].[ProfilePictureUrl], [u].[RefreshToken], [u].[RefreshTokenExpiry], [u].[Role], [u].[TotalToolsUploaded], [u].[UserName], [c].[Id], [c].[Description], [c].[Name], [c].[Slug]
FROM (
    SELECT [t].[Id], [t].[AverageRating], [t].[CategoryId], [t].[CreatedAt], [t].[Description], [t].[DifficultyLevel], [t].[GitHubUrl], [t].[Name], [t].[OwnerId], [t].[RatingCount], [t].[Status], [t].[Tags], [t].[UsageCount]
    FROM [Tools] AS [t]
    WHERE [t].[Status] = N'Approved'
    ORDER BY [t].[Name]
    OFFSET @__p_0 ROWS FETCH NEXT @__p_1 ROWS ONLY
) AS [t0]
INNER JOIN [Users] AS [u] ON [t0].[OwnerId] = [u].[Id]
INNER JOIN [Categories] AS [c] ON [t0].[CategoryId] = [c].[Id]
ORDER BY [t0].[Name]
2026-06-19 23:29:20.726 +03:00 [INF] CyberSphere.Application.Common.Behaviors.LoggingBehavior: Handled GetToolsQuery in 24ms
2026-06-19 23:29:20.728 +03:00 [INF] Serilog.AspNetCore.RequestLoggingMiddleware: HTTP GET /api/marketplace/tools responded 200 in 28.0682ms
2026-06-19 23:29:24.316 +03:00 [INF] Serilog.AspNetCore.RequestLoggingMiddleware: HTTP OPTIONS /api/marketplace/tools/61299bd2-e81b-44e2-9d1d-6e8f68499b25 responded 204 in 0.0681ms
2026-06-19 23:29:24.316 +03:00 [INF] Serilog.AspNetCore.RequestLoggingMiddleware: HTTP OPTIONS /api/marketplace/tools/61299bd2-e81b-44e2-9d1d-6e8f68499b25 responded 204 in 0.0499ms
2026-06-19 23:29:24.481 +03:00 [INF] CyberSphere.Application.Common.Behaviors.LoggingBehavior: Handling GetToolByIdQuery
2026-06-19 23:29:24.489 +03:00 [INF] Microsoft.EntityFrameworkCore.Database.Command: Executed DbCommand (5ms) [Parameters=[@__id_0='?' (DbType = Guid)], CommandType='"Text"', CommandTimeout='30']
SELECT [t0].[Id], [t0].[AverageRating], [t0].[CategoryId], [t0].[CreatedAt], [t0].[Description], [t0].[DifficultyLevel], [t0].[GitHubUrl], [t0].[Name], [t0].[OwnerId], [t0].[RatingCount], [t0].[Status], [t0].[Tags], [t0].[UsageCount], [t0].[Id0], [t0].[Bio], [t0].[CreatedAt0], [t0].[Email], [t0].[GitHubUrl0], [t0].[PasswordHash], [t0].[PasswordResetToken], [t0].[PasswordResetTokenExpiry], [t0].[ProfilePictureUrl], [t0].[RefreshToken], [t0].[RefreshTokenExpiry], [t0].[Role], [t0].[TotalToolsUploaded], [t0].[UserName], [t0].[Id1], [t0].[Description0], [t0].[Name0], [t0].[Slug], [t1].[Id], [t1].[Description], [t1].[Example], [t1].[Name], [t1].[Syntax], [t1].[ToolId]
FROM (
    SELECT TOP(1) [t].[Id], [t].[AverageRating], [t].[CategoryId], [t].[CreatedAt], [t].[Description], [t].[DifficultyLevel], [t].[GitHubUrl], [t].[Name], [t].[OwnerId], [t].[RatingCount], [t].[Status], [t].[Tags], [t].[UsageCount], [u].[Id] AS [Id0], [u].[Bio], [u].[CreatedAt] AS [CreatedAt0], [u].[Email], [u].[GitHubUrl] AS [GitHubUrl0], [u].[PasswordHash], [u].[PasswordResetToken], [u].[PasswordResetTokenExpiry], [u].[ProfilePictureUrl], [u].[RefreshToken], [u].[RefreshTokenExpiry], [u].[Role], [u].[TotalToolsUploaded], [u].[UserName], [c].[Id] AS [Id1], [c].[Description] AS [Description0], [c].[Name] AS [Name0], [c].[Slug]
    FROM [Tools] AS [t]
    INNER JOIN [Users] AS [u] ON [t].[OwnerId] = [u].[Id]
    INNER JOIN [Categories] AS [c] ON [t].[CategoryId] = [c].[Id]
    WHERE [t].[Id] = @__id_0
) AS [t0]
LEFT JOIN [ToolCommands] AS [t1] ON [t0].[Id] = [t1].[ToolId]
ORDER BY [t0].[Id], [t0].[Id0], [t0].[Id1]
2026-06-19 23:29:24.493 +03:00 [INF] CyberSphere.Application.Common.Behaviors.LoggingBehavior: Handled GetToolByIdQuery in 10ms
2026-06-19 23:29:24.494 +03:00 [INF] Serilog.AspNetCore.RequestLoggingMiddleware: HTTP GET /api/marketplace/tools/61299bd2-e81b-44e2-9d1d-6e8f68499b25 responded 200 in 13.3823ms
2026-06-19 23:29:24.651 +03:00 [INF] CyberSphere.Application.Common.Behaviors.LoggingBehavior: Handling GetToolByIdQuery
2026-06-19 23:29:24.655 +03:00 [INF] Microsoft.EntityFrameworkCore.Database.Command: Executed DbCommand (1ms) [Parameters=[@__id_0='?' (DbType = Guid)], CommandType='"Text"', CommandTimeout='30']
SELECT [t0].[Id], [t0].[AverageRating], [t0].[CategoryId], [t0].[CreatedAt], [t0].[Description], [t0].[DifficultyLevel], [t0].[GitHubUrl], [t0].[Name], [t0].[OwnerId], [t0].[RatingCount], [t0].[Status], [t0].[Tags], [t0].[UsageCount], [t0].[Id0], [t0].[Bio], [t0].[CreatedAt0], [t0].[Email], [t0].[GitHubUrl0], [t0].[PasswordHash], [t0].[PasswordResetToken], [t0].[PasswordResetTokenExpiry], [t0].[ProfilePictureUrl], [t0].[RefreshToken], [t0].[RefreshTokenExpiry], [t0].[Role], [t0].[TotalToolsUploaded], [t0].[UserName], [t0].[Id1], [t0].[Description0], [t0].[Name0], [t0].[Slug], [t1].[Id], [t1].[Description], [t1].[Example], [t1].[Name], [t1].[Syntax], [t1].[ToolId]
FROM (
    SELECT TOP(1) [t].[Id], [t].[AverageRating], [t].[CategoryId], [t].[CreatedAt], [t].[Description], [t].[DifficultyLevel], [t].[GitHubUrl], [t].[Name], [t].[OwnerId], [t].[RatingCount], [t].[Status], [t].[Tags], [t].[UsageCount], [u].[Id] AS [Id0], [u].[Bio], [u].[CreatedAt] AS [CreatedAt0], [u].[Email], [u].[GitHubUrl] AS [GitHubUrl0], [u].[PasswordHash], [u].[PasswordResetToken], [u].[PasswordResetTokenExpiry], [u].[ProfilePictureUrl], [u].[RefreshToken], [u].[RefreshTokenExpiry], [u].[Role], [u].[TotalToolsUploaded], [u].[UserName], [c].[Id] AS [Id1], [c].[Description] AS [Description0], [c].[Name] AS [Name0], [c].[Slug]
    FROM [Tools] AS [t]
    INNER JOIN [Users] AS [u] ON [t].[OwnerId] = [u].[Id]
    INNER JOIN [Categories] AS [c] ON [t].[CategoryId] = [c].[Id]
    WHERE [t].[Id] = @__id_0
) AS [t0]
LEFT JOIN [ToolCommands] AS [t1] ON [t0].[Id] = [t1].[ToolId]
ORDER BY [t0].[Id], [t0].[Id0], [t0].[Id1]
2026-06-19 23:29:24.659 +03:00 [INF] CyberSphere.Application.Common.Behaviors.LoggingBehavior: Handled GetToolByIdQuery in 6ms
2026-06-19 23:29:24.660 +03:00 [INF] Serilog.AspNetCore.RequestLoggingMiddleware: HTTP GET /api/marketplace/tools/61299bd2-e81b-44e2-9d1d-6e8f68499b25 responded 200 in 8.7230ms
2026-06-19 23:29:27.752 +03:00 [INF] Serilog.AspNetCore.RequestLoggingMiddleware: HTTP OPTIONS /api/marketplace/categories responded 204 in 0.0624ms
2026-06-19 23:29:27.754 +03:00 [INF] Serilog.AspNetCore.RequestLoggingMiddleware: HTTP OPTIONS /api/marketplace/tools responded 204 in 0.0798ms
2026-06-19 23:29:27.779 +03:00 [INF] Serilog.AspNetCore.RequestLoggingMiddleware: HTTP OPTIONS /api/marketplace/categories responded 204 in 0.0330ms
2026-06-19 23:29:27.810 +03:00 [INF] Serilog.AspNetCore.RequestLoggingMiddleware: HTTP OPTIONS /api/marketplace/tools responded 204 in 0.0259ms
2026-06-19 23:29:27.913 +03:00 [INF] CyberSphere.Application.Common.Behaviors.LoggingBehavior: Handling GetCategoriesQuery
2026-06-19 23:29:27.921 +03:00 [INF] Microsoft.EntityFrameworkCore.Database.Command: Executed DbCommand (4ms) [Parameters=[], CommandType='"Text"', CommandTimeout='30']
SELECT [c].[Id], [c].[Description], [c].[Name], [c].[Slug], [t].[Id], [t].[AverageRating], [t].[CategoryId], [t].[CreatedAt], [t].[Description], [t].[DifficultyLevel], [t].[GitHubUrl], [t].[Name], [t].[OwnerId], [t].[RatingCount], [t].[Status], [t].[Tags], [t].[UsageCount]
FROM [Categories] AS [c]
LEFT JOIN [Tools] AS [t] ON [c].[Id] = [t].[CategoryId]
ORDER BY [c].[Name], [c].[Id]
2026-06-19 23:29:27.924 +03:00 [INF] CyberSphere.Application.Common.Behaviors.LoggingBehavior: Handled GetCategoriesQuery in 9ms
2026-06-19 23:29:27.925 +03:00 [INF] Serilog.AspNetCore.RequestLoggingMiddleware: HTTP GET /api/marketplace/categories responded 200 in 12.5586ms
2026-06-19 23:29:27.931 +03:00 [INF] CyberSphere.Application.Common.Behaviors.LoggingBehavior: Handling GetToolsQuery
2026-06-19 23:29:27.937 +03:00 [INF] Microsoft.EntityFrameworkCore.Database.Command: Executed DbCommand (1ms) [Parameters=[], CommandType='"Text"', CommandTimeout='30']
SELECT COUNT(*)
FROM [Tools] AS [t]
WHERE [t].[Status] = N'Approved'
2026-06-19 23:29:27.946 +03:00 [INF] Microsoft.EntityFrameworkCore.Database.Command: Executed DbCommand (4ms) [Parameters=[@__p_0='?' (DbType = Int32), @__p_1='?' (DbType = Int32)], CommandType='"Text"', CommandTimeout='30']
SELECT [t0].[Id], [t0].[AverageRating], [t0].[CategoryId], [t0].[CreatedAt], [t0].[Description], [t0].[DifficultyLevel], [t0].[GitHubUrl], [t0].[Name], [t0].[OwnerId], [t0].[RatingCount], [t0].[Status], [t0].[Tags], [t0].[UsageCount], [u].[Id], [u].[Bio], [u].[CreatedAt], [u].[Email], [u].[GitHubUrl], [u].[PasswordHash], [u].[PasswordResetToken], [u].[PasswordResetTokenExpiry], [u].[ProfilePictureUrl], [u].[RefreshToken], [u].[RefreshTokenExpiry], [u].[Role], [u].[TotalToolsUploaded], [u].[UserName], [c].[Id], [c].[Description], [c].[Name], [c].[Slug]
FROM (
    SELECT [t].[Id], [t].[AverageRating], [t].[CategoryId], [t].[CreatedAt], [t].[Description], [t].[DifficultyLevel], [t].[GitHubUrl], [t].[Name], [t].[OwnerId], [t].[RatingCount], [t].[Status], [t].[Tags], [t].[UsageCount]
    FROM [Tools] AS [t]
    WHERE [t].[Status] = N'Approved'
    ORDER BY [t].[CreatedAt] DESC
    OFFSET @__p_0 ROWS FETCH NEXT @__p_1 ROWS ONLY
) AS [t0]
INNER JOIN [Users] AS [u] ON [t0].[OwnerId] = [u].[Id]
INNER JOIN [Categories] AS [c] ON [t0].[CategoryId] = [c].[Id]
ORDER BY [t0].[CreatedAt] DESC
2026-06-19 23:29:27.956 +03:00 [INF] CyberSphere.Application.Common.Behaviors.LoggingBehavior: Handled GetToolsQuery in 22ms
2026-06-19 23:29:27.957 +03:00 [INF] Serilog.AspNetCore.RequestLoggingMiddleware: HTTP GET /api/marketplace/tools responded 200 in 27.1180ms
2026-06-19 23:29:28.085 +03:00 [INF] CyberSphere.Application.Common.Behaviors.LoggingBehavior: Handling GetCategoriesQuery
2026-06-19 23:29:28.089 +03:00 [INF] Microsoft.EntityFrameworkCore.Database.Command: Executed DbCommand (2ms) [Parameters=[], CommandType='"Text"', CommandTimeout='30']
SELECT [c].[Id], [c].[Description], [c].[Name], [c].[Slug], [t].[Id], [t].[AverageRating], [t].[CategoryId], [t].[CreatedAt], [t].[Description], [t].[DifficultyLevel], [t].[GitHubUrl], [t].[Name], [t].[OwnerId], [t].[RatingCount], [t].[Status], [t].[Tags], [t].[UsageCount]
FROM [Categories] AS [c]
LEFT JOIN [Tools] AS [t] ON [c].[Id] = [t].[CategoryId]
ORDER BY [c].[Name], [c].[Id]
2026-06-19 23:29:28.092 +03:00 [INF] CyberSphere.Application.Common.Behaviors.LoggingBehavior: Handled GetCategoriesQuery in 5ms
2026-06-19 23:29:28.093 +03:00 [INF] Serilog.AspNetCore.RequestLoggingMiddleware: HTTP GET /api/marketplace/categories responded 200 in 8.5751ms
2026-06-19 23:29:28.139 +03:00 [INF] CyberSphere.Application.Common.Behaviors.LoggingBehavior: Handling GetToolsQuery
2026-06-19 23:29:28.142 +03:00 [INF] Microsoft.EntityFrameworkCore.Database.Command: Executed DbCommand (1ms) [Parameters=[], CommandType='"Text"', CommandTimeout='30']
SELECT COUNT(*)
FROM [Tools] AS [t]
WHERE [t].[Status] = N'Approved'
2026-06-19 23:29:28.146 +03:00 [INF] Microsoft.EntityFrameworkCore.Database.Command: Executed DbCommand (1ms) [Parameters=[@__p_0='?' (DbType = Int32), @__p_1='?' (DbType = Int32)], CommandType='"Text"', CommandTimeout='30']
SELECT [t0].[Id], [t0].[AverageRating], [t0].[CategoryId], [t0].[CreatedAt], [t0].[Description], [t0].[DifficultyLevel], [t0].[GitHubUrl], [t0].[Name], [t0].[OwnerId], [t0].[RatingCount], [t0].[Status], [t0].[Tags], [t0].[UsageCount], [u].[Id], [u].[Bio], [u].[CreatedAt], [u].[Email], [u].[GitHubUrl], [u].[PasswordHash], [u].[PasswordResetToken], [u].[PasswordResetTokenExpiry], [u].[ProfilePictureUrl], [u].[RefreshToken], [u].[RefreshTokenExpiry], [u].[Role], [u].[TotalToolsUploaded], [u].[UserName], [c].[Id], [c].[Description], [c].[Name], [c].[Slug]
FROM (
    SELECT [t].[Id], [t].[AverageRating], [t].[CategoryId], [t].[CreatedAt], [t].[Description], [t].[DifficultyLevel], [t].[GitHubUrl], [t].[Name], [t].[OwnerId], [t].[RatingCount], [t].[Status], [t].[Tags], [t].[UsageCount]
    FROM [Tools] AS [t]
    WHERE [t].[Status] = N'Approved'
    ORDER BY [t].[CreatedAt] DESC
    OFFSET @__p_0 ROWS FETCH NEXT @__p_1 ROWS ONLY
) AS [t0]
INNER JOIN [Users] AS [u] ON [t0].[OwnerId] = [u].[Id]
INNER JOIN [Categories] AS [c] ON [t0].[CategoryId] = [c].[Id]
ORDER BY [t0].[CreatedAt] DESC
2026-06-19 23:29:28.153 +03:00 [INF] CyberSphere.Application.Common.Behaviors.LoggingBehavior: Handled GetToolsQuery in 12ms
2026-06-19 23:29:28.154 +03:00 [INF] Serilog.AspNetCore.RequestLoggingMiddleware: HTTP GET /api/marketplace/tools responded 200 in 15.5924ms
2026-06-19 23:29:34.403 +03:00 [INF] Serilog.AspNetCore.RequestLoggingMiddleware: HTTP OPTIONS /api/marketplace/tools/61299bd2-e81b-44e2-9d1d-6e8f68499b25 responded 204 in 0.0422ms
2026-06-19 23:29:34.404 +03:00 [INF] Serilog.AspNetCore.RequestLoggingMiddleware: HTTP OPTIONS /api/marketplace/tools/61299bd2-e81b-44e2-9d1d-6e8f68499b25 responded 204 in 0.0414ms
2026-06-19 23:29:34.560 +03:00 [INF] CyberSphere.Application.Common.Behaviors.LoggingBehavior: Handling GetToolByIdQuery
2026-06-19 23:29:34.565 +03:00 [INF] Microsoft.EntityFrameworkCore.Database.Command: Executed DbCommand (1ms) [Parameters=[@__id_0='?' (DbType = Guid)], CommandType='"Text"', CommandTimeout='30']
SELECT [t0].[Id], [t0].[AverageRating], [t0].[CategoryId], [t0].[CreatedAt], [t0].[Description], [t0].[DifficultyLevel], [t0].[GitHubUrl], [t0].[Name], [t0].[OwnerId], [t0].[RatingCount], [t0].[Status], [t0].[Tags], [t0].[UsageCount], [t0].[Id0], [t0].[Bio], [t0].[CreatedAt0], [t0].[Email], [t0].[GitHubUrl0], [t0].[PasswordHash], [t0].[PasswordResetToken], [t0].[PasswordResetTokenExpiry], [t0].[ProfilePictureUrl], [t0].[RefreshToken], [t0].[RefreshTokenExpiry], [t0].[Role], [t0].[TotalToolsUploaded], [t0].[UserName], [t0].[Id1], [t0].[Description0], [t0].[Name0], [t0].[Slug], [t1].[Id], [t1].[Description], [t1].[Example], [t1].[Name], [t1].[Syntax], [t1].[ToolId]
FROM (
    SELECT TOP(1) [t].[Id], [t].[AverageRating], [t].[CategoryId], [t].[CreatedAt], [t].[Description], [t].[DifficultyLevel], [t].[GitHubUrl], [t].[Name], [t].[OwnerId], [t].[RatingCount], [t].[Status], [t].[Tags], [t].[UsageCount], [u].[Id] AS [Id0], [u].[Bio], [u].[CreatedAt] AS [CreatedAt0], [u].[Email], [u].[GitHubUrl] AS [GitHubUrl0], [u].[PasswordHash], [u].[PasswordResetToken], [u].[PasswordResetTokenExpiry], [u].[ProfilePictureUrl], [u].[RefreshToken], [u].[RefreshTokenExpiry], [u].[Role], [u].[TotalToolsUploaded], [u].[UserName], [c].[Id] AS [Id1], [c].[Description] AS [Description0], [c].[Name] AS [Name0], [c].[Slug]
    FROM [Tools] AS [t]
    INNER JOIN [Users] AS [u] ON [t].[OwnerId] = [u].[Id]
    INNER JOIN [Categories] AS [c] ON [t].[CategoryId] = [c].[Id]
    WHERE [t].[Id] = @__id_0
) AS [t0]
LEFT JOIN [ToolCommands] AS [t1] ON [t0].[Id] = [t1].[ToolId]
ORDER BY [t0].[Id], [t0].[Id0], [t0].[Id1]
2026-06-19 23:29:34.568 +03:00 [INF] CyberSphere.Application.Common.Behaviors.LoggingBehavior: Handled GetToolByIdQuery in 5ms
2026-06-19 23:29:34.568 +03:00 [INF] Serilog.AspNetCore.RequestLoggingMiddleware: HTTP GET /api/marketplace/tools/61299bd2-e81b-44e2-9d1d-6e8f68499b25 responded 200 in 9.0998ms
2026-06-19 23:29:34.736 +03:00 [INF] CyberSphere.Application.Common.Behaviors.LoggingBehavior: Handling GetToolByIdQuery
2026-06-19 23:29:34.739 +03:00 [INF] Microsoft.EntityFrameworkCore.Database.Command: Executed DbCommand (1ms) [Parameters=[@__id_0='?' (DbType = Guid)], CommandType='"Text"', CommandTimeout='30']
SELECT [t0].[Id], [t0].[AverageRating], [t0].[CategoryId], [t0].[CreatedAt], [t0].[Description], [t0].[DifficultyLevel], [t0].[GitHubUrl], [t0].[Name], [t0].[OwnerId], [t0].[RatingCount], [t0].[Status], [t0].[Tags], [t0].[UsageCount], [t0].[Id0], [t0].[Bio], [t0].[CreatedAt0], [t0].[Email], [t0].[GitHubUrl0], [t0].[PasswordHash], [t0].[PasswordResetToken], [t0].[PasswordResetTokenExpiry], [t0].[ProfilePictureUrl], [t0].[RefreshToken], [t0].[RefreshTokenExpiry], [t0].[Role], [t0].[TotalToolsUploaded], [t0].[UserName], [t0].[Id1], [t0].[Description0], [t0].[Name0], [t0].[Slug], [t1].[Id], [t1].[Description], [t1].[Example], [t1].[Name], [t1].[Syntax], [t1].[ToolId]
FROM (
    SELECT TOP(1) [t].[Id], [t].[AverageRating], [t].[CategoryId], [t].[CreatedAt], [t].[Description], [t].[DifficultyLevel], [t].[GitHubUrl], [t].[Name], [t].[OwnerId], [t].[RatingCount], [t].[Status], [t].[Tags], [t].[UsageCount], [u].[Id] AS [Id0], [u].[Bio], [u].[CreatedAt] AS [CreatedAt0], [u].[Email], [u].[GitHubUrl] AS [GitHubUrl0], [u].[PasswordHash], [u].[PasswordResetToken], [u].[PasswordResetTokenExpiry], [u].[ProfilePictureUrl], [u].[RefreshToken], [u].[RefreshTokenExpiry], [u].[Role], [u].[TotalToolsUploaded], [u].[UserName], [c].[Id] AS [Id1], [c].[Description] AS [Description0], [c].[Name] AS [Name0], [c].[Slug]
    FROM [Tools] AS [t]
    INNER JOIN [Users] AS [u] ON [t].[OwnerId] = [u].[Id]
    INNER JOIN [Categories] AS [c] ON [t].[CategoryId] = [c].[Id]
    WHERE [t].[Id] = @__id_0
) AS [t0]
LEFT JOIN [ToolCommands] AS [t1] ON [t0].[Id] = [t1].[ToolId]
ORDER BY [t0].[Id], [t0].[Id0], [t0].[Id1]
2026-06-19 23:29:34.743 +03:00 [INF] CyberSphere.Application.Common.Behaviors.LoggingBehavior: Handled GetToolByIdQuery in 5ms
2026-06-19 23:29:34.744 +03:00 [INF] Serilog.AspNetCore.RequestLoggingMiddleware: HTTP GET /api/marketplace/tools/61299bd2-e81b-44e2-9d1d-6e8f68499b25 responded 200 in 8.2497ms
2026-06-19 23:29:37.668 +03:00 [INF] Serilog.AspNetCore.RequestLoggingMiddleware: HTTP OPTIONS /api/marketplace/categories responded 204 in 0.0373ms
2026-06-19 23:29:37.674 +03:00 [INF] Serilog.AspNetCore.RequestLoggingMiddleware: HTTP OPTIONS /api/marketplace/tools responded 204 in 0.0303ms
2026-06-19 23:29:37.683 +03:00 [INF] Serilog.AspNetCore.RequestLoggingMiddleware: HTTP OPTIONS /api/marketplace/categories responded 204 in 0.0296ms
2026-06-19 23:29:37.684 +03:00 [INF] Serilog.AspNetCore.RequestLoggingMiddleware: HTTP OPTIONS /api/marketplace/tools responded 204 in 0.0106ms
2026-06-19 23:29:37.823 +03:00 [INF] CyberSphere.Application.Common.Behaviors.LoggingBehavior: Handling GetCategoriesQuery
2026-06-19 23:29:37.828 +03:00 [INF] Microsoft.EntityFrameworkCore.Database.Command: Executed DbCommand (1ms) [Parameters=[], CommandType='"Text"', CommandTimeout='30']
SELECT [c].[Id], [c].[Description], [c].[Name], [c].[Slug], [t].[Id], [t].[AverageRating], [t].[CategoryId], [t].[CreatedAt], [t].[Description], [t].[DifficultyLevel], [t].[GitHubUrl], [t].[Name], [t].[OwnerId], [t].[RatingCount], [t].[Status], [t].[Tags], [t].[UsageCount]
FROM [Categories] AS [c]
LEFT JOIN [Tools] AS [t] ON [c].[Id] = [t].[CategoryId]
ORDER BY [c].[Name], [c].[Id]
2026-06-19 23:29:37.828 +03:00 [INF] CyberSphere.Application.Common.Behaviors.LoggingBehavior: Handling GetToolsQuery
2026-06-19 23:29:37.831 +03:00 [INF] CyberSphere.Application.Common.Behaviors.LoggingBehavior: Handled GetCategoriesQuery in 5ms
2026-06-19 23:29:37.833 +03:00 [INF] Microsoft.EntityFrameworkCore.Database.Command: Executed DbCommand (1ms) [Parameters=[], CommandType='"Text"', CommandTimeout='30']
SELECT COUNT(*)
FROM [Tools] AS [t]
WHERE [t].[Status] = N'Approved'
2026-06-19 23:29:37.833 +03:00 [INF] Serilog.AspNetCore.RequestLoggingMiddleware: HTTP GET /api/marketplace/categories responded 200 in 10.9368ms
2026-06-19 23:29:37.836 +03:00 [INF] Microsoft.EntityFrameworkCore.Database.Command: Executed DbCommand (0ms) [Parameters=[@__p_0='?' (DbType = Int32), @__p_1='?' (DbType = Int32)], CommandType='"Text"', CommandTimeout='30']
SELECT [t0].[Id], [t0].[AverageRating], [t0].[CategoryId], [t0].[CreatedAt], [t0].[Description], [t0].[DifficultyLevel], [t0].[GitHubUrl], [t0].[Name], [t0].[OwnerId], [t0].[RatingCount], [t0].[Status], [t0].[Tags], [t0].[UsageCount], [u].[Id], [u].[Bio], [u].[CreatedAt], [u].[Email], [u].[GitHubUrl], [u].[PasswordHash], [u].[PasswordResetToken], [u].[PasswordResetTokenExpiry], [u].[ProfilePictureUrl], [u].[RefreshToken], [u].[RefreshTokenExpiry], [u].[Role], [u].[TotalToolsUploaded], [u].[UserName], [c].[Id], [c].[Description], [c].[Name], [c].[Slug]
FROM (
    SELECT [t].[Id], [t].[AverageRating], [t].[CategoryId], [t].[CreatedAt], [t].[Description], [t].[DifficultyLevel], [t].[GitHubUrl], [t].[Name], [t].[OwnerId], [t].[RatingCount], [t].[Status], [t].[Tags], [t].[UsageCount]
    FROM [Tools] AS [t]
    WHERE [t].[Status] = N'Approved'
    ORDER BY [t].[CreatedAt] DESC
    OFFSET @__p_0 ROWS FETCH NEXT @__p_1 ROWS ONLY
) AS [t0]
INNER JOIN [Users] AS [u] ON [t0].[OwnerId] = [u].[Id]
INNER JOIN [Categories] AS [c] ON [t0].[CategoryId] = [c].[Id]
ORDER BY [t0].[CreatedAt] DESC
2026-06-19 23:29:37.840 +03:00 [INF] CyberSphere.Application.Common.Behaviors.LoggingBehavior: Handled GetToolsQuery in 8ms
2026-06-19 23:29:37.844 +03:00 [INF] Serilog.AspNetCore.RequestLoggingMiddleware: HTTP GET /api/marketplace/tools responded 200 in 16.6846ms
2026-06-19 23:29:38.009 +03:00 [INF] CyberSphere.Application.Common.Behaviors.LoggingBehavior: Handling GetCategoriesQuery
2026-06-19 23:29:38.012 +03:00 [INF] Microsoft.EntityFrameworkCore.Database.Command: Executed DbCommand (1ms) [Parameters=[], CommandType='"Text"', CommandTimeout='30']
SELECT [c].[Id], [c].[Description], [c].[Name], [c].[Slug], [t].[Id], [t].[AverageRating], [t].[CategoryId], [t].[CreatedAt], [t].[Description], [t].[DifficultyLevel], [t].[GitHubUrl], [t].[Name], [t].[OwnerId], [t].[RatingCount], [t].[Status], [t].[Tags], [t].[UsageCount]
FROM [Categories] AS [c]
LEFT JOIN [Tools] AS [t] ON [c].[Id] = [t].[CategoryId]
ORDER BY [c].[Name], [c].[Id]
2026-06-19 23:29:38.013 +03:00 [INF] CyberSphere.Application.Common.Behaviors.LoggingBehavior: Handling GetToolsQuery
2026-06-19 23:29:38.016 +03:00 [INF] CyberSphere.Application.Common.Behaviors.LoggingBehavior: Handled GetCategoriesQuery in 5ms
2026-06-19 23:29:38.018 +03:00 [INF] Microsoft.EntityFrameworkCore.Database.Command: Executed DbCommand (0ms) [Parameters=[], CommandType='"Text"', CommandTimeout='30']
SELECT COUNT(*)
FROM [Tools] AS [t]
WHERE [t].[Status] = N'Approved'
2026-06-19 23:29:38.018 +03:00 [INF] Serilog.AspNetCore.RequestLoggingMiddleware: HTTP GET /api/marketplace/categories responded 200 in 9.7398ms
2026-06-19 23:29:38.021 +03:00 [INF] Microsoft.EntityFrameworkCore.Database.Command: Executed DbCommand (0ms) [Parameters=[@__p_0='?' (DbType = Int32), @__p_1='?' (DbType = Int32)], CommandType='"Text"', CommandTimeout='30']
SELECT [t0].[Id], [t0].[AverageRating], [t0].[CategoryId], [t0].[CreatedAt], [t0].[Description], [t0].[DifficultyLevel], [t0].[GitHubUrl], [t0].[Name], [t0].[OwnerId], [t0].[RatingCount], [t0].[Status], [t0].[Tags], [t0].[UsageCount], [u].[Id], [u].[Bio], [u].[CreatedAt], [u].[Email], [u].[GitHubUrl], [u].[PasswordHash], [u].[PasswordResetToken], [u].[PasswordResetTokenExpiry], [u].[ProfilePictureUrl], [u].[RefreshToken], [u].[RefreshTokenExpiry], [u].[Role], [u].[TotalToolsUploaded], [u].[UserName], [c].[Id], [c].[Description], [c].[Name], [c].[Slug]
FROM (
    SELECT [t].[Id], [t].[AverageRating], [t].[CategoryId], [t].[CreatedAt], [t].[Description], [t].[DifficultyLevel], [t].[GitHubUrl], [t].[Name], [t].[OwnerId], [t].[RatingCount], [t].[Status], [t].[Tags], [t].[UsageCount]
    FROM [Tools] AS [t]
    WHERE [t].[Status] = N'Approved'
    ORDER BY [t].[CreatedAt] DESC
    OFFSET @__p_0 ROWS FETCH NEXT @__p_1 ROWS ONLY
) AS [t0]
INNER JOIN [Users] AS [u] ON [t0].[OwnerId] = [u].[Id]
INNER JOIN [Categories] AS [c] ON [t0].[CategoryId] = [c].[Id]
ORDER BY [t0].[CreatedAt] DESC
2026-06-19 23:29:38.029 +03:00 [INF] CyberSphere.Application.Common.Behaviors.LoggingBehavior: Handled GetToolsQuery in 12ms
2026-06-19 23:29:38.031 +03:00 [INF] Serilog.AspNetCore.RequestLoggingMiddleware: HTTP GET /api/marketplace/tools responded 200 in 19.5487ms
2026-06-19 23:29:55.307 +03:00 [INF] Serilog.AspNetCore.RequestLoggingMiddleware: HTTP OPTIONS /api/marketplace/tools responded 204 in 0.0255ms
2026-06-19 23:29:55.479 +03:00 [INF] CyberSphere.Application.Common.Behaviors.LoggingBehavior: Handling GetToolsQuery
2026-06-19 23:29:55.484 +03:00 [INF] Microsoft.EntityFrameworkCore.Database.Command: Executed DbCommand (2ms) [Parameters=[], CommandType='"Text"', CommandTimeout='30']
SELECT COUNT(*)
FROM [Tools] AS [t]
WHERE [t].[Status] = N'Approved'
2026-06-19 23:29:55.490 +03:00 [INF] Microsoft.EntityFrameworkCore.Database.Command: Executed DbCommand (4ms) [Parameters=[@__p_0='?' (DbType = Int32), @__p_1='?' (DbType = Int32)], CommandType='"Text"', CommandTimeout='30']
SELECT [t0].[Id], [t0].[AverageRating], [t0].[CategoryId], [t0].[CreatedAt], [t0].[Description], [t0].[DifficultyLevel], [t0].[GitHubUrl], [t0].[Name], [t0].[OwnerId], [t0].[RatingCount], [t0].[Status], [t0].[Tags], [t0].[UsageCount], [u].[Id], [u].[Bio], [u].[CreatedAt], [u].[Email], [u].[GitHubUrl], [u].[PasswordHash], [u].[PasswordResetToken], [u].[PasswordResetTokenExpiry], [u].[ProfilePictureUrl], [u].[RefreshToken], [u].[RefreshTokenExpiry], [u].[Role], [u].[TotalToolsUploaded], [u].[UserName], [c].[Id], [c].[Description], [c].[Name], [c].[Slug]
FROM (
    SELECT [t].[Id], [t].[AverageRating], [t].[CategoryId], [t].[CreatedAt], [t].[Description], [t].[DifficultyLevel], [t].[GitHubUrl], [t].[Name], [t].[OwnerId], [t].[RatingCount], [t].[Status], [t].[Tags], [t].[UsageCount]
    FROM [Tools] AS [t]
    WHERE [t].[Status] = N'Approved'
    ORDER BY [t].[Name]
    OFFSET @__p_0 ROWS FETCH NEXT @__p_1 ROWS ONLY
) AS [t0]
INNER JOIN [Users] AS [u] ON [t0].[OwnerId] = [u].[Id]
INNER JOIN [Categories] AS [c] ON [t0].[CategoryId] = [c].[Id]
ORDER BY [t0].[Name]
2026-06-19 23:29:55.502 +03:00 [INF] CyberSphere.Application.Common.Behaviors.LoggingBehavior: Handled GetToolsQuery in 21ms
2026-06-19 23:29:55.504 +03:00 [INF] Serilog.AspNetCore.RequestLoggingMiddleware: HTTP GET /api/marketplace/tools responded 200 in 25.3982ms
2026-06-19 23:29:58.749 +03:00 [INF] Serilog.AspNetCore.RequestLoggingMiddleware: HTTP OPTIONS /api/marketplace/tools responded 204 in 0.0244ms
2026-06-19 23:29:58.909 +03:00 [INF] CyberSphere.Application.Common.Behaviors.LoggingBehavior: Handling GetToolsQuery
2026-06-19 23:29:58.913 +03:00 [INF] Microsoft.EntityFrameworkCore.Database.Command: Executed DbCommand (1ms) [Parameters=[], CommandType='"Text"', CommandTimeout='30']
SELECT COUNT(*)
FROM [Tools] AS [t]
WHERE [t].[Status] = N'Approved'
2026-06-19 23:29:58.920 +03:00 [INF] Microsoft.EntityFrameworkCore.Database.Command: Executed DbCommand (4ms) [Parameters=[@__p_0='?' (DbType = Int32), @__p_1='?' (DbType = Int32)], CommandType='"Text"', CommandTimeout='30']
SELECT [t0].[Id], [t0].[AverageRating], [t0].[CategoryId], [t0].[CreatedAt], [t0].[Description], [t0].[DifficultyLevel], [t0].[GitHubUrl], [t0].[Name], [t0].[OwnerId], [t0].[RatingCount], [t0].[Status], [t0].[Tags], [t0].[UsageCount], [u].[Id], [u].[Bio], [u].[CreatedAt], [u].[Email], [u].[GitHubUrl], [u].[PasswordHash], [u].[PasswordResetToken], [u].[PasswordResetTokenExpiry], [u].[ProfilePictureUrl], [u].[RefreshToken], [u].[RefreshTokenExpiry], [u].[Role], [u].[TotalToolsUploaded], [u].[UserName], [c].[Id], [c].[Description], [c].[Name], [c].[Slug]
FROM (
    SELECT [t].[Id], [t].[AverageRating], [t].[CategoryId], [t].[CreatedAt], [t].[Description], [t].[DifficultyLevel], [t].[GitHubUrl], [t].[Name], [t].[OwnerId], [t].[RatingCount], [t].[Status], [t].[Tags], [t].[UsageCount]
    FROM [Tools] AS [t]
    WHERE [t].[Status] = N'Approved'
    ORDER BY [t].[CreatedAt] DESC
    OFFSET @__p_0 ROWS FETCH NEXT @__p_1 ROWS ONLY
) AS [t0]
INNER JOIN [Users] AS [u] ON [t0].[OwnerId] = [u].[Id]
INNER JOIN [Categories] AS [c] ON [t0].[CategoryId] = [c].[Id]
ORDER BY [t0].[CreatedAt] DESC
2026-06-19 23:29:58.925 +03:00 [INF] CyberSphere.Application.Common.Behaviors.LoggingBehavior: Handled GetToolsQuery in 13ms
2026-06-19 23:29:58.927 +03:00 [INF] Serilog.AspNetCore.RequestLoggingMiddleware: HTTP GET /api/marketplace/tools responded 200 in 18.2173ms
2026-06-19 23:30:01.917 +03:00 [INF] Serilog.AspNetCore.RequestLoggingMiddleware: HTTP OPTIONS /api/marketplace/tools responded 204 in 0.0359ms
2026-06-19 23:30:02.091 +03:00 [INF] CyberSphere.Application.Common.Behaviors.LoggingBehavior: Handling GetToolsQuery
2026-06-19 23:30:02.097 +03:00 [INF] Microsoft.EntityFrameworkCore.Database.Command: Executed DbCommand (2ms) [Parameters=[@__filter_DifficultyLevel_Value_0='?' (Size = 20)], CommandType='"Text"', CommandTimeout='30']
SELECT COUNT(*)
FROM [Tools] AS [t]
WHERE [t].[Status] = N'Approved' AND [t].[DifficultyLevel] = @__filter_DifficultyLevel_Value_0
2026-06-19 23:30:02.104 +03:00 [INF] Microsoft.EntityFrameworkCore.Database.Command: Executed DbCommand (4ms) [Parameters=[@__filter_DifficultyLevel_Value_0='?' (Size = 20), @__p_1='?' (DbType = Int32), @__p_2='?' (DbType = Int32)], CommandType='"Text"', CommandTimeout='30']
SELECT [t0].[Id], [t0].[AverageRating], [t0].[CategoryId], [t0].[CreatedAt], [t0].[Description], [t0].[DifficultyLevel], [t0].[GitHubUrl], [t0].[Name], [t0].[OwnerId], [t0].[RatingCount], [t0].[Status], [t0].[Tags], [t0].[UsageCount], [u].[Id], [u].[Bio], [u].[CreatedAt], [u].[Email], [u].[GitHubUrl], [u].[PasswordHash], [u].[PasswordResetToken], [u].[PasswordResetTokenExpiry], [u].[ProfilePictureUrl], [u].[RefreshToken], [u].[RefreshTokenExpiry], [u].[Role], [u].[TotalToolsUploaded], [u].[UserName], [c].[Id], [c].[Description], [c].[Name], [c].[Slug]
FROM (
    SELECT [t].[Id], [t].[AverageRating], [t].[CategoryId], [t].[CreatedAt], [t].[Description], [t].[DifficultyLevel], [t].[GitHubUrl], [t].[Name], [t].[OwnerId], [t].[RatingCount], [t].[Status], [t].[Tags], [t].[UsageCount]
    FROM [Tools] AS [t]
    WHERE [t].[Status] = N'Approved' AND [t].[DifficultyLevel] = @__filter_DifficultyLevel_Value_0
    ORDER BY [t].[CreatedAt] DESC
    OFFSET @__p_1 ROWS FETCH NEXT @__p_2 ROWS ONLY
) AS [t0]
INNER JOIN [Users] AS [u] ON [t0].[OwnerId] = [u].[Id]
INNER JOIN [Categories] AS [c] ON [t0].[CategoryId] = [c].[Id]
ORDER BY [t0].[CreatedAt] DESC
2026-06-19 23:30:02.108 +03:00 [INF] CyberSphere.Application.Common.Behaviors.LoggingBehavior: Handled GetToolsQuery in 14ms
2026-06-19 23:30:02.112 +03:00 [INF] Serilog.AspNetCore.RequestLoggingMiddleware: HTTP GET /api/marketplace/tools responded 200 in 21.3631ms
2026-06-19 23:30:04.673 +03:00 [INF] Serilog.AspNetCore.RequestLoggingMiddleware: HTTP OPTIONS /api/marketplace/tools responded 204 in 0.0276ms
2026-06-19 23:30:04.863 +03:00 [INF] CyberSphere.Application.Common.Behaviors.LoggingBehavior: Handling GetToolsQuery
2026-06-19 23:30:04.872 +03:00 [INF] Microsoft.EntityFrameworkCore.Database.Command: Executed DbCommand (2ms) [Parameters=[@__filter_DifficultyLevel_Value_0='?' (Size = 20)], CommandType='"Text"', CommandTimeout='30']
SELECT COUNT(*)
FROM [Tools] AS [t]
WHERE [t].[Status] = N'Approved' AND [t].[DifficultyLevel] = @__filter_DifficultyLevel_Value_0
2026-06-19 23:30:04.876 +03:00 [INF] Microsoft.EntityFrameworkCore.Database.Command: Executed DbCommand (0ms) [Parameters=[@__filter_DifficultyLevel_Value_0='?' (Size = 20), @__p_1='?' (DbType = Int32), @__p_2='?' (DbType = Int32)], CommandType='"Text"', CommandTimeout='30']
SELECT [t0].[Id], [t0].[AverageRating], [t0].[CategoryId], [t0].[CreatedAt], [t0].[Description], [t0].[DifficultyLevel], [t0].[GitHubUrl], [t0].[Name], [t0].[OwnerId], [t0].[RatingCount], [t0].[Status], [t0].[Tags], [t0].[UsageCount], [u].[Id], [u].[Bio], [u].[CreatedAt], [u].[Email], [u].[GitHubUrl], [u].[PasswordHash], [u].[PasswordResetToken], [u].[PasswordResetTokenExpiry], [u].[ProfilePictureUrl], [u].[RefreshToken], [u].[RefreshTokenExpiry], [u].[Role], [u].[TotalToolsUploaded], [u].[UserName], [c].[Id], [c].[Description], [c].[Name], [c].[Slug]
FROM (
    SELECT [t].[Id], [t].[AverageRating], [t].[CategoryId], [t].[CreatedAt], [t].[Description], [t].[DifficultyLevel], [t].[GitHubUrl], [t].[Name], [t].[OwnerId], [t].[RatingCount], [t].[Status], [t].[Tags], [t].[UsageCount]
    FROM [Tools] AS [t]
    WHERE [t].[Status] = N'Approved' AND [t].[DifficultyLevel] = @__filter_DifficultyLevel_Value_0
    ORDER BY [t].[CreatedAt] DESC
    OFFSET @__p_1 ROWS FETCH NEXT @__p_2 ROWS ONLY
) AS [t0]
INNER JOIN [Users] AS [u] ON [t0].[OwnerId] = [u].[Id]
INNER JOIN [Categories] AS [c] ON [t0].[CategoryId] = [c].[Id]
ORDER BY [t0].[CreatedAt] DESC
2026-06-19 23:30:04.881 +03:00 [INF] CyberSphere.Application.Common.Behaviors.LoggingBehavior: Handled GetToolsQuery in 13ms
2026-06-19 23:30:04.882 +03:00 [INF] Serilog.AspNetCore.RequestLoggingMiddleware: HTTP GET /api/marketplace/tools responded 200 in 20.0094ms
2026-06-19 23:30:07.648 +03:00 [INF] Serilog.AspNetCore.RequestLoggingMiddleware: HTTP OPTIONS /api/marketplace/tools responded 204 in 0.0287ms
2026-06-19 23:30:07.831 +03:00 [INF] CyberSphere.Application.Common.Behaviors.LoggingBehavior: Handling GetToolsQuery
2026-06-19 23:30:07.835 +03:00 [INF] Microsoft.EntityFrameworkCore.Database.Command: Executed DbCommand (1ms) [Parameters=[@__filter_DifficultyLevel_Value_0='?' (Size = 20)], CommandType='"Text"', CommandTimeout='30']
SELECT COUNT(*)
FROM [Tools] AS [t]
WHERE [t].[Status] = N'Approved' AND [t].[DifficultyLevel] = @__filter_DifficultyLevel_Value_0
2026-06-19 23:30:07.838 +03:00 [INF] Microsoft.EntityFrameworkCore.Database.Command: Executed DbCommand (0ms) [Parameters=[@__filter_DifficultyLevel_Value_0='?' (Size = 20), @__p_1='?' (DbType = Int32), @__p_2='?' (DbType = Int32)], CommandType='"Text"', CommandTimeout='30']
SELECT [t0].[Id], [t0].[AverageRating], [t0].[CategoryId], [t0].[CreatedAt], [t0].[Description], [t0].[DifficultyLevel], [t0].[GitHubUrl], [t0].[Name], [t0].[OwnerId], [t0].[RatingCount], [t0].[Status], [t0].[Tags], [t0].[UsageCount], [u].[Id], [u].[Bio], [u].[CreatedAt], [u].[Email], [u].[GitHubUrl], [u].[PasswordHash], [u].[PasswordResetToken], [u].[PasswordResetTokenExpiry], [u].[ProfilePictureUrl], [u].[RefreshToken], [u].[RefreshTokenExpiry], [u].[Role], [u].[TotalToolsUploaded], [u].[UserName], [c].[Id], [c].[Description], [c].[Name], [c].[Slug]
FROM (
    SELECT [t].[Id], [t].[AverageRating], [t].[CategoryId], [t].[CreatedAt], [t].[Description], [t].[DifficultyLevel], [t].[GitHubUrl], [t].[Name], [t].[OwnerId], [t].[RatingCount], [t].[Status], [t].[Tags], [t].[UsageCount]
    FROM [Tools] AS [t]
    WHERE [t].[Status] = N'Approved' AND [t].[DifficultyLevel] = @__filter_DifficultyLevel_Value_0
    ORDER BY [t].[CreatedAt] DESC
    OFFSET @__p_1 ROWS FETCH NEXT @__p_2 ROWS ONLY
) AS [t0]
INNER JOIN [Users] AS [u] ON [t0].[OwnerId] = [u].[Id]
INNER JOIN [Categories] AS [c] ON [t0].[CategoryId] = [c].[Id]
ORDER BY [t0].[CreatedAt] DESC
2026-06-19 23:30:07.842 +03:00 [INF] CyberSphere.Application.Common.Behaviors.LoggingBehavior: Handled GetToolsQuery in 9ms
2026-06-19 23:30:07.844 +03:00 [INF] Serilog.AspNetCore.RequestLoggingMiddleware: HTTP GET /api/marketplace/tools responded 200 in 12.6423ms
2026-06-19 23:30:09.966 +03:00 [INF] Serilog.AspNetCore.RequestLoggingMiddleware: HTTP OPTIONS /api/marketplace/tools responded 204 in 0.0395ms
2026-06-19 23:30:10.123 +03:00 [INF] CyberSphere.Application.Common.Behaviors.LoggingBehavior: Handling GetToolsQuery
2026-06-19 23:30:10.129 +03:00 [INF] Microsoft.EntityFrameworkCore.Database.Command: Executed DbCommand (1ms) [Parameters=[], CommandType='"Text"', CommandTimeout='30']
SELECT COUNT(*)
FROM [Tools] AS [t]
WHERE [t].[Status] = N'Approved'
2026-06-19 23:30:10.147 +03:00 [INF] Microsoft.EntityFrameworkCore.Database.Command: Executed DbCommand (1ms) [Parameters=[@__p_0='?' (DbType = Int32), @__p_1='?' (DbType = Int32)], CommandType='"Text"', CommandTimeout='30']
SELECT [t0].[Id], [t0].[AverageRating], [t0].[CategoryId], [t0].[CreatedAt], [t0].[Description], [t0].[DifficultyLevel], [t0].[GitHubUrl], [t0].[Name], [t0].[OwnerId], [t0].[RatingCount], [t0].[Status], [t0].[Tags], [t0].[UsageCount], [u].[Id], [u].[Bio], [u].[CreatedAt], [u].[Email], [u].[GitHubUrl], [u].[PasswordHash], [u].[PasswordResetToken], [u].[PasswordResetTokenExpiry], [u].[ProfilePictureUrl], [u].[RefreshToken], [u].[RefreshTokenExpiry], [u].[Role], [u].[TotalToolsUploaded], [u].[UserName], [c].[Id], [c].[Description], [c].[Name], [c].[Slug]
FROM (
    SELECT [t].[Id], [t].[AverageRating], [t].[CategoryId], [t].[CreatedAt], [t].[Description], [t].[DifficultyLevel], [t].[GitHubUrl], [t].[Name], [t].[OwnerId], [t].[RatingCount], [t].[Status], [t].[Tags], [t].[UsageCount]
    FROM [Tools] AS [t]
    WHERE [t].[Status] = N'Approved'
    ORDER BY [t].[CreatedAt] DESC
    OFFSET @__p_0 ROWS FETCH NEXT @__p_1 ROWS ONLY
) AS [t0]
INNER JOIN [Users] AS [u] ON [t0].[OwnerId] = [u].[Id]
INNER JOIN [Categories] AS [c] ON [t0].[CategoryId] = [c].[Id]
ORDER BY [t0].[CreatedAt] DESC
2026-06-19 23:30:10.180 +03:00 [INF] CyberSphere.Application.Common.Behaviors.LoggingBehavior: Handled GetToolsQuery in 54ms
2026-06-19 23:30:10.181 +03:00 [INF] Serilog.AspNetCore.RequestLoggingMiddleware: HTTP GET /api/marketplace/tools responded 200 in 58.7601ms
2026-06-19 23:32:18.152 +03:00 [INF] Serilog.AspNetCore.RequestLoggingMiddleware: HTTP OPTIONS /api/marketplace/tools/61299bd2-e81b-44e2-9d1d-6e8f68499b25 responded 204 in 0.0748ms
2026-06-19 23:32:18.153 +03:00 [INF] Serilog.AspNetCore.RequestLoggingMiddleware: HTTP OPTIONS /api/marketplace/tools/61299bd2-e81b-44e2-9d1d-6e8f68499b25 responded 204 in 0.0466ms
2026-06-19 23:32:18.821 +03:00 [INF] CyberSphere.Application.Common.Behaviors.LoggingBehavior: Handling GetToolByIdQuery
2026-06-19 23:32:18.838 +03:00 [INF] Microsoft.EntityFrameworkCore.Database.Command: Executed DbCommand (5ms) [Parameters=[@__id_0='?' (DbType = Guid)], CommandType='"Text"', CommandTimeout='30']
SELECT [t0].[Id], [t0].[AverageRating], [t0].[CategoryId], [t0].[CreatedAt], [t0].[Description], [t0].[DifficultyLevel], [t0].[GitHubUrl], [t0].[Name], [t0].[OwnerId], [t0].[RatingCount], [t0].[Status], [t0].[Tags], [t0].[UsageCount], [t0].[Id0], [t0].[Bio], [t0].[CreatedAt0], [t0].[Email], [t0].[GitHubUrl0], [t0].[PasswordHash], [t0].[PasswordResetToken], [t0].[PasswordResetTokenExpiry], [t0].[ProfilePictureUrl], [t0].[RefreshToken], [t0].[RefreshTokenExpiry], [t0].[Role], [t0].[TotalToolsUploaded], [t0].[UserName], [t0].[Id1], [t0].[Description0], [t0].[Name0], [t0].[Slug], [t1].[Id], [t1].[Description], [t1].[Example], [t1].[Name], [t1].[Syntax], [t1].[ToolId]
FROM (
    SELECT TOP(1) [t].[Id], [t].[AverageRating], [t].[CategoryId], [t].[CreatedAt], [t].[Description], [t].[DifficultyLevel], [t].[GitHubUrl], [t].[Name], [t].[OwnerId], [t].[RatingCount], [t].[Status], [t].[Tags], [t].[UsageCount], [u].[Id] AS [Id0], [u].[Bio], [u].[CreatedAt] AS [CreatedAt0], [u].[Email], [u].[GitHubUrl] AS [GitHubUrl0], [u].[PasswordHash], [u].[PasswordResetToken], [u].[PasswordResetTokenExpiry], [u].[ProfilePictureUrl], [u].[RefreshToken], [u].[RefreshTokenExpiry], [u].[Role], [u].[TotalToolsUploaded], [u].[UserName], [c].[Id] AS [Id1], [c].[Description] AS [Description0], [c].[Name] AS [Name0], [c].[Slug]
    FROM [Tools] AS [t]
    INNER JOIN [Users] AS [u] ON [t].[OwnerId] = [u].[Id]
    INNER JOIN [Categories] AS [c] ON [t].[CategoryId] = [c].[Id]
    WHERE [t].[Id] = @__id_0
) AS [t0]
LEFT JOIN [ToolCommands] AS [t1] ON [t0].[Id] = [t1].[ToolId]
ORDER BY [t0].[Id], [t0].[Id0], [t0].[Id1]
2026-06-19 23:32:18.848 +03:00 [INF] CyberSphere.Application.Common.Behaviors.LoggingBehavior: Handled GetToolByIdQuery in 25ms
2026-06-19 23:32:18.849 +03:00 [INF] Serilog.AspNetCore.RequestLoggingMiddleware: HTTP GET /api/marketplace/tools/61299bd2-e81b-44e2-9d1d-6e8f68499b25 responded 200 in 28.5289ms
2026-06-19 23:32:20.326 +03:00 [INF] CyberSphere.Application.Common.Behaviors.LoggingBehavior: Handling GetToolByIdQuery
2026-06-19 23:32:20.330 +03:00 [INF] Microsoft.EntityFrameworkCore.Database.Command: Executed DbCommand (1ms) [Parameters=[@__id_0='?' (DbType = Guid)], CommandType='"Text"', CommandTimeout='30']
SELECT [t0].[Id], [t0].[AverageRating], [t0].[CategoryId], [t0].[CreatedAt], [t0].[Description], [t0].[DifficultyLevel], [t0].[GitHubUrl], [t0].[Name], [t0].[OwnerId], [t0].[RatingCount], [t0].[Status], [t0].[Tags], [t0].[UsageCount], [t0].[Id0], [t0].[Bio], [t0].[CreatedAt0], [t0].[Email], [t0].[GitHubUrl0], [t0].[PasswordHash], [t0].[PasswordResetToken], [t0].[PasswordResetTokenExpiry], [t0].[ProfilePictureUrl], [t0].[RefreshToken], [t0].[RefreshTokenExpiry], [t0].[Role], [t0].[TotalToolsUploaded], [t0].[UserName], [t0].[Id1], [t0].[Description0], [t0].[Name0], [t0].[Slug], [t1].[Id], [t1].[Description], [t1].[Example], [t1].[Name], [t1].[Syntax], [t1].[ToolId]
FROM (
    SELECT TOP(1) [t].[Id], [t].[AverageRating], [t].[CategoryId], [t].[CreatedAt], [t].[Description], [t].[DifficultyLevel], [t].[GitHubUrl], [t].[Name], [t].[OwnerId], [t].[RatingCount], [t].[Status], [t].[Tags], [t].[UsageCount], [u].[Id] AS [Id0], [u].[Bio], [u].[CreatedAt] AS [CreatedAt0], [u].[Email], [u].[GitHubUrl] AS [GitHubUrl0], [u].[PasswordHash], [u].[PasswordResetToken], [u].[PasswordResetTokenExpiry], [u].[ProfilePictureUrl], [u].[RefreshToken], [u].[RefreshTokenExpiry], [u].[Role], [u].[TotalToolsUploaded], [u].[UserName], [c].[Id] AS [Id1], [c].[Description] AS [Description0], [c].[Name] AS [Name0], [c].[Slug]
    FROM [Tools] AS [t]
    INNER JOIN [Users] AS [u] ON [t].[OwnerId] = [u].[Id]
    INNER JOIN [Categories] AS [c] ON [t].[CategoryId] = [c].[Id]
    WHERE [t].[Id] = @__id_0
) AS [t0]
LEFT JOIN [ToolCommands] AS [t1] ON [t0].[Id] = [t1].[ToolId]
ORDER BY [t0].[Id], [t0].[Id0], [t0].[Id1]
2026-06-19 23:32:20.335 +03:00 [INF] CyberSphere.Application.Common.Behaviors.LoggingBehavior: Handled GetToolByIdQuery in 7ms
2026-06-19 23:32:20.336 +03:00 [INF] Serilog.AspNetCore.RequestLoggingMiddleware: HTTP GET /api/marketplace/tools/61299bd2-e81b-44e2-9d1d-6e8f68499b25 responded 200 in 10.4760ms
2026-06-19 23:32:20.442 +03:00 [INF] Serilog.AspNetCore.RequestLoggingMiddleware: HTTP OPTIONS /api/tools/61299bd2-e81b-44e2-9d1d-6e8f68499b25/usage responded 204 in 0.0315ms
2026-06-19 23:32:20.564 +03:00 [INF] Serilog.AspNetCore.RequestLoggingMiddleware: HTTP OPTIONS /api/tools/61299bd2-e81b-44e2-9d1d-6e8f68499b25/usage responded 204 in 0.0255ms
2026-06-19 23:32:20.653 +03:00 [INF] CyberSphere.Application.Common.Behaviors.LoggingBehavior: Handling IncrementToolUsageCommand
2026-06-19 23:32:20.658 +03:00 [INF] Microsoft.EntityFrameworkCore.Database.Command: Executed DbCommand (2ms) [Parameters=[@__get_Item_0='?' (DbType = Guid)], CommandType='"Text"', CommandTimeout='30']
SELECT TOP(1) [t].[Id], [t].[AverageRating], [t].[CategoryId], [t].[CreatedAt], [t].[Description], [t].[DifficultyLevel], [t].[GitHubUrl], [t].[Name], [t].[OwnerId], [t].[RatingCount], [t].[Status], [t].[Tags], [t].[UsageCount]
FROM [Tools] AS [t]
WHERE [t].[Id] = @__get_Item_0
2026-06-19 23:32:20.664 +03:00 [INF] Microsoft.EntityFrameworkCore.Database.Command: Executed DbCommand (3ms) [Parameters=[@p12='?' (DbType = Guid), @p0='?' (Precision = 4) (Scale = 2) (DbType = Decimal), @p1='?' (DbType = Guid), @p2='?' (DbType = DateTime2), @p3='?' (Size = 2000), @p4='?' (Size = 20), @p5='?' (Size = 500), @p6='?' (Size = 100), @p7='?' (DbType = Guid), @p8='?' (DbType = Int32), @p9='?' (Size = 20), @p10='?' (Size = 500), @p11='?' (DbType = Int32)], CommandType='"Text"', CommandTimeout='30']
SET IMPLICIT_TRANSACTIONS OFF;
SET NOCOUNT ON;
UPDATE [Tools] SET [AverageRating] = @p0, [CategoryId] = @p1, [CreatedAt] = @p2, [Description] = @p3, [DifficultyLevel] = @p4, [GitHubUrl] = @p5, [Name] = @p6, [OwnerId] = @p7, [RatingCount] = @p8, [Status] = @p9, [Tags] = @p10, [UsageCount] = @p11
OUTPUT 1
WHERE [Id] = @p12;
2026-06-19 23:32:20.668 +03:00 [INF] CyberSphere.Application.Common.Behaviors.LoggingBehavior: Handled IncrementToolUsageCommand in 13ms
2026-06-19 23:32:20.670 +03:00 [INF] Serilog.AspNetCore.RequestLoggingMiddleware: HTTP POST /api/tools/61299bd2-e81b-44e2-9d1d-6e8f68499b25/usage responded 200 in 16.7986ms
2026-06-19 23:32:20.778 +03:00 [INF] CyberSphere.Application.Common.Behaviors.LoggingBehavior: Handling IncrementToolUsageCommand
2026-06-19 23:32:20.782 +03:00 [INF] Microsoft.EntityFrameworkCore.Database.Command: Executed DbCommand (1ms) [Parameters=[@__get_Item_0='?' (DbType = Guid)], CommandType='"Text"', CommandTimeout='30']
SELECT TOP(1) [t].[Id], [t].[AverageRating], [t].[CategoryId], [t].[CreatedAt], [t].[Description], [t].[DifficultyLevel], [t].[GitHubUrl], [t].[Name], [t].[OwnerId], [t].[RatingCount], [t].[Status], [t].[Tags], [t].[UsageCount]
FROM [Tools] AS [t]
WHERE [t].[Id] = @__get_Item_0
2026-06-19 23:32:20.786 +03:00 [INF] Microsoft.EntityFrameworkCore.Database.Command: Executed DbCommand (1ms) [Parameters=[@p12='?' (DbType = Guid), @p0='?' (Precision = 4) (Scale = 2) (DbType = Decimal), @p1='?' (DbType = Guid), @p2='?' (DbType = DateTime2), @p3='?' (Size = 2000), @p4='?' (Size = 20), @p5='?' (Size = 500), @p6='?' (Size = 100), @p7='?' (DbType = Guid), @p8='?' (DbType = Int32), @p9='?' (Size = 20), @p10='?' (Size = 500), @p11='?' (DbType = Int32)], CommandType='"Text"', CommandTimeout='30']
SET IMPLICIT_TRANSACTIONS OFF;
SET NOCOUNT ON;
UPDATE [Tools] SET [AverageRating] = @p0, [CategoryId] = @p1, [CreatedAt] = @p2, [Description] = @p3, [DifficultyLevel] = @p4, [GitHubUrl] = @p5, [Name] = @p6, [OwnerId] = @p7, [RatingCount] = @p8, [Status] = @p9, [Tags] = @p10, [UsageCount] = @p11
OUTPUT 1
WHERE [Id] = @p12;
2026-06-19 23:32:20.789 +03:00 [INF] CyberSphere.Application.Common.Behaviors.LoggingBehavior: Handled IncrementToolUsageCommand in 8ms
2026-06-19 23:32:20.790 +03:00 [INF] Serilog.AspNetCore.RequestLoggingMiddleware: HTTP POST /api/tools/61299bd2-e81b-44e2-9d1d-6e8f68499b25/usage responded 200 in 11.8107ms
2026-06-19 23:34:30.369 +03:00 [INF] CyberSphere.Application.Common.Behaviors.LoggingBehavior: Handling GetToolsQuery
2026-06-19 23:34:30.379 +03:00 [INF] Microsoft.EntityFrameworkCore.Database.Command: Executed DbCommand (7ms) [Parameters=[], CommandType='"Text"', CommandTimeout='30']
SELECT COUNT(*)
FROM [Tools] AS [t]
WHERE [t].[Status] = N'Approved'
2026-06-19 23:34:30.387 +03:00 [INF] Microsoft.EntityFrameworkCore.Database.Command: Executed DbCommand (4ms) [Parameters=[@__p_0='?' (DbType = Int32), @__p_1='?' (DbType = Int32)], CommandType='"Text"', CommandTimeout='30']
SELECT [t0].[Id], [t0].[AverageRating], [t0].[CategoryId], [t0].[CreatedAt], [t0].[Description], [t0].[DifficultyLevel], [t0].[GitHubUrl], [t0].[Name], [t0].[OwnerId], [t0].[RatingCount], [t0].[Status], [t0].[Tags], [t0].[UsageCount], [u].[Id], [u].[Bio], [u].[CreatedAt], [u].[Email], [u].[GitHubUrl], [u].[PasswordHash], [u].[PasswordResetToken], [u].[PasswordResetTokenExpiry], [u].[ProfilePictureUrl], [u].[RefreshToken], [u].[RefreshTokenExpiry], [u].[Role], [u].[TotalToolsUploaded], [u].[UserName], [c].[Id], [c].[Description], [c].[Name], [c].[Slug]
FROM (
    SELECT [t].[Id], [t].[AverageRating], [t].[CategoryId], [t].[CreatedAt], [t].[Description], [t].[DifficultyLevel], [t].[GitHubUrl], [t].[Name], [t].[OwnerId], [t].[RatingCount], [t].[Status], [t].[Tags], [t].[UsageCount]
    FROM [Tools] AS [t]
    WHERE [t].[Status] = N'Approved'
    ORDER BY [t].[CreatedAt] DESC
    OFFSET @__p_0 ROWS FETCH NEXT @__p_1 ROWS ONLY
) AS [t0]
INNER JOIN [Users] AS [u] ON [t0].[OwnerId] = [u].[Id]
INNER JOIN [Categories] AS [c] ON [t0].[CategoryId] = [c].[Id]
ORDER BY [t0].[CreatedAt] DESC
2026-06-19 23:34:30.395 +03:00 [INF] CyberSphere.Application.Common.Behaviors.LoggingBehavior: Handled GetToolsQuery in 24ms
2026-06-19 23:34:30.397 +03:00 [INF] Serilog.AspNetCore.RequestLoggingMiddleware: HTTP GET /api/marketplace/tools responded 200 in 28.9146ms
2026-06-19 23:34:42.525 +03:00 [INF] Serilog.AspNetCore.RequestLoggingMiddleware: HTTP OPTIONS /api/marketplace/categories responded 204 in 0.0337ms
2026-06-19 23:34:42.535 +03:00 [INF] Serilog.AspNetCore.RequestLoggingMiddleware: HTTP OPTIONS /api/marketplace/tools responded 204 in 0.0261ms
2026-06-19 23:34:42.583 +03:00 [INF] Serilog.AspNetCore.RequestLoggingMiddleware: HTTP OPTIONS /api/marketplace/tools responded 204 in 0.0278ms
2026-06-19 23:34:42.584 +03:00 [INF] Serilog.AspNetCore.RequestLoggingMiddleware: HTTP OPTIONS /api/marketplace/categories responded 204 in 0.0137ms
2026-06-19 23:34:42.678 +03:00 [INF] CyberSphere.Application.Common.Behaviors.LoggingBehavior: Handling GetCategoriesQuery
2026-06-19 23:34:42.683 +03:00 [INF] Microsoft.EntityFrameworkCore.Database.Command: Executed DbCommand (3ms) [Parameters=[], CommandType='"Text"', CommandTimeout='30']
SELECT [c].[Id], [c].[Description], [c].[Name], [c].[Slug], [t].[Id], [t].[AverageRating], [t].[CategoryId], [t].[CreatedAt], [t].[Description], [t].[DifficultyLevel], [t].[GitHubUrl], [t].[Name], [t].[OwnerId], [t].[RatingCount], [t].[Status], [t].[Tags], [t].[UsageCount]
FROM [Categories] AS [c]
LEFT JOIN [Tools] AS [t] ON [c].[Id] = [t].[CategoryId]
ORDER BY [c].[Name], [c].[Id]
2026-06-19 23:34:42.686 +03:00 [INF] CyberSphere.Application.Common.Behaviors.LoggingBehavior: Handled GetCategoriesQuery in 6ms
2026-06-19 23:34:42.687 +03:00 [INF] Serilog.AspNetCore.RequestLoggingMiddleware: HTTP GET /api/marketplace/categories responded 200 in 9.2809ms
2026-06-19 23:34:42.687 +03:00 [INF] CyberSphere.Application.Common.Behaviors.LoggingBehavior: Handling GetToolsQuery
2026-06-19 23:34:42.691 +03:00 [INF] Microsoft.EntityFrameworkCore.Database.Command: Executed DbCommand (1ms) [Parameters=[], CommandType='"Text"', CommandTimeout='30']
SELECT COUNT(*)
FROM [Tools] AS [t]
WHERE [t].[Status] = N'Approved'
2026-06-19 23:34:42.697 +03:00 [INF] Microsoft.EntityFrameworkCore.Database.Command: Executed DbCommand (4ms) [Parameters=[@__p_0='?' (DbType = Int32), @__p_1='?' (DbType = Int32)], CommandType='"Text"', CommandTimeout='30']
SELECT [t0].[Id], [t0].[AverageRating], [t0].[CategoryId], [t0].[CreatedAt], [t0].[Description], [t0].[DifficultyLevel], [t0].[GitHubUrl], [t0].[Name], [t0].[OwnerId], [t0].[RatingCount], [t0].[Status], [t0].[Tags], [t0].[UsageCount], [u].[Id], [u].[Bio], [u].[CreatedAt], [u].[Email], [u].[GitHubUrl], [u].[PasswordHash], [u].[PasswordResetToken], [u].[PasswordResetTokenExpiry], [u].[ProfilePictureUrl], [u].[RefreshToken], [u].[RefreshTokenExpiry], [u].[Role], [u].[TotalToolsUploaded], [u].[UserName], [c].[Id], [c].[Description], [c].[Name], [c].[Slug]
FROM (
    SELECT [t].[Id], [t].[AverageRating], [t].[CategoryId], [t].[CreatedAt], [t].[Description], [t].[DifficultyLevel], [t].[GitHubUrl], [t].[Name], [t].[OwnerId], [t].[RatingCount], [t].[Status], [t].[Tags], [t].[UsageCount]
    FROM [Tools] AS [t]
    WHERE [t].[Status] = N'Approved'
    ORDER BY [t].[CreatedAt] DESC
    OFFSET @__p_0 ROWS FETCH NEXT @__p_1 ROWS ONLY
) AS [t0]
INNER JOIN [Users] AS [u] ON [t0].[OwnerId] = [u].[Id]
INNER JOIN [Categories] AS [c] ON [t0].[CategoryId] = [c].[Id]
ORDER BY [t0].[CreatedAt] DESC
2026-06-19 23:34:42.703 +03:00 [INF] CyberSphere.Application.Common.Behaviors.LoggingBehavior: Handled GetToolsQuery in 14ms
2026-06-19 23:34:42.704 +03:00 [INF] Serilog.AspNetCore.RequestLoggingMiddleware: HTTP GET /api/marketplace/tools responded 200 in 17.1137ms
2026-06-19 23:34:42.870 +03:00 [INF] CyberSphere.Application.Common.Behaviors.LoggingBehavior: Handling GetCategoriesQuery
2026-06-19 23:34:42.878 +03:00 [INF] CyberSphere.Application.Common.Behaviors.LoggingBehavior: Handling GetToolsQuery
2026-06-19 23:34:42.881 +03:00 [INF] Microsoft.EntityFrameworkCore.Database.Command: Executed DbCommand (4ms) [Parameters=[], CommandType='"Text"', CommandTimeout='30']
SELECT [c].[Id], [c].[Description], [c].[Name], [c].[Slug], [t].[Id], [t].[AverageRating], [t].[CategoryId], [t].[CreatedAt], [t].[Description], [t].[DifficultyLevel], [t].[GitHubUrl], [t].[Name], [t].[OwnerId], [t].[RatingCount], [t].[Status], [t].[Tags], [t].[UsageCount]
FROM [Categories] AS [c]
LEFT JOIN [Tools] AS [t] ON [c].[Id] = [t].[CategoryId]
ORDER BY [c].[Name], [c].[Id]
2026-06-19 23:34:42.891 +03:00 [INF] CyberSphere.Application.Common.Behaviors.LoggingBehavior: Handled GetCategoriesQuery in 15ms
2026-06-19 23:34:42.893 +03:00 [INF] Microsoft.EntityFrameworkCore.Database.Command: Executed DbCommand (2ms) [Parameters=[], CommandType='"Text"', CommandTimeout='30']
SELECT COUNT(*)
FROM [Tools] AS [t]
WHERE [t].[Status] = N'Approved'
2026-06-19 23:34:42.895 +03:00 [INF] Serilog.AspNetCore.RequestLoggingMiddleware: HTTP GET /api/marketplace/categories responded 200 in 26.0905ms
2026-06-19 23:34:42.897 +03:00 [INF] Microsoft.EntityFrameworkCore.Database.Command: Executed DbCommand (0ms) [Parameters=[@__p_0='?' (DbType = Int32), @__p_1='?' (DbType = Int32)], CommandType='"Text"', CommandTimeout='30']
SELECT [t0].[Id], [t0].[AverageRating], [t0].[CategoryId], [t0].[CreatedAt], [t0].[Description], [t0].[DifficultyLevel], [t0].[GitHubUrl], [t0].[Name], [t0].[OwnerId], [t0].[RatingCount], [t0].[Status], [t0].[Tags], [t0].[UsageCount], [u].[Id], [u].[Bio], [u].[CreatedAt], [u].[Email], [u].[GitHubUrl], [u].[PasswordHash], [u].[PasswordResetToken], [u].[PasswordResetTokenExpiry], [u].[ProfilePictureUrl], [u].[RefreshToken], [u].[RefreshTokenExpiry], [u].[Role], [u].[TotalToolsUploaded], [u].[UserName], [c].[Id], [c].[Description], [c].[Name], [c].[Slug]
FROM (
    SELECT [t].[Id], [t].[AverageRating], [t].[CategoryId], [t].[CreatedAt], [t].[Description], [t].[DifficultyLevel], [t].[GitHubUrl], [t].[Name], [t].[OwnerId], [t].[RatingCount], [t].[Status], [t].[Tags], [t].[UsageCount]
    FROM [Tools] AS [t]
    WHERE [t].[Status] = N'Approved'
    ORDER BY [t].[CreatedAt] DESC
    OFFSET @__p_0 ROWS FETCH NEXT @__p_1 ROWS ONLY
) AS [t0]
INNER JOIN [Users] AS [u] ON [t0].[OwnerId] = [u].[Id]
INNER JOIN [Categories] AS [c] ON [t0].[CategoryId] = [c].[Id]
ORDER BY [t0].[CreatedAt] DESC
2026-06-19 23:34:42.905 +03:00 [INF] CyberSphere.Application.Common.Behaviors.LoggingBehavior: Handled GetToolsQuery in 23ms
2026-06-19 23:34:42.906 +03:00 [INF] Serilog.AspNetCore.RequestLoggingMiddleware: HTTP GET /api/marketplace/tools responded 200 in 29.4394ms
2026-06-19 23:37:38.738 +03:00 [INF] Serilog.AspNetCore.RequestLoggingMiddleware: HTTP OPTIONS /api/marketplace/categories responded 204 in 0.0389ms
2026-06-19 23:37:38.789 +03:00 [INF] Serilog.AspNetCore.RequestLoggingMiddleware: HTTP OPTIONS /api/marketplace/tools responded 204 in 0.0384ms
2026-06-19 23:37:38.795 +03:00 [INF] Serilog.AspNetCore.RequestLoggingMiddleware: HTTP OPTIONS /api/marketplace/categories responded 204 in 0.0106ms
2026-06-19 23:37:38.795 +03:00 [INF] Serilog.AspNetCore.RequestLoggingMiddleware: HTTP OPTIONS /api/marketplace/tools responded 204 in 0.0483ms
2026-06-19 23:37:38.895 +03:00 [INF] CyberSphere.Application.Common.Behaviors.LoggingBehavior: Handling GetCategoriesQuery
2026-06-19 23:37:38.900 +03:00 [INF] Microsoft.EntityFrameworkCore.Database.Command: Executed DbCommand (3ms) [Parameters=[], CommandType='"Text"', CommandTimeout='30']
SELECT [c].[Id], [c].[Description], [c].[Name], [c].[Slug], [t].[Id], [t].[AverageRating], [t].[CategoryId], [t].[CreatedAt], [t].[Description], [t].[DifficultyLevel], [t].[GitHubUrl], [t].[Name], [t].[OwnerId], [t].[RatingCount], [t].[Status], [t].[Tags], [t].[UsageCount]
FROM [Categories] AS [c]
LEFT JOIN [Tools] AS [t] ON [c].[Id] = [t].[CategoryId]
ORDER BY [c].[Name], [c].[Id]
2026-06-19 23:37:38.903 +03:00 [INF] CyberSphere.Application.Common.Behaviors.LoggingBehavior: Handled GetCategoriesQuery in 6ms
2026-06-19 23:37:38.903 +03:00 [INF] Serilog.AspNetCore.RequestLoggingMiddleware: HTTP GET /api/marketplace/categories responded 200 in 8.6256ms
2026-06-19 23:37:38.972 +03:00 [INF] CyberSphere.Application.Common.Behaviors.LoggingBehavior: Handling GetToolsQuery
2026-06-19 23:37:38.977 +03:00 [INF] Microsoft.EntityFrameworkCore.Database.Command: Executed DbCommand (1ms) [Parameters=[], CommandType='"Text"', CommandTimeout='30']
SELECT COUNT(*)
FROM [Tools] AS [t]
WHERE [t].[Status] = N'Approved'
2026-06-19 23:37:38.983 +03:00 [INF] Microsoft.EntityFrameworkCore.Database.Command: Executed DbCommand (4ms) [Parameters=[@__p_0='?' (DbType = Int32), @__p_1='?' (DbType = Int32)], CommandType='"Text"', CommandTimeout='30']
SELECT [t0].[Id], [t0].[AverageRating], [t0].[CategoryId], [t0].[CreatedAt], [t0].[Description], [t0].[DifficultyLevel], [t0].[GitHubUrl], [t0].[Name], [t0].[OwnerId], [t0].[RatingCount], [t0].[Status], [t0].[Tags], [t0].[UsageCount], [u].[Id], [u].[Bio], [u].[CreatedAt], [u].[Email], [u].[GitHubUrl], [u].[PasswordHash], [u].[PasswordResetToken], [u].[PasswordResetTokenExpiry], [u].[ProfilePictureUrl], [u].[RefreshToken], [u].[RefreshTokenExpiry], [u].[Role], [u].[TotalToolsUploaded], [u].[UserName], [c].[Id], [c].[Description], [c].[Name], [c].[Slug]
FROM (
    SELECT [t].[Id], [t].[AverageRating], [t].[CategoryId], [t].[CreatedAt], [t].[Description], [t].[DifficultyLevel], [t].[GitHubUrl], [t].[Name], [t].[OwnerId], [t].[RatingCount], [t].[Status], [t].[Tags], [t].[UsageCount]
    FROM [Tools] AS [t]
    WHERE [t].[Status] = N'Approved'
    ORDER BY [t].[CreatedAt] DESC
    OFFSET @__p_0 ROWS FETCH NEXT @__p_1 ROWS ONLY
) AS [t0]
INNER JOIN [Users] AS [u] ON [t0].[OwnerId] = [u].[Id]
INNER JOIN [Categories] AS [c] ON [t0].[CategoryId] = [c].[Id]
ORDER BY [t0].[CreatedAt] DESC
2026-06-19 23:37:38.989 +03:00 [INF] CyberSphere.Application.Common.Behaviors.LoggingBehavior: Handled GetToolsQuery in 15ms
2026-06-19 23:37:38.991 +03:00 [INF] Serilog.AspNetCore.RequestLoggingMiddleware: HTTP GET /api/marketplace/tools responded 200 in 18.9131ms
2026-06-19 23:37:39.070 +03:00 [INF] CyberSphere.Application.Common.Behaviors.LoggingBehavior: Handling GetCategoriesQuery
2026-06-19 23:37:39.073 +03:00 [INF] Microsoft.EntityFrameworkCore.Database.Command: Executed DbCommand (1ms) [Parameters=[], CommandType='"Text"', CommandTimeout='30']
SELECT [c].[Id], [c].[Description], [c].[Name], [c].[Slug], [t].[Id], [t].[AverageRating], [t].[CategoryId], [t].[CreatedAt], [t].[Description], [t].[DifficultyLevel], [t].[GitHubUrl], [t].[Name], [t].[OwnerId], [t].[RatingCount], [t].[Status], [t].[Tags], [t].[UsageCount]
FROM [Categories] AS [c]
LEFT JOIN [Tools] AS [t] ON [c].[Id] = [t].[CategoryId]
ORDER BY [c].[Name], [c].[Id]
2026-06-19 23:37:39.076 +03:00 [INF] CyberSphere.Application.Common.Behaviors.LoggingBehavior: Handled GetCategoriesQuery in 4ms
2026-06-19 23:37:39.077 +03:00 [INF] Serilog.AspNetCore.RequestLoggingMiddleware: HTTP GET /api/marketplace/categories responded 200 in 7.5139ms
2026-06-19 23:37:39.146 +03:00 [INF] CyberSphere.Application.Common.Behaviors.LoggingBehavior: Handling GetToolsQuery
2026-06-19 23:37:39.149 +03:00 [INF] Microsoft.EntityFrameworkCore.Database.Command: Executed DbCommand (1ms) [Parameters=[], CommandType='"Text"', CommandTimeout='30']
SELECT COUNT(*)
FROM [Tools] AS [t]
WHERE [t].[Status] = N'Approved'
2026-06-19 23:37:39.154 +03:00 [INF] Microsoft.EntityFrameworkCore.Database.Command: Executed DbCommand (1ms) [Parameters=[@__p_0='?' (DbType = Int32), @__p_1='?' (DbType = Int32)], CommandType='"Text"', CommandTimeout='30']
SELECT [t0].[Id], [t0].[AverageRating], [t0].[CategoryId], [t0].[CreatedAt], [t0].[Description], [t0].[DifficultyLevel], [t0].[GitHubUrl], [t0].[Name], [t0].[OwnerId], [t0].[RatingCount], [t0].[Status], [t0].[Tags], [t0].[UsageCount], [u].[Id], [u].[Bio], [u].[CreatedAt], [u].[Email], [u].[GitHubUrl], [u].[PasswordHash], [u].[PasswordResetToken], [u].[PasswordResetTokenExpiry], [u].[ProfilePictureUrl], [u].[RefreshToken], [u].[RefreshTokenExpiry], [u].[Role], [u].[TotalToolsUploaded], [u].[UserName], [c].[Id], [c].[Description], [c].[Name], [c].[Slug]
FROM (
    SELECT [t].[Id], [t].[AverageRating], [t].[CategoryId], [t].[CreatedAt], [t].[Description], [t].[DifficultyLevel], [t].[GitHubUrl], [t].[Name], [t].[OwnerId], [t].[RatingCount], [t].[Status], [t].[Tags], [t].[UsageCount]
    FROM [Tools] AS [t]
    WHERE [t].[Status] = N'Approved'
    ORDER BY [t].[CreatedAt] DESC
    OFFSET @__p_0 ROWS FETCH NEXT @__p_1 ROWS ONLY
) AS [t0]
INNER JOIN [Users] AS [u] ON [t0].[OwnerId] = [u].[Id]
INNER JOIN [Categories] AS [c] ON [t0].[CategoryId] = [c].[Id]
ORDER BY [t0].[CreatedAt] DESC
2026-06-19 23:37:39.165 +03:00 [INF] CyberSphere.Application.Common.Behaviors.LoggingBehavior: Handled GetToolsQuery in 17ms
2026-06-19 23:37:39.167 +03:00 [INF] Serilog.AspNetCore.RequestLoggingMiddleware: HTTP GET /api/marketplace/tools responded 200 in 21.9052ms
2026-06-19 23:37:44.148 +03:00 [INF] Serilog.AspNetCore.RequestLoggingMiddleware: HTTP OPTIONS /api/marketplace/tools/61299bd2-e81b-44e2-9d1d-6e8f68499b25 responded 204 in 0.0232ms
2026-06-19 23:37:44.148 +03:00 [INF] Serilog.AspNetCore.RequestLoggingMiddleware: HTTP OPTIONS /api/marketplace/tools/61299bd2-e81b-44e2-9d1d-6e8f68499b25 responded 204 in 0.0148ms
2026-06-19 23:37:44.307 +03:00 [INF] CyberSphere.Application.Common.Behaviors.LoggingBehavior: Handling GetToolByIdQuery
2026-06-19 23:37:44.318 +03:00 [INF] Microsoft.EntityFrameworkCore.Database.Command: Executed DbCommand (7ms) [Parameters=[@__id_0='?' (DbType = Guid)], CommandType='"Text"', CommandTimeout='30']
SELECT [t0].[Id], [t0].[AverageRating], [t0].[CategoryId], [t0].[CreatedAt], [t0].[Description], [t0].[DifficultyLevel], [t0].[GitHubUrl], [t0].[Name], [t0].[OwnerId], [t0].[RatingCount], [t0].[Status], [t0].[Tags], [t0].[UsageCount], [t0].[Id0], [t0].[Bio], [t0].[CreatedAt0], [t0].[Email], [t0].[GitHubUrl0], [t0].[PasswordHash], [t0].[PasswordResetToken], [t0].[PasswordResetTokenExpiry], [t0].[ProfilePictureUrl], [t0].[RefreshToken], [t0].[RefreshTokenExpiry], [t0].[Role], [t0].[TotalToolsUploaded], [t0].[UserName], [t0].[Id1], [t0].[Description0], [t0].[Name0], [t0].[Slug], [t1].[Id], [t1].[Description], [t1].[Example], [t1].[Name], [t1].[Syntax], [t1].[ToolId]
FROM (
    SELECT TOP(1) [t].[Id], [t].[AverageRating], [t].[CategoryId], [t].[CreatedAt], [t].[Description], [t].[DifficultyLevel], [t].[GitHubUrl], [t].[Name], [t].[OwnerId], [t].[RatingCount], [t].[Status], [t].[Tags], [t].[UsageCount], [u].[Id] AS [Id0], [u].[Bio], [u].[CreatedAt] AS [CreatedAt0], [u].[Email], [u].[GitHubUrl] AS [GitHubUrl0], [u].[PasswordHash], [u].[PasswordResetToken], [u].[PasswordResetTokenExpiry], [u].[ProfilePictureUrl], [u].[RefreshToken], [u].[RefreshTokenExpiry], [u].[Role], [u].[TotalToolsUploaded], [u].[UserName], [c].[Id] AS [Id1], [c].[Description] AS [Description0], [c].[Name] AS [Name0], [c].[Slug]
    FROM [Tools] AS [t]
    INNER JOIN [Users] AS [u] ON [t].[OwnerId] = [u].[Id]
    INNER JOIN [Categories] AS [c] ON [t].[CategoryId] = [c].[Id]
    WHERE [t].[Id] = @__id_0
) AS [t0]
LEFT JOIN [ToolCommands] AS [t1] ON [t0].[Id] = [t1].[ToolId]
ORDER BY [t0].[Id], [t0].[Id0], [t0].[Id1]
2026-06-19 23:37:44.328 +03:00 [INF] CyberSphere.Application.Common.Behaviors.LoggingBehavior: Handled GetToolByIdQuery in 18ms
2026-06-19 23:37:44.329 +03:00 [INF] Serilog.AspNetCore.RequestLoggingMiddleware: HTTP GET /api/marketplace/tools/61299bd2-e81b-44e2-9d1d-6e8f68499b25 responded 200 in 22.1375ms
2026-06-19 23:37:44.486 +03:00 [INF] CyberSphere.Application.Common.Behaviors.LoggingBehavior: Handling GetToolByIdQuery
2026-06-19 23:37:44.491 +03:00 [INF] Microsoft.EntityFrameworkCore.Database.Command: Executed DbCommand (2ms) [Parameters=[@__id_0='?' (DbType = Guid)], CommandType='"Text"', CommandTimeout='30']
SELECT [t0].[Id], [t0].[AverageRating], [t0].[CategoryId], [t0].[CreatedAt], [t0].[Description], [t0].[DifficultyLevel], [t0].[GitHubUrl], [t0].[Name], [t0].[OwnerId], [t0].[RatingCount], [t0].[Status], [t0].[Tags], [t0].[UsageCount], [t0].[Id0], [t0].[Bio], [t0].[CreatedAt0], [t0].[Email], [t0].[GitHubUrl0], [t0].[PasswordHash], [t0].[PasswordResetToken], [t0].[PasswordResetTokenExpiry], [t0].[ProfilePictureUrl], [t0].[RefreshToken], [t0].[RefreshTokenExpiry], [t0].[Role], [t0].[TotalToolsUploaded], [t0].[UserName], [t0].[Id1], [t0].[Description0], [t0].[Name0], [t0].[Slug], [t1].[Id], [t1].[Description], [t1].[Example], [t1].[Name], [t1].[Syntax], [t1].[ToolId]
FROM (
    SELECT TOP(1) [t].[Id], [t].[AverageRating], [t].[CategoryId], [t].[CreatedAt], [t].[Description], [t].[DifficultyLevel], [t].[GitHubUrl], [t].[Name], [t].[OwnerId], [t].[RatingCount], [t].[Status], [t].[Tags], [t].[UsageCount], [u].[Id] AS [Id0], [u].[Bio], [u].[CreatedAt] AS [CreatedAt0], [u].[Email], [u].[GitHubUrl] AS [GitHubUrl0], [u].[PasswordHash], [u].[PasswordResetToken], [u].[PasswordResetTokenExpiry], [u].[ProfilePictureUrl], [u].[RefreshToken], [u].[RefreshTokenExpiry], [u].[Role], [u].[TotalToolsUploaded], [u].[UserName], [c].[Id] AS [Id1], [c].[Description] AS [Description0], [c].[Name] AS [Name0], [c].[Slug]
    FROM [Tools] AS [t]
    INNER JOIN [Users] AS [u] ON [t].[OwnerId] = [u].[Id]
    INNER JOIN [Categories] AS [c] ON [t].[CategoryId] = [c].[Id]
    WHERE [t].[Id] = @__id_0
) AS [t0]
LEFT JOIN [ToolCommands] AS [t1] ON [t0].[Id] = [t1].[ToolId]
ORDER BY [t0].[Id], [t0].[Id0], [t0].[Id1]
2026-06-19 23:37:44.491 +03:00 [INF] Serilog.AspNetCore.RequestLoggingMiddleware: HTTP OPTIONS /api/tools/61299bd2-e81b-44e2-9d1d-6e8f68499b25/usage responded 204 in 0.1179ms
2026-06-19 23:37:44.495 +03:00 [INF] CyberSphere.Application.Common.Behaviors.LoggingBehavior: Handled GetToolByIdQuery in 7ms
2026-06-19 23:37:44.498 +03:00 [INF] Serilog.AspNetCore.RequestLoggingMiddleware: HTTP GET /api/marketplace/tools/61299bd2-e81b-44e2-9d1d-6e8f68499b25 responded 200 in 11.6464ms
2026-06-19 23:37:44.648 +03:00 [INF] CyberSphere.Application.Common.Behaviors.LoggingBehavior: Handling IncrementToolUsageCommand
2026-06-19 23:37:44.653 +03:00 [INF] Microsoft.EntityFrameworkCore.Database.Command: Executed DbCommand (2ms) [Parameters=[@__get_Item_0='?' (DbType = Guid)], CommandType='"Text"', CommandTimeout='30']
SELECT TOP(1) [t].[Id], [t].[AverageRating], [t].[CategoryId], [t].[CreatedAt], [t].[Description], [t].[DifficultyLevel], [t].[GitHubUrl], [t].[Name], [t].[OwnerId], [t].[RatingCount], [t].[Status], [t].[Tags], [t].[UsageCount]
FROM [Tools] AS [t]
WHERE [t].[Id] = @__get_Item_0
2026-06-19 23:37:44.659 +03:00 [INF] CyberSphere.Application.Common.Behaviors.LoggingBehavior: Handling IncrementToolUsageCommand
2026-06-19 23:37:44.660 +03:00 [INF] Microsoft.EntityFrameworkCore.Database.Command: Executed DbCommand (4ms) [Parameters=[@p12='?' (DbType = Guid), @p0='?' (Precision = 4) (Scale = 2) (DbType = Decimal), @p1='?' (DbType = Guid), @p2='?' (DbType = DateTime2), @p3='?' (Size = 2000), @p4='?' (Size = 20), @p5='?' (Size = 500), @p6='?' (Size = 100), @p7='?' (DbType = Guid), @p8='?' (DbType = Int32), @p9='?' (Size = 20), @p10='?' (Size = 500), @p11='?' (DbType = Int32)], CommandType='"Text"', CommandTimeout='30']
SET IMPLICIT_TRANSACTIONS OFF;
SET NOCOUNT ON;
UPDATE [Tools] SET [AverageRating] = @p0, [CategoryId] = @p1, [CreatedAt] = @p2, [Description] = @p3, [DifficultyLevel] = @p4, [GitHubUrl] = @p5, [Name] = @p6, [OwnerId] = @p7, [RatingCount] = @p8, [Status] = @p9, [Tags] = @p10, [UsageCount] = @p11
OUTPUT 1
WHERE [Id] = @p12;
2026-06-19 23:37:44.662 +03:00 [INF] Microsoft.EntityFrameworkCore.Database.Command: Executed DbCommand (1ms) [Parameters=[@__get_Item_0='?' (DbType = Guid)], CommandType='"Text"', CommandTimeout='30']
SELECT TOP(1) [t].[Id], [t].[AverageRating], [t].[CategoryId], [t].[CreatedAt], [t].[Description], [t].[DifficultyLevel], [t].[GitHubUrl], [t].[Name], [t].[OwnerId], [t].[RatingCount], [t].[Status], [t].[Tags], [t].[UsageCount]
FROM [Tools] AS [t]
WHERE [t].[Id] = @__get_Item_0
2026-06-19 23:37:44.665 +03:00 [INF] CyberSphere.Application.Common.Behaviors.LoggingBehavior: Handled IncrementToolUsageCommand in 15ms
2026-06-19 23:37:44.670 +03:00 [INF] Microsoft.EntityFrameworkCore.Database.Command: Executed DbCommand (1ms) [Parameters=[@p12='?' (DbType = Guid), @p0='?' (Precision = 4) (Scale = 2) (DbType = Decimal), @p1='?' (DbType = Guid), @p2='?' (DbType = DateTime2), @p3='?' (Size = 2000), @p4='?' (Size = 20), @p5='?' (Size = 500), @p6='?' (Size = 100), @p7='?' (DbType = Guid), @p8='?' (DbType = Int32), @p9='?' (Size = 20), @p10='?' (Size = 500), @p11='?' (DbType = Int32)], CommandType='"Text"', CommandTimeout='30']
SET IMPLICIT_TRANSACTIONS OFF;
SET NOCOUNT ON;
UPDATE [Tools] SET [AverageRating] = @p0, [CategoryId] = @p1, [CreatedAt] = @p2, [Description] = @p3, [DifficultyLevel] = @p4, [GitHubUrl] = @p5, [Name] = @p6, [OwnerId] = @p7, [RatingCount] = @p8, [Status] = @p9, [Tags] = @p10, [UsageCount] = @p11
OUTPUT 1
WHERE [Id] = @p12;
2026-06-19 23:37:44.670 +03:00 [INF] Serilog.AspNetCore.RequestLoggingMiddleware: HTTP POST /api/tools/61299bd2-e81b-44e2-9d1d-6e8f68499b25/usage responded 200 in 22.7569ms
2026-06-19 23:37:44.679 +03:00 [INF] CyberSphere.Application.Common.Behaviors.LoggingBehavior: Handled IncrementToolUsageCommand in 19ms
2026-06-19 23:37:44.682 +03:00 [INF] Serilog.AspNetCore.RequestLoggingMiddleware: HTTP POST /api/tools/61299bd2-e81b-44e2-9d1d-6e8f68499b25/usage responded 200 in 23.4082ms
2026-06-19 23:38:10.651 +03:00 [INF] Serilog.AspNetCore.RequestLoggingMiddleware: HTTP OPTIONS /api/marketplace/categories responded 204 in 0.1150ms
2026-06-19 23:38:10.655 +03:00 [INF] Serilog.AspNetCore.RequestLoggingMiddleware: HTTP OPTIONS /api/marketplace/tools responded 204 in 0.0334ms
2026-06-19 23:38:10.662 +03:00 [INF] Serilog.AspNetCore.RequestLoggingMiddleware: HTTP OPTIONS /api/marketplace/categories responded 204 in 0.0533ms
2026-06-19 23:38:10.714 +03:00 [INF] Serilog.AspNetCore.RequestLoggingMiddleware: HTTP OPTIONS /api/marketplace/tools responded 204 in 0.0265ms
2026-06-19 23:38:10.861 +03:00 [INF] CyberSphere.Application.Common.Behaviors.LoggingBehavior: Handling GetCategoriesQuery
2026-06-19 23:38:10.864 +03:00 [INF] CyberSphere.Application.Common.Behaviors.LoggingBehavior: Handling GetToolsQuery
2026-06-19 23:38:10.870 +03:00 [INF] Microsoft.EntityFrameworkCore.Database.Command: Executed DbCommand (5ms) [Parameters=[], CommandType='"Text"', CommandTimeout='30']
SELECT [c].[Id], [c].[Description], [c].[Name], [c].[Slug], [t].[Id], [t].[AverageRating], [t].[CategoryId], [t].[CreatedAt], [t].[Description], [t].[DifficultyLevel], [t].[GitHubUrl], [t].[Name], [t].[OwnerId], [t].[RatingCount], [t].[Status], [t].[Tags], [t].[UsageCount]
FROM [Categories] AS [c]
LEFT JOIN [Tools] AS [t] ON [c].[Id] = [t].[CategoryId]
ORDER BY [c].[Name], [c].[Id]
2026-06-19 23:38:10.870 +03:00 [INF] Microsoft.EntityFrameworkCore.Database.Command: Executed DbCommand (2ms) [Parameters=[], CommandType='"Text"', CommandTimeout='30']
SELECT COUNT(*)
FROM [Tools] AS [t]
WHERE [t].[Status] = N'Approved'
2026-06-19 23:38:10.873 +03:00 [INF] CyberSphere.Application.Common.Behaviors.LoggingBehavior: Handled GetCategoriesQuery in 10ms
2026-06-19 23:38:10.876 +03:00 [INF] Serilog.AspNetCore.RequestLoggingMiddleware: HTTP GET /api/marketplace/categories responded 200 in 15.5267ms
2026-06-19 23:38:10.881 +03:00 [INF] Microsoft.EntityFrameworkCore.Database.Command: Executed DbCommand (5ms) [Parameters=[@__p_0='?' (DbType = Int32), @__p_1='?' (DbType = Int32)], CommandType='"Text"', CommandTimeout='30']
SELECT [t0].[Id], [t0].[AverageRating], [t0].[CategoryId], [t0].[CreatedAt], [t0].[Description], [t0].[DifficultyLevel], [t0].[GitHubUrl], [t0].[Name], [t0].[OwnerId], [t0].[RatingCount], [t0].[Status], [t0].[Tags], [t0].[UsageCount], [u].[Id], [u].[Bio], [u].[CreatedAt], [u].[Email], [u].[GitHubUrl], [u].[PasswordHash], [u].[PasswordResetToken], [u].[PasswordResetTokenExpiry], [u].[ProfilePictureUrl], [u].[RefreshToken], [u].[RefreshTokenExpiry], [u].[Role], [u].[TotalToolsUploaded], [u].[UserName], [c].[Id], [c].[Description], [c].[Name], [c].[Slug]
FROM (
    SELECT [t].[Id], [t].[AverageRating], [t].[CategoryId], [t].[CreatedAt], [t].[Description], [t].[DifficultyLevel], [t].[GitHubUrl], [t].[Name], [t].[OwnerId], [t].[RatingCount], [t].[Status], [t].[Tags], [t].[UsageCount]
    FROM [Tools] AS [t]
    WHERE [t].[Status] = N'Approved'
    ORDER BY [t].[CreatedAt] DESC
    OFFSET @__p_0 ROWS FETCH NEXT @__p_1 ROWS ONLY
) AS [t0]
INNER JOIN [Users] AS [u] ON [t0].[OwnerId] = [u].[Id]
INNER JOIN [Categories] AS [c] ON [t0].[CategoryId] = [c].[Id]
ORDER BY [t0].[CreatedAt] DESC
2026-06-19 23:38:10.890 +03:00 [INF] CyberSphere.Application.Common.Behaviors.LoggingBehavior: Handled GetToolsQuery in 23ms
2026-06-19 23:38:10.892 +03:00 [INF] Serilog.AspNetCore.RequestLoggingMiddleware: HTTP GET /api/marketplace/tools responded 200 in 29.3908ms
2026-06-19 23:38:11.045 +03:00 [INF] CyberSphere.Application.Common.Behaviors.LoggingBehavior: Handling GetCategoriesQuery
2026-06-19 23:38:11.050 +03:00 [INF] Microsoft.EntityFrameworkCore.Database.Command: Executed DbCommand (1ms) [Parameters=[], CommandType='"Text"', CommandTimeout='30']
SELECT [c].[Id], [c].[Description], [c].[Name], [c].[Slug], [t].[Id], [t].[AverageRating], [t].[CategoryId], [t].[CreatedAt], [t].[Description], [t].[DifficultyLevel], [t].[GitHubUrl], [t].[Name], [t].[OwnerId], [t].[RatingCount], [t].[Status], [t].[Tags], [t].[UsageCount]
FROM [Categories] AS [c]
LEFT JOIN [Tools] AS [t] ON [c].[Id] = [t].[CategoryId]
ORDER BY [c].[Name], [c].[Id]
2026-06-19 23:38:11.051 +03:00 [INF] CyberSphere.Application.Common.Behaviors.LoggingBehavior: Handling GetToolsQuery
2026-06-19 23:38:11.054 +03:00 [INF] CyberSphere.Application.Common.Behaviors.LoggingBehavior: Handled GetCategoriesQuery in 6ms
2026-06-19 23:38:11.057 +03:00 [INF] Serilog.AspNetCore.RequestLoggingMiddleware: HTTP GET /api/marketplace/categories responded 200 in 13.0468ms
2026-06-19 23:38:11.058 +03:00 [INF] Microsoft.EntityFrameworkCore.Database.Command: Executed DbCommand (1ms) [Parameters=[], CommandType='"Text"', CommandTimeout='30']
SELECT COUNT(*)
FROM [Tools] AS [t]
WHERE [t].[Status] = N'Approved'
2026-06-19 23:38:11.066 +03:00 [INF] Microsoft.EntityFrameworkCore.Database.Command: Executed DbCommand (2ms) [Parameters=[@__p_0='?' (DbType = Int32), @__p_1='?' (DbType = Int32)], CommandType='"Text"', CommandTimeout='30']
SELECT [t0].[Id], [t0].[AverageRating], [t0].[CategoryId], [t0].[CreatedAt], [t0].[Description], [t0].[DifficultyLevel], [t0].[GitHubUrl], [t0].[Name], [t0].[OwnerId], [t0].[RatingCount], [t0].[Status], [t0].[Tags], [t0].[UsageCount], [u].[Id], [u].[Bio], [u].[CreatedAt], [u].[Email], [u].[GitHubUrl], [u].[PasswordHash], [u].[PasswordResetToken], [u].[PasswordResetTokenExpiry], [u].[ProfilePictureUrl], [u].[RefreshToken], [u].[RefreshTokenExpiry], [u].[Role], [u].[TotalToolsUploaded], [u].[UserName], [c].[Id], [c].[Description], [c].[Name], [c].[Slug]
FROM (
    SELECT [t].[Id], [t].[AverageRating], [t].[CategoryId], [t].[CreatedAt], [t].[Description], [t].[DifficultyLevel], [t].[GitHubUrl], [t].[Name], [t].[OwnerId], [t].[RatingCount], [t].[Status], [t].[Tags], [t].[UsageCount]
    FROM [Tools] AS [t]
    WHERE [t].[Status] = N'Approved'
    ORDER BY [t].[CreatedAt] DESC
    OFFSET @__p_0 ROWS FETCH NEXT @__p_1 ROWS ONLY
) AS [t0]
INNER JOIN [Users] AS [u] ON [t0].[OwnerId] = [u].[Id]
INNER JOIN [Categories] AS [c] ON [t0].[CategoryId] = [c].[Id]
ORDER BY [t0].[CreatedAt] DESC
2026-06-19 23:38:11.073 +03:00 [INF] CyberSphere.Application.Common.Behaviors.LoggingBehavior: Handled GetToolsQuery in 17ms
2026-06-19 23:38:11.075 +03:00 [INF] Serilog.AspNetCore.RequestLoggingMiddleware: HTTP GET /api/marketplace/tools responded 200 in 23.7289ms
2026-06-19 23:38:15.571 +03:00 [INF] Serilog.AspNetCore.RequestLoggingMiddleware: HTTP OPTIONS /api/marketplace/tools/61299bd2-e81b-44e2-9d1d-6e8f68499b25 responded 204 in 0.0289ms
2026-06-19 23:38:15.571 +03:00 [INF] Serilog.AspNetCore.RequestLoggingMiddleware: HTTP OPTIONS /api/marketplace/tools/61299bd2-e81b-44e2-9d1d-6e8f68499b25 responded 204 in 0.0288ms
2026-06-19 23:38:15.724 +03:00 [INF] CyberSphere.Application.Common.Behaviors.LoggingBehavior: Handling GetToolByIdQuery
2026-06-19 23:38:15.733 +03:00 [INF] Microsoft.EntityFrameworkCore.Database.Command: Executed DbCommand (7ms) [Parameters=[@__id_0='?' (DbType = Guid)], CommandType='"Text"', CommandTimeout='30']
SELECT [t0].[Id], [t0].[AverageRating], [t0].[CategoryId], [t0].[CreatedAt], [t0].[Description], [t0].[DifficultyLevel], [t0].[GitHubUrl], [t0].[Name], [t0].[OwnerId], [t0].[RatingCount], [t0].[Status], [t0].[Tags], [t0].[UsageCount], [t0].[Id0], [t0].[Bio], [t0].[CreatedAt0], [t0].[Email], [t0].[GitHubUrl0], [t0].[PasswordHash], [t0].[PasswordResetToken], [t0].[PasswordResetTokenExpiry], [t0].[ProfilePictureUrl], [t0].[RefreshToken], [t0].[RefreshTokenExpiry], [t0].[Role], [t0].[TotalToolsUploaded], [t0].[UserName], [t0].[Id1], [t0].[Description0], [t0].[Name0], [t0].[Slug], [t1].[Id], [t1].[Description], [t1].[Example], [t1].[Name], [t1].[Syntax], [t1].[ToolId]
FROM (
    SELECT TOP(1) [t].[Id], [t].[AverageRating], [t].[CategoryId], [t].[CreatedAt], [t].[Description], [t].[DifficultyLevel], [t].[GitHubUrl], [t].[Name], [t].[OwnerId], [t].[RatingCount], [t].[Status], [t].[Tags], [t].[UsageCount], [u].[Id] AS [Id0], [u].[Bio], [u].[CreatedAt] AS [CreatedAt0], [u].[Email], [u].[GitHubUrl] AS [GitHubUrl0], [u].[PasswordHash], [u].[PasswordResetToken], [u].[PasswordResetTokenExpiry], [u].[ProfilePictureUrl], [u].[RefreshToken], [u].[RefreshTokenExpiry], [u].[Role], [u].[TotalToolsUploaded], [u].[UserName], [c].[Id] AS [Id1], [c].[Description] AS [Description0], [c].[Name] AS [Name0], [c].[Slug]
    FROM [Tools] AS [t]
    INNER JOIN [Users] AS [u] ON [t].[OwnerId] = [u].[Id]
    INNER JOIN [Categories] AS [c] ON [t].[CategoryId] = [c].[Id]
    WHERE [t].[Id] = @__id_0
) AS [t0]
LEFT JOIN [ToolCommands] AS [t1] ON [t0].[Id] = [t1].[ToolId]
ORDER BY [t0].[Id], [t0].[Id0], [t0].[Id1]
2026-06-19 23:38:15.741 +03:00 [INF] CyberSphere.Application.Common.Behaviors.LoggingBehavior: Handled GetToolByIdQuery in 16ms
2026-06-19 23:38:15.742 +03:00 [INF] Serilog.AspNetCore.RequestLoggingMiddleware: HTTP GET /api/marketplace/tools/61299bd2-e81b-44e2-9d1d-6e8f68499b25 responded 200 in 18.3715ms
2026-06-19 23:38:15.899 +03:00 [INF] CyberSphere.Application.Common.Behaviors.LoggingBehavior: Handling GetToolByIdQuery
2026-06-19 23:38:15.902 +03:00 [INF] Microsoft.EntityFrameworkCore.Database.Command: Executed DbCommand (1ms) [Parameters=[@__id_0='?' (DbType = Guid)], CommandType='"Text"', CommandTimeout='30']
SELECT [t0].[Id], [t0].[AverageRating], [t0].[CategoryId], [t0].[CreatedAt], [t0].[Description], [t0].[DifficultyLevel], [t0].[GitHubUrl], [t0].[Name], [t0].[OwnerId], [t0].[RatingCount], [t0].[Status], [t0].[Tags], [t0].[UsageCount], [t0].[Id0], [t0].[Bio], [t0].[CreatedAt0], [t0].[Email], [t0].[GitHubUrl0], [t0].[PasswordHash], [t0].[PasswordResetToken], [t0].[PasswordResetTokenExpiry], [t0].[ProfilePictureUrl], [t0].[RefreshToken], [t0].[RefreshTokenExpiry], [t0].[Role], [t0].[TotalToolsUploaded], [t0].[UserName], [t0].[Id1], [t0].[Description0], [t0].[Name0], [t0].[Slug], [t1].[Id], [t1].[Description], [t1].[Example], [t1].[Name], [t1].[Syntax], [t1].[ToolId]
FROM (
    SELECT TOP(1) [t].[Id], [t].[AverageRating], [t].[CategoryId], [t].[CreatedAt], [t].[Description], [t].[DifficultyLevel], [t].[GitHubUrl], [t].[Name], [t].[OwnerId], [t].[RatingCount], [t].[Status], [t].[Tags], [t].[UsageCount], [u].[Id] AS [Id0], [u].[Bio], [u].[CreatedAt] AS [CreatedAt0], [u].[Email], [u].[GitHubUrl] AS [GitHubUrl0], [u].[PasswordHash], [u].[PasswordResetToken], [u].[PasswordResetTokenExpiry], [u].[ProfilePictureUrl], [u].[RefreshToken], [u].[RefreshTokenExpiry], [u].[Role], [u].[TotalToolsUploaded], [u].[UserName], [c].[Id] AS [Id1], [c].[Description] AS [Description0], [c].[Name] AS [Name0], [c].[Slug]
    FROM [Tools] AS [t]
    INNER JOIN [Users] AS [u] ON [t].[OwnerId] = [u].[Id]
    INNER JOIN [Categories] AS [c] ON [t].[CategoryId] = [c].[Id]
    WHERE [t].[Id] = @__id_0
) AS [t0]
LEFT JOIN [ToolCommands] AS [t1] ON [t0].[Id] = [t1].[ToolId]
ORDER BY [t0].[Id], [t0].[Id0], [t0].[Id1]
2026-06-19 23:38:15.906 +03:00 [INF] CyberSphere.Application.Common.Behaviors.LoggingBehavior: Handled GetToolByIdQuery in 6ms
2026-06-19 23:38:15.907 +03:00 [INF] Serilog.AspNetCore.RequestLoggingMiddleware: HTTP GET /api/marketplace/tools/61299bd2-e81b-44e2-9d1d-6e8f68499b25 responded 200 in 8.2617ms
2026-06-19 23:38:58.635 +03:00 [INF] Serilog.AspNetCore.RequestLoggingMiddleware: HTTP OPTIONS /api/marketplace/categories responded 204 in 0.0301ms
2026-06-19 23:38:58.642 +03:00 [INF] Serilog.AspNetCore.RequestLoggingMiddleware: HTTP OPTIONS /api/marketplace/tools responded 204 in 0.0403ms
2026-06-19 23:38:58.648 +03:00 [INF] Serilog.AspNetCore.RequestLoggingMiddleware: HTTP OPTIONS /api/marketplace/categories responded 204 in 0.0234ms
2026-06-19 23:38:58.704 +03:00 [INF] Serilog.AspNetCore.RequestLoggingMiddleware: HTTP OPTIONS /api/marketplace/tools responded 204 in 0.0574ms
2026-06-19 23:38:59.410 +03:00 [INF] CyberSphere.Application.Common.Behaviors.LoggingBehavior: Handling GetCategoriesQuery
2026-06-19 23:38:59.412 +03:00 [INF] CyberSphere.Application.Common.Behaviors.LoggingBehavior: Handling GetToolsQuery
2026-06-19 23:38:59.416 +03:00 [INF] Microsoft.EntityFrameworkCore.Database.Command: Executed DbCommand (4ms) [Parameters=[], CommandType='"Text"', CommandTimeout='30']
SELECT [c].[Id], [c].[Description], [c].[Name], [c].[Slug], [t].[Id], [t].[AverageRating], [t].[CategoryId], [t].[CreatedAt], [t].[Description], [t].[DifficultyLevel], [t].[GitHubUrl], [t].[Name], [t].[OwnerId], [t].[RatingCount], [t].[Status], [t].[Tags], [t].[UsageCount]
FROM [Categories] AS [c]
LEFT JOIN [Tools] AS [t] ON [c].[Id] = [t].[CategoryId]
ORDER BY [c].[Name], [c].[Id]
2026-06-19 23:38:59.417 +03:00 [INF] Microsoft.EntityFrameworkCore.Database.Command: Executed DbCommand (2ms) [Parameters=[], CommandType='"Text"', CommandTimeout='30']
SELECT COUNT(*)
FROM [Tools] AS [t]
WHERE [t].[Status] = N'Approved'
2026-06-19 23:38:59.419 +03:00 [INF] CyberSphere.Application.Common.Behaviors.LoggingBehavior: Handled GetCategoriesQuery in 8ms
2026-06-19 23:38:59.422 +03:00 [INF] Serilog.AspNetCore.RequestLoggingMiddleware: HTTP GET /api/marketplace/categories responded 200 in 12.5869ms
2026-06-19 23:38:59.427 +03:00 [INF] Microsoft.EntityFrameworkCore.Database.Command: Executed DbCommand (5ms) [Parameters=[@__p_0='?' (DbType = Int32), @__p_1='?' (DbType = Int32)], CommandType='"Text"', CommandTimeout='30']
SELECT [t0].[Id], [t0].[AverageRating], [t0].[CategoryId], [t0].[CreatedAt], [t0].[Description], [t0].[DifficultyLevel], [t0].[GitHubUrl], [t0].[Name], [t0].[OwnerId], [t0].[RatingCount], [t0].[Status], [t0].[Tags], [t0].[UsageCount], [u].[Id], [u].[Bio], [u].[CreatedAt], [u].[Email], [u].[GitHubUrl], [u].[PasswordHash], [u].[PasswordResetToken], [u].[PasswordResetTokenExpiry], [u].[ProfilePictureUrl], [u].[RefreshToken], [u].[RefreshTokenExpiry], [u].[Role], [u].[TotalToolsUploaded], [u].[UserName], [c].[Id], [c].[Description], [c].[Name], [c].[Slug]
FROM (
    SELECT [t].[Id], [t].[AverageRating], [t].[CategoryId], [t].[CreatedAt], [t].[Description], [t].[DifficultyLevel], [t].[GitHubUrl], [t].[Name], [t].[OwnerId], [t].[RatingCount], [t].[Status], [t].[Tags], [t].[UsageCount]
    FROM [Tools] AS [t]
    WHERE [t].[Status] = N'Approved'
    ORDER BY [t].[CreatedAt] DESC
    OFFSET @__p_0 ROWS FETCH NEXT @__p_1 ROWS ONLY
) AS [t0]
INNER JOIN [Users] AS [u] ON [t0].[OwnerId] = [u].[Id]
INNER JOIN [Categories] AS [c] ON [t0].[CategoryId] = [c].[Id]
ORDER BY [t0].[CreatedAt] DESC
2026-06-19 23:38:59.432 +03:00 [INF] CyberSphere.Application.Common.Behaviors.LoggingBehavior: Handled GetToolsQuery in 18ms
2026-06-19 23:38:59.433 +03:00 [INF] Serilog.AspNetCore.RequestLoggingMiddleware: HTTP GET /api/marketplace/tools responded 200 in 21.9392ms
2026-06-19 23:38:59.833 +03:00 [INF] CyberSphere.Application.Common.Behaviors.LoggingBehavior: Handling GetCategoriesQuery
2026-06-19 23:38:59.838 +03:00 [INF] Microsoft.EntityFrameworkCore.Database.Command: Executed DbCommand (2ms) [Parameters=[], CommandType='"Text"', CommandTimeout='30']
SELECT [c].[Id], [c].[Description], [c].[Name], [c].[Slug], [t].[Id], [t].[AverageRating], [t].[CategoryId], [t].[CreatedAt], [t].[Description], [t].[DifficultyLevel], [t].[GitHubUrl], [t].[Name], [t].[OwnerId], [t].[RatingCount], [t].[Status], [t].[Tags], [t].[UsageCount]
FROM [Categories] AS [c]
LEFT JOIN [Tools] AS [t] ON [c].[Id] = [t].[CategoryId]
ORDER BY [c].[Name], [c].[Id]
2026-06-19 23:38:59.844 +03:00 [INF] CyberSphere.Application.Common.Behaviors.LoggingBehavior: Handled GetCategoriesQuery in 9ms
2026-06-19 23:38:59.847 +03:00 [INF] Serilog.AspNetCore.RequestLoggingMiddleware: HTTP GET /api/marketplace/categories responded 200 in 14.5354ms
2026-06-19 23:38:59.931 +03:00 [INF] CyberSphere.Application.Common.Behaviors.LoggingBehavior: Handling GetToolsQuery
2026-06-19 23:38:59.935 +03:00 [INF] Microsoft.EntityFrameworkCore.Database.Command: Executed DbCommand (1ms) [Parameters=[], CommandType='"Text"', CommandTimeout='30']
SELECT COUNT(*)
FROM [Tools] AS [t]
WHERE [t].[Status] = N'Approved'
2026-06-19 23:38:59.938 +03:00 [INF] Microsoft.EntityFrameworkCore.Database.Command: Executed DbCommand (0ms) [Parameters=[@__p_0='?' (DbType = Int32), @__p_1='?' (DbType = Int32)], CommandType='"Text"', CommandTimeout='30']
SELECT [t0].[Id], [t0].[AverageRating], [t0].[CategoryId], [t0].[CreatedAt], [t0].[Description], [t0].[DifficultyLevel], [t0].[GitHubUrl], [t0].[Name], [t0].[OwnerId], [t0].[RatingCount], [t0].[Status], [t0].[Tags], [t0].[UsageCount], [u].[Id], [u].[Bio], [u].[CreatedAt], [u].[Email], [u].[GitHubUrl], [u].[PasswordHash], [u].[PasswordResetToken], [u].[PasswordResetTokenExpiry], [u].[ProfilePictureUrl], [u].[RefreshToken], [u].[RefreshTokenExpiry], [u].[Role], [u].[TotalToolsUploaded], [u].[UserName], [c].[Id], [c].[Description], [c].[Name], [c].[Slug]
FROM (
    SELECT [t].[Id], [t].[AverageRating], [t].[CategoryId], [t].[CreatedAt], [t].[Description], [t].[DifficultyLevel], [t].[GitHubUrl], [t].[Name], [t].[OwnerId], [t].[RatingCount], [t].[Status], [t].[Tags], [t].[UsageCount]
    FROM [Tools] AS [t]
    WHERE [t].[Status] = N'Approved'
    ORDER BY [t].[CreatedAt] DESC
    OFFSET @__p_0 ROWS FETCH NEXT @__p_1 ROWS ONLY
) AS [t0]
INNER JOIN [Users] AS [u] ON [t0].[OwnerId] = [u].[Id]
INNER JOIN [Categories] AS [c] ON [t0].[CategoryId] = [c].[Id]
ORDER BY [t0].[CreatedAt] DESC
2026-06-19 23:38:59.941 +03:00 [INF] CyberSphere.Application.Common.Behaviors.LoggingBehavior: Handled GetToolsQuery in 8ms
2026-06-19 23:38:59.942 +03:00 [INF] Serilog.AspNetCore.RequestLoggingMiddleware: HTTP GET /api/marketplace/tools responded 200 in 11.6478ms
2026-06-19 23:39:03.297 +03:00 [INF] Serilog.AspNetCore.RequestLoggingMiddleware: HTTP OPTIONS /api/marketplace/tools/61299bd2-e81b-44e2-9d1d-6e8f68499b25 responded 204 in 0.0240ms
2026-06-19 23:39:03.299 +03:00 [INF] Serilog.AspNetCore.RequestLoggingMiddleware: HTTP OPTIONS /api/marketplace/tools/61299bd2-e81b-44e2-9d1d-6e8f68499b25 responded 204 in 0.0246ms
2026-06-19 23:39:03.495 +03:00 [INF] CyberSphere.Application.Common.Behaviors.LoggingBehavior: Handling GetToolByIdQuery
2026-06-19 23:39:03.501 +03:00 [INF] Microsoft.EntityFrameworkCore.Database.Command: Executed DbCommand (4ms) [Parameters=[@__id_0='?' (DbType = Guid)], CommandType='"Text"', CommandTimeout='30']
SELECT [t0].[Id], [t0].[AverageRating], [t0].[CategoryId], [t0].[CreatedAt], [t0].[Description], [t0].[DifficultyLevel], [t0].[GitHubUrl], [t0].[Name], [t0].[OwnerId], [t0].[RatingCount], [t0].[Status], [t0].[Tags], [t0].[UsageCount], [t0].[Id0], [t0].[Bio], [t0].[CreatedAt0], [t0].[Email], [t0].[GitHubUrl0], [t0].[PasswordHash], [t0].[PasswordResetToken], [t0].[PasswordResetTokenExpiry], [t0].[ProfilePictureUrl], [t0].[RefreshToken], [t0].[RefreshTokenExpiry], [t0].[Role], [t0].[TotalToolsUploaded], [t0].[UserName], [t0].[Id1], [t0].[Description0], [t0].[Name0], [t0].[Slug], [t1].[Id], [t1].[Description], [t1].[Example], [t1].[Name], [t1].[Syntax], [t1].[ToolId]
FROM (
    SELECT TOP(1) [t].[Id], [t].[AverageRating], [t].[CategoryId], [t].[CreatedAt], [t].[Description], [t].[DifficultyLevel], [t].[GitHubUrl], [t].[Name], [t].[OwnerId], [t].[RatingCount], [t].[Status], [t].[Tags], [t].[UsageCount], [u].[Id] AS [Id0], [u].[Bio], [u].[CreatedAt] AS [CreatedAt0], [u].[Email], [u].[GitHubUrl] AS [GitHubUrl0], [u].[PasswordHash], [u].[PasswordResetToken], [u].[PasswordResetTokenExpiry], [u].[ProfilePictureUrl], [u].[RefreshToken], [u].[RefreshTokenExpiry], [u].[Role], [u].[TotalToolsUploaded], [u].[UserName], [c].[Id] AS [Id1], [c].[Description] AS [Description0], [c].[Name] AS [Name0], [c].[Slug]
    FROM [Tools] AS [t]
    INNER JOIN [Users] AS [u] ON [t].[OwnerId] = [u].[Id]
    INNER JOIN [Categories] AS [c] ON [t].[CategoryId] = [c].[Id]
    WHERE [t].[Id] = @__id_0
) AS [t0]
LEFT JOIN [ToolCommands] AS [t1] ON [t0].[Id] = [t1].[ToolId]
ORDER BY [t0].[Id], [t0].[Id0], [t0].[Id1]
2026-06-19 23:39:03.504 +03:00 [INF] CyberSphere.Application.Common.Behaviors.LoggingBehavior: Handled GetToolByIdQuery in 8ms
2026-06-19 23:39:03.505 +03:00 [INF] Serilog.AspNetCore.RequestLoggingMiddleware: HTTP GET /api/marketplace/tools/61299bd2-e81b-44e2-9d1d-6e8f68499b25 responded 200 in 10.6299ms
2026-06-19 23:39:03.778 +03:00 [INF] CyberSphere.Application.Common.Behaviors.LoggingBehavior: Handling GetToolByIdQuery
2026-06-19 23:39:03.781 +03:00 [INF] Microsoft.EntityFrameworkCore.Database.Command: Executed DbCommand (1ms) [Parameters=[@__id_0='?' (DbType = Guid)], CommandType='"Text"', CommandTimeout='30']
SELECT [t0].[Id], [t0].[AverageRating], [t0].[CategoryId], [t0].[CreatedAt], [t0].[Description], [t0].[DifficultyLevel], [t0].[GitHubUrl], [t0].[Name], [t0].[OwnerId], [t0].[RatingCount], [t0].[Status], [t0].[Tags], [t0].[UsageCount], [t0].[Id0], [t0].[Bio], [t0].[CreatedAt0], [t0].[Email], [t0].[GitHubUrl0], [t0].[PasswordHash], [t0].[PasswordResetToken], [t0].[PasswordResetTokenExpiry], [t0].[ProfilePictureUrl], [t0].[RefreshToken], [t0].[RefreshTokenExpiry], [t0].[Role], [t0].[TotalToolsUploaded], [t0].[UserName], [t0].[Id1], [t0].[Description0], [t0].[Name0], [t0].[Slug], [t1].[Id], [t1].[Description], [t1].[Example], [t1].[Name], [t1].[Syntax], [t1].[ToolId]
FROM (
    SELECT TOP(1) [t].[Id], [t].[AverageRating], [t].[CategoryId], [t].[CreatedAt], [t].[Description], [t].[DifficultyLevel], [t].[GitHubUrl], [t].[Name], [t].[OwnerId], [t].[RatingCount], [t].[Status], [t].[Tags], [t].[UsageCount], [u].[Id] AS [Id0], [u].[Bio], [u].[CreatedAt] AS [CreatedAt0], [u].[Email], [u].[GitHubUrl] AS [GitHubUrl0], [u].[PasswordHash], [u].[PasswordResetToken], [u].[PasswordResetTokenExpiry], [u].[ProfilePictureUrl], [u].[RefreshToken], [u].[RefreshTokenExpiry], [u].[Role], [u].[TotalToolsUploaded], [u].[UserName], [c].[Id] AS [Id1], [c].[Description] AS [Description0], [c].[Name] AS [Name0], [c].[Slug]
    FROM [Tools] AS [t]
    INNER JOIN [Users] AS [u] ON [t].[OwnerId] = [u].[Id]
    INNER JOIN [Categories] AS [c] ON [t].[CategoryId] = [c].[Id]
    WHERE [t].[Id] = @__id_0
) AS [t0]
LEFT JOIN [ToolCommands] AS [t1] ON [t0].[Id] = [t1].[ToolId]
ORDER BY [t0].[Id], [t0].[Id0], [t0].[Id1]
2026-06-19 23:39:03.786 +03:00 [INF] CyberSphere.Application.Common.Behaviors.LoggingBehavior: Handled GetToolByIdQuery in 5ms
2026-06-19 23:39:03.787 +03:00 [INF] Serilog.AspNetCore.RequestLoggingMiddleware: HTTP GET /api/marketplace/tools/61299bd2-e81b-44e2-9d1d-6e8f68499b25 responded 200 in 8.7568ms
2026-06-19 23:39:15.484 +03:00 [INF] Serilog.AspNetCore.RequestLoggingMiddleware: HTTP OPTIONS /api/marketplace/tools/61299bd2-e81b-44e2-9d1d-6e8f68499b25 responded 204 in 0.0378ms
2026-06-19 23:39:15.487 +03:00 [INF] Serilog.AspNetCore.RequestLoggingMiddleware: HTTP OPTIONS /api/marketplace/tools/61299bd2-e81b-44e2-9d1d-6e8f68499b25 responded 204 in 0.0755ms
2026-06-19 23:39:15.643 +03:00 [INF] CyberSphere.Application.Common.Behaviors.LoggingBehavior: Handling GetToolByIdQuery
2026-06-19 23:39:15.651 +03:00 [INF] Microsoft.EntityFrameworkCore.Database.Command: Executed DbCommand (5ms) [Parameters=[@__id_0='?' (DbType = Guid)], CommandType='"Text"', CommandTimeout='30']
SELECT [t0].[Id], [t0].[AverageRating], [t0].[CategoryId], [t0].[CreatedAt], [t0].[Description], [t0].[DifficultyLevel], [t0].[GitHubUrl], [t0].[Name], [t0].[OwnerId], [t0].[RatingCount], [t0].[Status], [t0].[Tags], [t0].[UsageCount], [t0].[Id0], [t0].[Bio], [t0].[CreatedAt0], [t0].[Email], [t0].[GitHubUrl0], [t0].[PasswordHash], [t0].[PasswordResetToken], [t0].[PasswordResetTokenExpiry], [t0].[ProfilePictureUrl], [t0].[RefreshToken], [t0].[RefreshTokenExpiry], [t0].[Role], [t0].[TotalToolsUploaded], [t0].[UserName], [t0].[Id1], [t0].[Description0], [t0].[Name0], [t0].[Slug], [t1].[Id], [t1].[Description], [t1].[Example], [t1].[Name], [t1].[Syntax], [t1].[ToolId]
FROM (
    SELECT TOP(1) [t].[Id], [t].[AverageRating], [t].[CategoryId], [t].[CreatedAt], [t].[Description], [t].[DifficultyLevel], [t].[GitHubUrl], [t].[Name], [t].[OwnerId], [t].[RatingCount], [t].[Status], [t].[Tags], [t].[UsageCount], [u].[Id] AS [Id0], [u].[Bio], [u].[CreatedAt] AS [CreatedAt0], [u].[Email], [u].[GitHubUrl] AS [GitHubUrl0], [u].[PasswordHash], [u].[PasswordResetToken], [u].[PasswordResetTokenExpiry], [u].[ProfilePictureUrl], [u].[RefreshToken], [u].[RefreshTokenExpiry], [u].[Role], [u].[TotalToolsUploaded], [u].[UserName], [c].[Id] AS [Id1], [c].[Description] AS [Description0], [c].[Name] AS [Name0], [c].[Slug]
    FROM [Tools] AS [t]
    INNER JOIN [Users] AS [u] ON [t].[OwnerId] = [u].[Id]
    INNER JOIN [Categories] AS [c] ON [t].[CategoryId] = [c].[Id]
    WHERE [t].[Id] = @__id_0
) AS [t0]
LEFT JOIN [ToolCommands] AS [t1] ON [t0].[Id] = [t1].[ToolId]
ORDER BY [t0].[Id], [t0].[Id0], [t0].[Id1]
2026-06-19 23:39:15.656 +03:00 [INF] CyberSphere.Application.Common.Behaviors.LoggingBehavior: Handled GetToolByIdQuery in 11ms
2026-06-19 23:39:15.657 +03:00 [INF] Serilog.AspNetCore.RequestLoggingMiddleware: HTTP GET /api/marketplace/tools/61299bd2-e81b-44e2-9d1d-6e8f68499b25 responded 200 in 14.6130ms
2026-06-19 23:39:15.816 +03:00 [INF] CyberSphere.Application.Common.Behaviors.LoggingBehavior: Handling GetToolByIdQuery
2026-06-19 23:39:15.819 +03:00 [INF] Microsoft.EntityFrameworkCore.Database.Command: Executed DbCommand (1ms) [Parameters=[@__id_0='?' (DbType = Guid)], CommandType='"Text"', CommandTimeout='30']
SELECT [t0].[Id], [t0].[AverageRating], [t0].[CategoryId], [t0].[CreatedAt], [t0].[Description], [t0].[DifficultyLevel], [t0].[GitHubUrl], [t0].[Name], [t0].[OwnerId], [t0].[RatingCount], [t0].[Status], [t0].[Tags], [t0].[UsageCount], [t0].[Id0], [t0].[Bio], [t0].[CreatedAt0], [t0].[Email], [t0].[GitHubUrl0], [t0].[PasswordHash], [t0].[PasswordResetToken], [t0].[PasswordResetTokenExpiry], [t0].[ProfilePictureUrl], [t0].[RefreshToken], [t0].[RefreshTokenExpiry], [t0].[Role], [t0].[TotalToolsUploaded], [t0].[UserName], [t0].[Id1], [t0].[Description0], [t0].[Name0], [t0].[Slug], [t1].[Id], [t1].[Description], [t1].[Example], [t1].[Name], [t1].[Syntax], [t1].[ToolId]
FROM (
    SELECT TOP(1) [t].[Id], [t].[AverageRating], [t].[CategoryId], [t].[CreatedAt], [t].[Description], [t].[DifficultyLevel], [t].[GitHubUrl], [t].[Name], [t].[OwnerId], [t].[RatingCount], [t].[Status], [t].[Tags], [t].[UsageCount], [u].[Id] AS [Id0], [u].[Bio], [u].[CreatedAt] AS [CreatedAt0], [u].[Email], [u].[GitHubUrl] AS [GitHubUrl0], [u].[PasswordHash], [u].[PasswordResetToken], [u].[PasswordResetTokenExpiry], [u].[ProfilePictureUrl], [u].[RefreshToken], [u].[RefreshTokenExpiry], [u].[Role], [u].[TotalToolsUploaded], [u].[UserName], [c].[Id] AS [Id1], [c].[Description] AS [Description0], [c].[Name] AS [Name0], [c].[Slug]
    FROM [Tools] AS [t]
    INNER JOIN [Users] AS [u] ON [t].[OwnerId] = [u].[Id]
    INNER JOIN [Categories] AS [c] ON [t].[CategoryId] = [c].[Id]
    WHERE [t].[Id] = @__id_0
) AS [t0]
LEFT JOIN [ToolCommands] AS [t1] ON [t0].[Id] = [t1].[ToolId]
ORDER BY [t0].[Id], [t0].[Id0], [t0].[Id1]
2026-06-19 23:39:15.822 +03:00 [INF] Serilog.AspNetCore.RequestLoggingMiddleware: HTTP OPTIONS /api/tools/61299bd2-e81b-44e2-9d1d-6e8f68499b25/usage responded 204 in 0.0586ms
2026-06-19 23:39:15.824 +03:00 [INF] CyberSphere.Application.Common.Behaviors.LoggingBehavior: Handled GetToolByIdQuery in 7ms
2026-06-19 23:39:15.826 +03:00 [INF] Serilog.AspNetCore.RequestLoggingMiddleware: HTTP GET /api/marketplace/tools/61299bd2-e81b-44e2-9d1d-6e8f68499b25 responded 200 in 10.6906ms
2026-06-19 23:39:15.988 +03:00 [INF] CyberSphere.Application.Common.Behaviors.LoggingBehavior: Handling IncrementToolUsageCommand
2026-06-19 23:39:15.993 +03:00 [INF] CyberSphere.Application.Common.Behaviors.LoggingBehavior: Handling IncrementToolUsageCommand
2026-06-19 23:39:15.995 +03:00 [INF] Microsoft.EntityFrameworkCore.Database.Command: Executed DbCommand (2ms) [Parameters=[@__get_Item_0='?' (DbType = Guid)], CommandType='"Text"', CommandTimeout='30']
SELECT TOP(1) [t].[Id], [t].[AverageRating], [t].[CategoryId], [t].[CreatedAt], [t].[Description], [t].[DifficultyLevel], [t].[GitHubUrl], [t].[Name], [t].[OwnerId], [t].[RatingCount], [t].[Status], [t].[Tags], [t].[UsageCount]
FROM [Tools] AS [t]
WHERE [t].[Id] = @__get_Item_0
2026-06-19 23:39:15.996 +03:00 [INF] Microsoft.EntityFrameworkCore.Database.Command: Executed DbCommand (0ms) [Parameters=[@__get_Item_0='?' (DbType = Guid)], CommandType='"Text"', CommandTimeout='30']
SELECT TOP(1) [t].[Id], [t].[AverageRating], [t].[CategoryId], [t].[CreatedAt], [t].[Description], [t].[DifficultyLevel], [t].[GitHubUrl], [t].[Name], [t].[OwnerId], [t].[RatingCount], [t].[Status], [t].[Tags], [t].[UsageCount]
FROM [Tools] AS [t]
WHERE [t].[Id] = @__get_Item_0
2026-06-19 23:39:16.008 +03:00 [INF] Microsoft.EntityFrameworkCore.Database.Command: Executed DbCommand (7ms) [Parameters=[@p12='?' (DbType = Guid), @p0='?' (Precision = 4) (Scale = 2) (DbType = Decimal), @p1='?' (DbType = Guid), @p2='?' (DbType = DateTime2), @p3='?' (Size = 2000), @p4='?' (Size = 20), @p5='?' (Size = 500), @p6='?' (Size = 100), @p7='?' (DbType = Guid), @p8='?' (DbType = Int32), @p9='?' (Size = 20), @p10='?' (Size = 500), @p11='?' (DbType = Int32)], CommandType='"Text"', CommandTimeout='30']
SET IMPLICIT_TRANSACTIONS OFF;
SET NOCOUNT ON;
UPDATE [Tools] SET [AverageRating] = @p0, [CategoryId] = @p1, [CreatedAt] = @p2, [Description] = @p3, [DifficultyLevel] = @p4, [GitHubUrl] = @p5, [Name] = @p6, [OwnerId] = @p7, [RatingCount] = @p8, [Status] = @p9, [Tags] = @p10, [UsageCount] = @p11
OUTPUT 1
WHERE [Id] = @p12;
2026-06-19 23:39:16.010 +03:00 [INF] Microsoft.EntityFrameworkCore.Database.Command: Executed DbCommand (1ms) [Parameters=[@p12='?' (DbType = Guid), @p0='?' (Precision = 4) (Scale = 2) (DbType = Decimal), @p1='?' (DbType = Guid), @p2='?' (DbType = DateTime2), @p3='?' (Size = 2000), @p4='?' (Size = 20), @p5='?' (Size = 500), @p6='?' (Size = 100), @p7='?' (DbType = Guid), @p8='?' (DbType = Int32), @p9='?' (Size = 20), @p10='?' (Size = 500), @p11='?' (DbType = Int32)], CommandType='"Text"', CommandTimeout='30']
SET IMPLICIT_TRANSACTIONS OFF;
SET NOCOUNT ON;
UPDATE [Tools] SET [AverageRating] = @p0, [CategoryId] = @p1, [CreatedAt] = @p2, [Description] = @p3, [DifficultyLevel] = @p4, [GitHubUrl] = @p5, [Name] = @p6, [OwnerId] = @p7, [RatingCount] = @p8, [Status] = @p9, [Tags] = @p10, [UsageCount] = @p11
OUTPUT 1
WHERE [Id] = @p12;
2026-06-19 23:39:16.013 +03:00 [INF] CyberSphere.Application.Common.Behaviors.LoggingBehavior: Handled IncrementToolUsageCommand in 22ms
2026-06-19 23:39:16.017 +03:00 [INF] CyberSphere.Application.Common.Behaviors.LoggingBehavior: Handled IncrementToolUsageCommand in 22ms
2026-06-19 23:39:16.021 +03:00 [INF] Serilog.AspNetCore.RequestLoggingMiddleware: HTTP POST /api/tools/61299bd2-e81b-44e2-9d1d-6e8f68499b25/usage responded 200 in 33.3915ms
2026-06-19 23:39:16.022 +03:00 [INF] Serilog.AspNetCore.RequestLoggingMiddleware: HTTP POST /api/tools/61299bd2-e81b-44e2-9d1d-6e8f68499b25/usage responded 200 in 29.8036ms
2026-06-19 23:39:19.789 +03:00 [INF] CyberSphere.Application.Common.Behaviors.LoggingBehavior: Handling GetToolByIdQuery
2026-06-19 23:39:19.792 +03:00 [INF] Microsoft.EntityFrameworkCore.Database.Command: Executed DbCommand (1ms) [Parameters=[@__id_0='?' (DbType = Guid)], CommandType='"Text"', CommandTimeout='30']
SELECT [t0].[Id], [t0].[AverageRating], [t0].[CategoryId], [t0].[CreatedAt], [t0].[Description], [t0].[DifficultyLevel], [t0].[GitHubUrl], [t0].[Name], [t0].[OwnerId], [t0].[RatingCount], [t0].[Status], [t0].[Tags], [t0].[UsageCount], [t0].[Id0], [t0].[Bio], [t0].[CreatedAt0], [t0].[Email], [t0].[GitHubUrl0], [t0].[PasswordHash], [t0].[PasswordResetToken], [t0].[PasswordResetTokenExpiry], [t0].[ProfilePictureUrl], [t0].[RefreshToken], [t0].[RefreshTokenExpiry], [t0].[Role], [t0].[TotalToolsUploaded], [t0].[UserName], [t0].[Id1], [t0].[Description0], [t0].[Name0], [t0].[Slug], [t1].[Id], [t1].[Description], [t1].[Example], [t1].[Name], [t1].[Syntax], [t1].[ToolId]
FROM (
    SELECT TOP(1) [t].[Id], [t].[AverageRating], [t].[CategoryId], [t].[CreatedAt], [t].[Description], [t].[DifficultyLevel], [t].[GitHubUrl], [t].[Name], [t].[OwnerId], [t].[RatingCount], [t].[Status], [t].[Tags], [t].[UsageCount], [u].[Id] AS [Id0], [u].[Bio], [u].[CreatedAt] AS [CreatedAt0], [u].[Email], [u].[GitHubUrl] AS [GitHubUrl0], [u].[PasswordHash], [u].[PasswordResetToken], [u].[PasswordResetTokenExpiry], [u].[ProfilePictureUrl], [u].[RefreshToken], [u].[RefreshTokenExpiry], [u].[Role], [u].[TotalToolsUploaded], [u].[UserName], [c].[Id] AS [Id1], [c].[Description] AS [Description0], [c].[Name] AS [Name0], [c].[Slug]
    FROM [Tools] AS [t]
    INNER JOIN [Users] AS [u] ON [t].[OwnerId] = [u].[Id]
    INNER JOIN [Categories] AS [c] ON [t].[CategoryId] = [c].[Id]
    WHERE [t].[Id] = @__id_0
) AS [t0]
LEFT JOIN [ToolCommands] AS [t1] ON [t0].[Id] = [t1].[ToolId]
ORDER BY [t0].[Id], [t0].[Id0], [t0].[Id1]
2026-06-19 23:39:19.798 +03:00 [INF] CyberSphere.Application.Common.Behaviors.LoggingBehavior: Handled GetToolByIdQuery in 7ms
2026-06-19 23:39:19.799 +03:00 [INF] Serilog.AspNetCore.RequestLoggingMiddleware: HTTP GET /api/marketplace/tools/61299bd2-e81b-44e2-9d1d-6e8f68499b25 responded 200 in 10.2595ms
2026-06-19 23:39:19.957 +03:00 [INF] CyberSphere.Application.Common.Behaviors.LoggingBehavior: Handling GetToolByIdQuery
2026-06-19 23:39:19.960 +03:00 [INF] Microsoft.EntityFrameworkCore.Database.Command: Executed DbCommand (1ms) [Parameters=[@__id_0='?' (DbType = Guid)], CommandType='"Text"', CommandTimeout='30']
SELECT [t0].[Id], [t0].[AverageRating], [t0].[CategoryId], [t0].[CreatedAt], [t0].[Description], [t0].[DifficultyLevel], [t0].[GitHubUrl], [t0].[Name], [t0].[OwnerId], [t0].[RatingCount], [t0].[Status], [t0].[Tags], [t0].[UsageCount], [t0].[Id0], [t0].[Bio], [t0].[CreatedAt0], [t0].[Email], [t0].[GitHubUrl0], [t0].[PasswordHash], [t0].[PasswordResetToken], [t0].[PasswordResetTokenExpiry], [t0].[ProfilePictureUrl], [t0].[RefreshToken], [t0].[RefreshTokenExpiry], [t0].[Role], [t0].[TotalToolsUploaded], [t0].[UserName], [t0].[Id1], [t0].[Description0], [t0].[Name0], [t0].[Slug], [t1].[Id], [t1].[Description], [t1].[Example], [t1].[Name], [t1].[Syntax], [t1].[ToolId]
FROM (
    SELECT TOP(1) [t].[Id], [t].[AverageRating], [t].[CategoryId], [t].[CreatedAt], [t].[Description], [t].[DifficultyLevel], [t].[GitHubUrl], [t].[Name], [t].[OwnerId], [t].[RatingCount], [t].[Status], [t].[Tags], [t].[UsageCount], [u].[Id] AS [Id0], [u].[Bio], [u].[CreatedAt] AS [CreatedAt0], [u].[Email], [u].[GitHubUrl] AS [GitHubUrl0], [u].[PasswordHash], [u].[PasswordResetToken], [u].[PasswordResetTokenExpiry], [u].[ProfilePictureUrl], [u].[RefreshToken], [u].[RefreshTokenExpiry], [u].[Role], [u].[TotalToolsUploaded], [u].[UserName], [c].[Id] AS [Id1], [c].[Description] AS [Description0], [c].[Name] AS [Name0], [c].[Slug]
    FROM [Tools] AS [t]
    INNER JOIN [Users] AS [u] ON [t].[OwnerId] = [u].[Id]
    INNER JOIN [Categories] AS [c] ON [t].[CategoryId] = [c].[Id]
    WHERE [t].[Id] = @__id_0
) AS [t0]
LEFT JOIN [ToolCommands] AS [t1] ON [t0].[Id] = [t1].[ToolId]
ORDER BY [t0].[Id], [t0].[Id0], [t0].[Id1]
2026-06-19 23:39:19.964 +03:00 [INF] CyberSphere.Application.Common.Behaviors.LoggingBehavior: Handled GetToolByIdQuery in 6ms
2026-06-19 23:39:19.965 +03:00 [INF] Serilog.AspNetCore.RequestLoggingMiddleware: HTTP GET /api/marketplace/tools/61299bd2-e81b-44e2-9d1d-6e8f68499b25 responded 200 in 8.8232ms
2026-06-19 23:39:56.426 +03:00 [INF] CyberSphere.Application.Common.Behaviors.LoggingBehavior: Handling GetToolsQuery
2026-06-19 23:39:56.440 +03:00 [INF] Microsoft.EntityFrameworkCore.Database.Command: Executed DbCommand (12ms) [Parameters=[], CommandType='"Text"', CommandTimeout='30']
SELECT COUNT(*)
FROM [Tools] AS [t]
WHERE [t].[Status] = N'Approved'
2026-06-19 23:39:56.457 +03:00 [INF] Microsoft.EntityFrameworkCore.Database.Command: Executed DbCommand (5ms) [Parameters=[@__p_0='?' (DbType = Int32), @__p_1='?' (DbType = Int32)], CommandType='"Text"', CommandTimeout='30']
SELECT [t0].[Id], [t0].[AverageRating], [t0].[CategoryId], [t0].[CreatedAt], [t0].[Description], [t0].[DifficultyLevel], [t0].[GitHubUrl], [t0].[Name], [t0].[OwnerId], [t0].[RatingCount], [t0].[Status], [t0].[Tags], [t0].[UsageCount], [u].[Id], [u].[Bio], [u].[CreatedAt], [u].[Email], [u].[GitHubUrl], [u].[PasswordHash], [u].[PasswordResetToken], [u].[PasswordResetTokenExpiry], [u].[ProfilePictureUrl], [u].[RefreshToken], [u].[RefreshTokenExpiry], [u].[Role], [u].[TotalToolsUploaded], [u].[UserName], [c].[Id], [c].[Description], [c].[Name], [c].[Slug]
FROM (
    SELECT [t].[Id], [t].[AverageRating], [t].[CategoryId], [t].[CreatedAt], [t].[Description], [t].[DifficultyLevel], [t].[GitHubUrl], [t].[Name], [t].[OwnerId], [t].[RatingCount], [t].[Status], [t].[Tags], [t].[UsageCount]
    FROM [Tools] AS [t]
    WHERE [t].[Status] = N'Approved'
    ORDER BY [t].[CreatedAt] DESC
    OFFSET @__p_0 ROWS FETCH NEXT @__p_1 ROWS ONLY
) AS [t0]
INNER JOIN [Users] AS [u] ON [t0].[OwnerId] = [u].[Id]
INNER JOIN [Categories] AS [c] ON [t0].[CategoryId] = [c].[Id]
ORDER BY [t0].[CreatedAt] DESC
2026-06-19 23:39:56.463 +03:00 [INF] CyberSphere.Application.Common.Behaviors.LoggingBehavior: Handled GetToolsQuery in 36ms
2026-06-19 23:39:56.464 +03:00 [INF] Serilog.AspNetCore.RequestLoggingMiddleware: HTTP GET /api/marketplace/tools responded 200 in 39.0908ms
2026-06-19 23:40:01.216 +03:00 [INF] Serilog.AspNetCore.RequestLoggingMiddleware: HTTP OPTIONS /api/marketplace/tools/61299bd2-e81b-44e2-9d1d-6e8f68499b25 responded 204 in 0.0446ms
2026-06-19 23:40:01.369 +03:00 [INF] CyberSphere.Application.Common.Behaviors.LoggingBehavior: Handling GetToolByIdQuery
2026-06-19 23:40:01.375 +03:00 [INF] Microsoft.EntityFrameworkCore.Database.Command: Executed DbCommand (4ms) [Parameters=[@__id_0='?' (DbType = Guid)], CommandType='"Text"', CommandTimeout='30']
SELECT [t0].[Id], [t0].[AverageRating], [t0].[CategoryId], [t0].[CreatedAt], [t0].[Description], [t0].[DifficultyLevel], [t0].[GitHubUrl], [t0].[Name], [t0].[OwnerId], [t0].[RatingCount], [t0].[Status], [t0].[Tags], [t0].[UsageCount], [t0].[Id0], [t0].[Bio], [t0].[CreatedAt0], [t0].[Email], [t0].[GitHubUrl0], [t0].[PasswordHash], [t0].[PasswordResetToken], [t0].[PasswordResetTokenExpiry], [t0].[ProfilePictureUrl], [t0].[RefreshToken], [t0].[RefreshTokenExpiry], [t0].[Role], [t0].[TotalToolsUploaded], [t0].[UserName], [t0].[Id1], [t0].[Description0], [t0].[Name0], [t0].[Slug], [t1].[Id], [t1].[Description], [t1].[Example], [t1].[Name], [t1].[Syntax], [t1].[ToolId]
FROM (
    SELECT TOP(1) [t].[Id], [t].[AverageRating], [t].[CategoryId], [t].[CreatedAt], [t].[Description], [t].[DifficultyLevel], [t].[GitHubUrl], [t].[Name], [t].[OwnerId], [t].[RatingCount], [t].[Status], [t].[Tags], [t].[UsageCount], [u].[Id] AS [Id0], [u].[Bio], [u].[CreatedAt] AS [CreatedAt0], [u].[Email], [u].[GitHubUrl] AS [GitHubUrl0], [u].[PasswordHash], [u].[PasswordResetToken], [u].[PasswordResetTokenExpiry], [u].[ProfilePictureUrl], [u].[RefreshToken], [u].[RefreshTokenExpiry], [u].[Role], [u].[TotalToolsUploaded], [u].[UserName], [c].[Id] AS [Id1], [c].[Description] AS [Description0], [c].[Name] AS [Name0], [c].[Slug]
    FROM [Tools] AS [t]
    INNER JOIN [Users] AS [u] ON [t].[OwnerId] = [u].[Id]
    INNER JOIN [Categories] AS [c] ON [t].[CategoryId] = [c].[Id]
    WHERE [t].[Id] = @__id_0
) AS [t0]
LEFT JOIN [ToolCommands] AS [t1] ON [t0].[Id] = [t1].[ToolId]
ORDER BY [t0].[Id], [t0].[Id0], [t0].[Id1]
2026-06-19 23:40:01.379 +03:00 [INF] CyberSphere.Application.Common.Behaviors.LoggingBehavior: Handled GetToolByIdQuery in 8ms
2026-06-19 23:40:01.380 +03:00 [INF] Serilog.AspNetCore.RequestLoggingMiddleware: HTTP GET /api/marketplace/tools/61299bd2-e81b-44e2-9d1d-6e8f68499b25 responded 200 in 11.3949ms
2026-06-19 23:40:11.976 +03:00 [INF] CyberSphere.Application.Common.Behaviors.LoggingBehavior: Handling GetToolsQuery
2026-06-19 23:40:11.984 +03:00 [INF] Microsoft.EntityFrameworkCore.Database.Command: Executed DbCommand (5ms) [Parameters=[], CommandType='"Text"', CommandTimeout='30']
SELECT COUNT(*)
FROM [Tools] AS [t]
WHERE [t].[Status] = N'Approved'
2026-06-19 23:40:12.010 +03:00 [INF] Microsoft.EntityFrameworkCore.Database.Command: Executed DbCommand (5ms) [Parameters=[@__p_0='?' (DbType = Int32), @__p_1='?' (DbType = Int32)], CommandType='"Text"', CommandTimeout='30']
SELECT [t0].[Id], [t0].[AverageRating], [t0].[CategoryId], [t0].[CreatedAt], [t0].[Description], [t0].[DifficultyLevel], [t0].[GitHubUrl], [t0].[Name], [t0].[OwnerId], [t0].[RatingCount], [t0].[Status], [t0].[Tags], [t0].[UsageCount], [u].[Id], [u].[Bio], [u].[CreatedAt], [u].[Email], [u].[GitHubUrl], [u].[PasswordHash], [u].[PasswordResetToken], [u].[PasswordResetTokenExpiry], [u].[ProfilePictureUrl], [u].[RefreshToken], [u].[RefreshTokenExpiry], [u].[Role], [u].[TotalToolsUploaded], [u].[UserName], [c].[Id], [c].[Description], [c].[Name], [c].[Slug]
FROM (
    SELECT [t].[Id], [t].[AverageRating], [t].[CategoryId], [t].[CreatedAt], [t].[Description], [t].[DifficultyLevel], [t].[GitHubUrl], [t].[Name], [t].[OwnerId], [t].[RatingCount], [t].[Status], [t].[Tags], [t].[UsageCount]
    FROM [Tools] AS [t]
    WHERE [t].[Status] = N'Approved'
    ORDER BY [t].[CreatedAt] DESC
    OFFSET @__p_0 ROWS FETCH NEXT @__p_1 ROWS ONLY
) AS [t0]
INNER JOIN [Users] AS [u] ON [t0].[OwnerId] = [u].[Id]
INNER JOIN [Categories] AS [c] ON [t0].[CategoryId] = [c].[Id]
ORDER BY [t0].[CreatedAt] DESC
2026-06-19 23:40:12.019 +03:00 [INF] CyberSphere.Application.Common.Behaviors.LoggingBehavior: Handled GetToolsQuery in 41ms
2026-06-19 23:40:12.021 +03:00 [INF] Serilog.AspNetCore.RequestLoggingMiddleware: HTTP GET /api/marketplace/tools responded 200 in 45.3576ms
2026-06-19 23:40:12.404 +03:00 [INF] Serilog.AspNetCore.RequestLoggingMiddleware: HTTP OPTIONS /api/marketplace/categories responded 204 in 0.0266ms
2026-06-19 23:40:12.413 +03:00 [INF] Serilog.AspNetCore.RequestLoggingMiddleware: HTTP OPTIONS /api/marketplace/categories responded 204 in 0.0765ms
2026-06-19 23:40:12.463 +03:00 [INF] Serilog.AspNetCore.RequestLoggingMiddleware: HTTP OPTIONS /api/marketplace/tools responded 204 in 0.0852ms
2026-06-19 23:40:12.468 +03:00 [INF] Serilog.AspNetCore.RequestLoggingMiddleware: HTTP OPTIONS /api/marketplace/tools responded 204 in 0.0260ms
2026-06-19 23:40:12.563 +03:00 [INF] CyberSphere.Application.Common.Behaviors.LoggingBehavior: Handling GetCategoriesQuery
2026-06-19 23:40:12.570 +03:00 [INF] Microsoft.EntityFrameworkCore.Database.Command: Executed DbCommand (4ms) [Parameters=[], CommandType='"Text"', CommandTimeout='30']
SELECT [c].[Id], [c].[Description], [c].[Name], [c].[Slug], [t].[Id], [t].[AverageRating], [t].[CategoryId], [t].[CreatedAt], [t].[Description], [t].[DifficultyLevel], [t].[GitHubUrl], [t].[Name], [t].[OwnerId], [t].[RatingCount], [t].[Status], [t].[Tags], [t].[UsageCount]
FROM [Categories] AS [c]
LEFT JOIN [Tools] AS [t] ON [c].[Id] = [t].[CategoryId]
ORDER BY [c].[Name], [c].[Id]
2026-06-19 23:40:12.574 +03:00 [INF] CyberSphere.Application.Common.Behaviors.LoggingBehavior: Handled GetCategoriesQuery in 9ms
2026-06-19 23:40:12.576 +03:00 [INF] Serilog.AspNetCore.RequestLoggingMiddleware: HTTP GET /api/marketplace/categories responded 200 in 13.0778ms
2026-06-19 23:40:12.638 +03:00 [INF] CyberSphere.Application.Common.Behaviors.LoggingBehavior: Handling GetToolsQuery
2026-06-19 23:40:12.642 +03:00 [INF] Microsoft.EntityFrameworkCore.Database.Command: Executed DbCommand (3ms) [Parameters=[], CommandType='"Text"', CommandTimeout='30']
SELECT COUNT(*)
FROM [Tools] AS [t]
WHERE [t].[Status] = N'Approved'
2026-06-19 23:40:12.652 +03:00 [INF] Microsoft.EntityFrameworkCore.Database.Command: Executed DbCommand (7ms) [Parameters=[@__p_0='?' (DbType = Int32), @__p_1='?' (DbType = Int32)], CommandType='"Text"', CommandTimeout='30']
SELECT [t0].[Id], [t0].[AverageRating], [t0].[CategoryId], [t0].[CreatedAt], [t0].[Description], [t0].[DifficultyLevel], [t0].[GitHubUrl], [t0].[Name], [t0].[OwnerId], [t0].[RatingCount], [t0].[Status], [t0].[Tags], [t0].[UsageCount], [u].[Id], [u].[Bio], [u].[CreatedAt], [u].[Email], [u].[GitHubUrl], [u].[PasswordHash], [u].[PasswordResetToken], [u].[PasswordResetTokenExpiry], [u].[ProfilePictureUrl], [u].[RefreshToken], [u].[RefreshTokenExpiry], [u].[Role], [u].[TotalToolsUploaded], [u].[UserName], [c].[Id], [c].[Description], [c].[Name], [c].[Slug]
FROM (
    SELECT [t].[Id], [t].[AverageRating], [t].[CategoryId], [t].[CreatedAt], [t].[Description], [t].[DifficultyLevel], [t].[GitHubUrl], [t].[Name], [t].[OwnerId], [t].[RatingCount], [t].[Status], [t].[Tags], [t].[UsageCount]
    FROM [Tools] AS [t]
    WHERE [t].[Status] = N'Approved'
    ORDER BY [t].[CreatedAt] DESC
    OFFSET @__p_0 ROWS FETCH NEXT @__p_1 ROWS ONLY
) AS [t0]
INNER JOIN [Users] AS [u] ON [t0].[OwnerId] = [u].[Id]
INNER JOIN [Categories] AS [c] ON [t0].[CategoryId] = [c].[Id]
ORDER BY [t0].[CreatedAt] DESC
2026-06-19 23:40:12.660 +03:00 [INF] CyberSphere.Application.Common.Behaviors.LoggingBehavior: Handled GetToolsQuery in 21ms
2026-06-19 23:40:12.662 +03:00 [INF] Serilog.AspNetCore.RequestLoggingMiddleware: HTTP GET /api/marketplace/tools responded 200 in 24.7742ms
2026-06-19 23:40:12.736 +03:00 [INF] CyberSphere.Application.Common.Behaviors.LoggingBehavior: Handling GetCategoriesQuery
2026-06-19 23:40:12.744 +03:00 [INF] Microsoft.EntityFrameworkCore.Database.Command: Executed DbCommand (5ms) [Parameters=[], CommandType='"Text"', CommandTimeout='30']
SELECT [c].[Id], [c].[Description], [c].[Name], [c].[Slug], [t].[Id], [t].[AverageRating], [t].[CategoryId], [t].[CreatedAt], [t].[Description], [t].[DifficultyLevel], [t].[GitHubUrl], [t].[Name], [t].[OwnerId], [t].[RatingCount], [t].[Status], [t].[Tags], [t].[UsageCount]
FROM [Categories] AS [c]
LEFT JOIN [Tools] AS [t] ON [c].[Id] = [t].[CategoryId]
ORDER BY [c].[Name], [c].[Id]
2026-06-19 23:40:12.750 +03:00 [INF] CyberSphere.Application.Common.Behaviors.LoggingBehavior: Handled GetCategoriesQuery in 12ms
2026-06-19 23:40:12.752 +03:00 [INF] Serilog.AspNetCore.RequestLoggingMiddleware: HTTP GET /api/marketplace/categories responded 200 in 15.6856ms
2026-06-19 23:40:12.846 +03:00 [INF] CyberSphere.Application.Common.Behaviors.LoggingBehavior: Handling GetToolsQuery
2026-06-19 23:40:12.854 +03:00 [INF] Microsoft.EntityFrameworkCore.Database.Command: Executed DbCommand (4ms) [Parameters=[], CommandType='"Text"', CommandTimeout='30']
SELECT COUNT(*)
FROM [Tools] AS [t]
WHERE [t].[Status] = N'Approved'
2026-06-19 23:40:12.863 +03:00 [INF] Microsoft.EntityFrameworkCore.Database.Command: Executed DbCommand (4ms) [Parameters=[@__p_0='?' (DbType = Int32), @__p_1='?' (DbType = Int32)], CommandType='"Text"', CommandTimeout='30']
SELECT [t0].[Id], [t0].[AverageRating], [t0].[CategoryId], [t0].[CreatedAt], [t0].[Description], [t0].[DifficultyLevel], [t0].[GitHubUrl], [t0].[Name], [t0].[OwnerId], [t0].[RatingCount], [t0].[Status], [t0].[Tags], [t0].[UsageCount], [u].[Id], [u].[Bio], [u].[CreatedAt], [u].[Email], [u].[GitHubUrl], [u].[PasswordHash], [u].[PasswordResetToken], [u].[PasswordResetTokenExpiry], [u].[ProfilePictureUrl], [u].[RefreshToken], [u].[RefreshTokenExpiry], [u].[Role], [u].[TotalToolsUploaded], [u].[UserName], [c].[Id], [c].[Description], [c].[Name], [c].[Slug]
FROM (
    SELECT [t].[Id], [t].[AverageRating], [t].[CategoryId], [t].[CreatedAt], [t].[Description], [t].[DifficultyLevel], [t].[GitHubUrl], [t].[Name], [t].[OwnerId], [t].[RatingCount], [t].[Status], [t].[Tags], [t].[UsageCount]
    FROM [Tools] AS [t]
    WHERE [t].[Status] = N'Approved'
    ORDER BY [t].[CreatedAt] DESC
    OFFSET @__p_0 ROWS FETCH NEXT @__p_1 ROWS ONLY
) AS [t0]
INNER JOIN [Users] AS [u] ON [t0].[OwnerId] = [u].[Id]
INNER JOIN [Categories] AS [c] ON [t0].[CategoryId] = [c].[Id]
ORDER BY [t0].[CreatedAt] DESC
2026-06-19 23:40:12.870 +03:00 [INF] CyberSphere.Application.Common.Behaviors.LoggingBehavior: Handled GetToolsQuery in 22ms
2026-06-19 23:40:12.872 +03:00 [INF] Serilog.AspNetCore.RequestLoggingMiddleware: HTTP GET /api/marketplace/tools responded 200 in 26.0499ms
2026-06-19 23:40:21.708 +03:00 [INF] CyberSphere.Application.Common.Behaviors.LoggingBehavior: Handling GetToolsQuery
2026-06-19 23:40:21.723 +03:00 [INF] Microsoft.EntityFrameworkCore.Database.Command: Executed DbCommand (13ms) [Parameters=[], CommandType='"Text"', CommandTimeout='30']
SELECT COUNT(*)
FROM [Tools] AS [t]
WHERE [t].[Status] = N'Approved'
2026-06-19 23:40:21.748 +03:00 [INF] Microsoft.EntityFrameworkCore.Database.Command: Executed DbCommand (10ms) [Parameters=[@__p_0='?' (DbType = Int32), @__p_1='?' (DbType = Int32)], CommandType='"Text"', CommandTimeout='30']
SELECT [t0].[Id], [t0].[AverageRating], [t0].[CategoryId], [t0].[CreatedAt], [t0].[Description], [t0].[DifficultyLevel], [t0].[GitHubUrl], [t0].[Name], [t0].[OwnerId], [t0].[RatingCount], [t0].[Status], [t0].[Tags], [t0].[UsageCount], [u].[Id], [u].[Bio], [u].[CreatedAt], [u].[Email], [u].[GitHubUrl], [u].[PasswordHash], [u].[PasswordResetToken], [u].[PasswordResetTokenExpiry], [u].[ProfilePictureUrl], [u].[RefreshToken], [u].[RefreshTokenExpiry], [u].[Role], [u].[TotalToolsUploaded], [u].[UserName], [c].[Id], [c].[Description], [c].[Name], [c].[Slug]
FROM (
    SELECT [t].[Id], [t].[AverageRating], [t].[CategoryId], [t].[CreatedAt], [t].[Description], [t].[DifficultyLevel], [t].[GitHubUrl], [t].[Name], [t].[OwnerId], [t].[RatingCount], [t].[Status], [t].[Tags], [t].[UsageCount]
    FROM [Tools] AS [t]
    WHERE [t].[Status] = N'Approved'
    ORDER BY [t].[CreatedAt] DESC
    OFFSET @__p_0 ROWS FETCH NEXT @__p_1 ROWS ONLY
) AS [t0]
INNER JOIN [Users] AS [u] ON [t0].[OwnerId] = [u].[Id]
INNER JOIN [Categories] AS [c] ON [t0].[CategoryId] = [c].[Id]
ORDER BY [t0].[CreatedAt] DESC
2026-06-19 23:40:21.759 +03:00 [INF] CyberSphere.Application.Common.Behaviors.LoggingBehavior: Handled GetToolsQuery in 49ms
2026-06-19 23:40:21.761 +03:00 [INF] Serilog.AspNetCore.RequestLoggingMiddleware: HTTP GET /api/marketplace/tools responded 200 in 53.8079ms
2026-06-19 23:40:59.501 +03:00 [INF] Serilog.AspNetCore.RequestLoggingMiddleware: HTTP OPTIONS /api/auth/login responded 204 in 0.0258ms
2026-06-19 23:40:59.658 +03:00 [INF] CyberSphere.Application.Common.Behaviors.LoggingBehavior: Handling LoginCommand
2026-06-19 23:40:59.662 +03:00 [INF] Microsoft.EntityFrameworkCore.Database.Command: Executed DbCommand (2ms) [Parameters=[@__ToLowerInvariant_0='?' (Size = 200)], CommandType='"Text"', CommandTimeout='30']
SELECT TOP(1) [u].[Id], [u].[Bio], [u].[CreatedAt], [u].[Email], [u].[GitHubUrl], [u].[PasswordHash], [u].[PasswordResetToken], [u].[PasswordResetTokenExpiry], [u].[ProfilePictureUrl], [u].[RefreshToken], [u].[RefreshTokenExpiry], [u].[Role], [u].[TotalToolsUploaded], [u].[UserName]
FROM [Users] AS [u]
WHERE [u].[Email] = @__ToLowerInvariant_0
2026-06-19 23:40:59.929 +03:00 [INF] Microsoft.EntityFrameworkCore.Database.Command: Executed DbCommand (3ms) [Parameters=[@p2='?' (DbType = Guid), @p0='?' (Size = 500), @p1='?' (DbType = DateTime2)], CommandType='"Text"', CommandTimeout='30']
SET IMPLICIT_TRANSACTIONS OFF;
SET NOCOUNT ON;
UPDATE [Users] SET [RefreshToken] = @p0, [RefreshTokenExpiry] = @p1
OUTPUT 1
WHERE [Id] = @p2;
2026-06-19 23:40:59.931 +03:00 [INF] CyberSphere.Application.Common.Behaviors.LoggingBehavior: Handled LoginCommand in 272ms
2026-06-19 23:40:59.933 +03:00 [INF] Serilog.AspNetCore.RequestLoggingMiddleware: HTTP POST /api/auth/login responded 200 in 278.2115ms
2026-06-19 23:41:44.857 +03:00 [INF] Serilog.AspNetCore.RequestLoggingMiddleware: HTTP OPTIONS /api/marketplace/categories responded 204 in 0.0249ms
2026-06-19 23:41:44.858 +03:00 [INF] Serilog.AspNetCore.RequestLoggingMiddleware: HTTP OPTIONS /api/marketplace/categories responded 204 in 0.0145ms
2026-06-19 23:41:45.020 +03:00 [INF] CyberSphere.Application.Common.Behaviors.LoggingBehavior: Handling GetCategoriesQuery
2026-06-19 23:41:45.026 +03:00 [INF] Microsoft.EntityFrameworkCore.Database.Command: Executed DbCommand (4ms) [Parameters=[], CommandType='"Text"', CommandTimeout='30']
SELECT [c].[Id], [c].[Description], [c].[Name], [c].[Slug], [t].[Id], [t].[AverageRating], [t].[CategoryId], [t].[CreatedAt], [t].[Description], [t].[DifficultyLevel], [t].[GitHubUrl], [t].[Name], [t].[OwnerId], [t].[RatingCount], [t].[Status], [t].[Tags], [t].[UsageCount]
FROM [Categories] AS [c]
LEFT JOIN [Tools] AS [t] ON [c].[Id] = [t].[CategoryId]
ORDER BY [c].[Name], [c].[Id]
2026-06-19 23:41:45.028 +03:00 [INF] CyberSphere.Application.Common.Behaviors.LoggingBehavior: Handled GetCategoriesQuery in 7ms
2026-06-19 23:41:45.031 +03:00 [INF] Serilog.AspNetCore.RequestLoggingMiddleware: HTTP GET /api/marketplace/categories responded 200 in 11.9118ms
2026-06-19 23:41:45.189 +03:00 [INF] CyberSphere.Application.Common.Behaviors.LoggingBehavior: Handling GetCategoriesQuery
2026-06-19 23:41:45.193 +03:00 [INF] Microsoft.EntityFrameworkCore.Database.Command: Executed DbCommand (1ms) [Parameters=[], CommandType='"Text"', CommandTimeout='30']
SELECT [c].[Id], [c].[Description], [c].[Name], [c].[Slug], [t].[Id], [t].[AverageRating], [t].[CategoryId], [t].[CreatedAt], [t].[Description], [t].[DifficultyLevel], [t].[GitHubUrl], [t].[Name], [t].[OwnerId], [t].[RatingCount], [t].[Status], [t].[Tags], [t].[UsageCount]
FROM [Categories] AS [c]
LEFT JOIN [Tools] AS [t] ON [c].[Id] = [t].[CategoryId]
ORDER BY [c].[Name], [c].[Id]
2026-06-19 23:41:45.196 +03:00 [INF] CyberSphere.Application.Common.Behaviors.LoggingBehavior: Handled GetCategoriesQuery in 5ms
2026-06-19 23:41:45.197 +03:00 [INF] Serilog.AspNetCore.RequestLoggingMiddleware: HTTP GET /api/marketplace/categories responded 200 in 7.5406ms
2026-06-19 23:41:48.868 +03:00 [INF] Serilog.AspNetCore.RequestLoggingMiddleware: HTTP OPTIONS /api/tools/mine responded 204 in 0.0283ms
2026-06-19 23:41:49.029 +03:00 [INF] CyberSphere.Application.Common.Behaviors.LoggingBehavior: Handling GetMyToolsQuery
2026-06-19 23:41:49.058 +03:00 [INF] Microsoft.EntityFrameworkCore.Database.Command: Executed DbCommand (4ms) [Parameters=[@__ownerId_0='?' (DbType = Guid)], CommandType='"Text"', CommandTimeout='30']
SELECT [t].[Id], [t].[AverageRating], [t].[CategoryId], [t].[CreatedAt], [t].[Description], [t].[DifficultyLevel], [t].[GitHubUrl], [t].[Name], [t].[OwnerId], [t].[RatingCount], [t].[Status], [t].[Tags], [t].[UsageCount], [c].[Id], [c].[Description], [c].[Name], [c].[Slug], [t0].[Id], [t0].[Description], [t0].[Example], [t0].[Name], [t0].[Syntax], [t0].[ToolId]
FROM [Tools] AS [t]
INNER JOIN [Categories] AS [c] ON [t].[CategoryId] = [c].[Id]
LEFT JOIN [ToolCommands] AS [t0] ON [t].[Id] = [t0].[ToolId]
WHERE [t].[OwnerId] = @__ownerId_0
ORDER BY [t].[CreatedAt] DESC, [t].[Id], [c].[Id]
2026-06-19 23:41:49.062 +03:00 [INF] Microsoft.EntityFrameworkCore.Database.Command: Executed DbCommand (1ms) [Parameters=[], CommandType='"Text"', CommandTimeout='30']
SELECT [c].[Id], [c].[Description], [c].[Name], [c].[Slug], [t].[Id], [t].[AverageRating], [t].[CategoryId], [t].[CreatedAt], [t].[Description], [t].[DifficultyLevel], [t].[GitHubUrl], [t].[Name], [t].[OwnerId], [t].[RatingCount], [t].[Status], [t].[Tags], [t].[UsageCount]
FROM [Categories] AS [c]
LEFT JOIN [Tools] AS [t] ON [c].[Id] = [t].[CategoryId]
ORDER BY [c].[Name], [c].[Id]
2026-06-19 23:41:49.072 +03:00 [INF] CyberSphere.Application.Common.Behaviors.LoggingBehavior: Handled GetMyToolsQuery in 41ms
2026-06-19 23:41:49.079 +03:00 [INF] Serilog.AspNetCore.RequestLoggingMiddleware: HTTP GET /api/tools/mine responded 200 in 54.7172ms
2026-06-19 23:41:52.673 +03:00 [INF] Serilog.AspNetCore.RequestLoggingMiddleware: HTTP OPTIONS /api/marketplace/categories responded 204 in 0.0527ms
2026-06-19 23:41:52.673 +03:00 [INF] Serilog.AspNetCore.RequestLoggingMiddleware: HTTP OPTIONS /api/marketplace/tools responded 204 in 0.0524ms
2026-06-19 23:41:52.679 +03:00 [INF] Serilog.AspNetCore.RequestLoggingMiddleware: HTTP OPTIONS /api/marketplace/categories responded 204 in 0.0223ms
2026-06-19 23:41:52.737 +03:00 [INF] Serilog.AspNetCore.RequestLoggingMiddleware: HTTP OPTIONS /api/marketplace/tools responded 204 in 0.0242ms
2026-06-19 23:41:52.832 +03:00 [INF] CyberSphere.Application.Common.Behaviors.LoggingBehavior: Handling GetCategoriesQuery
2026-06-19 23:41:52.834 +03:00 [INF] CyberSphere.Application.Common.Behaviors.LoggingBehavior: Handling GetToolsQuery
2026-06-19 23:41:52.842 +03:00 [INF] Microsoft.EntityFrameworkCore.Database.Command: Executed DbCommand (4ms) [Parameters=[], CommandType='"Text"', CommandTimeout='30']
SELECT [c].[Id], [c].[Description], [c].[Name], [c].[Slug], [t].[Id], [t].[AverageRating], [t].[CategoryId], [t].[CreatedAt], [t].[Description], [t].[DifficultyLevel], [t].[GitHubUrl], [t].[Name], [t].[OwnerId], [t].[RatingCount], [t].[Status], [t].[Tags], [t].[UsageCount]
FROM [Categories] AS [c]
LEFT JOIN [Tools] AS [t] ON [c].[Id] = [t].[CategoryId]
ORDER BY [c].[Name], [c].[Id]
2026-06-19 23:41:52.842 +03:00 [INF] Microsoft.EntityFrameworkCore.Database.Command: Executed DbCommand (1ms) [Parameters=[], CommandType='"Text"', CommandTimeout='30']
SELECT COUNT(*)
FROM [Tools] AS [t]
WHERE [t].[Status] = N'Approved'
2026-06-19 23:41:52.849 +03:00 [INF] CyberSphere.Application.Common.Behaviors.LoggingBehavior: Handled GetCategoriesQuery in 12ms
2026-06-19 23:41:52.855 +03:00 [INF] Serilog.AspNetCore.RequestLoggingMiddleware: HTTP GET /api/marketplace/categories responded 200 in 23.1298ms
2026-06-19 23:41:52.867 +03:00 [INF] Microsoft.EntityFrameworkCore.Database.Command: Executed DbCommand (13ms) [Parameters=[@__p_0='?' (DbType = Int32), @__p_1='?' (DbType = Int32)], CommandType='"Text"', CommandTimeout='30']
SELECT [t0].[Id], [t0].[AverageRating], [t0].[CategoryId], [t0].[CreatedAt], [t0].[Description], [t0].[DifficultyLevel], [t0].[GitHubUrl], [t0].[Name], [t0].[OwnerId], [t0].[RatingCount], [t0].[Status], [t0].[Tags], [t0].[UsageCount], [u].[Id], [u].[Bio], [u].[CreatedAt], [u].[Email], [u].[GitHubUrl], [u].[PasswordHash], [u].[PasswordResetToken], [u].[PasswordResetTokenExpiry], [u].[ProfilePictureUrl], [u].[RefreshToken], [u].[RefreshTokenExpiry], [u].[Role], [u].[TotalToolsUploaded], [u].[UserName], [c].[Id], [c].[Description], [c].[Name], [c].[Slug]
FROM (
    SELECT [t].[Id], [t].[AverageRating], [t].[CategoryId], [t].[CreatedAt], [t].[Description], [t].[DifficultyLevel], [t].[GitHubUrl], [t].[Name], [t].[OwnerId], [t].[RatingCount], [t].[Status], [t].[Tags], [t].[UsageCount]
    FROM [Tools] AS [t]
    WHERE [t].[Status] = N'Approved'
    ORDER BY [t].[CreatedAt] DESC
    OFFSET @__p_0 ROWS FETCH NEXT @__p_1 ROWS ONLY
) AS [t0]
INNER JOIN [Users] AS [u] ON [t0].[OwnerId] = [u].[Id]
INNER JOIN [Categories] AS [c] ON [t0].[CategoryId] = [c].[Id]
ORDER BY [t0].[CreatedAt] DESC
2026-06-19 23:41:52.885 +03:00 [INF] CyberSphere.Application.Common.Behaviors.LoggingBehavior: Handled GetToolsQuery in 45ms
2026-06-19 23:41:52.888 +03:00 [INF] Serilog.AspNetCore.RequestLoggingMiddleware: HTTP GET /api/marketplace/tools responded 200 in 54.0671ms
2026-06-19 23:41:53.020 +03:00 [INF] CyberSphere.Application.Common.Behaviors.LoggingBehavior: Handling GetCategoriesQuery
2026-06-19 23:41:53.028 +03:00 [INF] Microsoft.EntityFrameworkCore.Database.Command: Executed DbCommand (4ms) [Parameters=[], CommandType='"Text"', CommandTimeout='30']
SELECT [c].[Id], [c].[Description], [c].[Name], [c].[Slug], [t].[Id], [t].[AverageRating], [t].[CategoryId], [t].[CreatedAt], [t].[Description], [t].[DifficultyLevel], [t].[GitHubUrl], [t].[Name], [t].[OwnerId], [t].[RatingCount], [t].[Status], [t].[Tags], [t].[UsageCount]
FROM [Categories] AS [c]
LEFT JOIN [Tools] AS [t] ON [c].[Id] = [t].[CategoryId]
ORDER BY [c].[Name], [c].[Id]
2026-06-19 23:41:53.032 +03:00 [INF] CyberSphere.Application.Common.Behaviors.LoggingBehavior: Handled GetCategoriesQuery in 10ms
2026-06-19 23:41:53.035 +03:00 [INF] Serilog.AspNetCore.RequestLoggingMiddleware: HTTP GET /api/marketplace/categories responded 200 in 15.4906ms
2026-06-19 23:41:53.044 +03:00 [INF] CyberSphere.Application.Common.Behaviors.LoggingBehavior: Handling GetToolsQuery
2026-06-19 23:41:53.051 +03:00 [INF] Microsoft.EntityFrameworkCore.Database.Command: Executed DbCommand (3ms) [Parameters=[], CommandType='"Text"', CommandTimeout='30']
SELECT COUNT(*)
FROM [Tools] AS [t]
WHERE [t].[Status] = N'Approved'
2026-06-19 23:41:53.061 +03:00 [INF] Microsoft.EntityFrameworkCore.Database.Command: Executed DbCommand (6ms) [Parameters=[@__p_0='?' (DbType = Int32), @__p_1='?' (DbType = Int32)], CommandType='"Text"', CommandTimeout='30']
SELECT [t0].[Id], [t0].[AverageRating], [t0].[CategoryId], [t0].[CreatedAt], [t0].[Description], [t0].[DifficultyLevel], [t0].[GitHubUrl], [t0].[Name], [t0].[OwnerId], [t0].[RatingCount], [t0].[Status], [t0].[Tags], [t0].[UsageCount], [u].[Id], [u].[Bio], [u].[CreatedAt], [u].[Email], [u].[GitHubUrl], [u].[PasswordHash], [u].[PasswordResetToken], [u].[PasswordResetTokenExpiry], [u].[ProfilePictureUrl], [u].[RefreshToken], [u].[RefreshTokenExpiry], [u].[Role], [u].[TotalToolsUploaded], [u].[UserName], [c].[Id], [c].[Description], [c].[Name], [c].[Slug]
FROM (
    SELECT [t].[Id], [t].[AverageRating], [t].[CategoryId], [t].[CreatedAt], [t].[Description], [t].[DifficultyLevel], [t].[GitHubUrl], [t].[Name], [t].[OwnerId], [t].[RatingCount], [t].[Status], [t].[Tags], [t].[UsageCount]
    FROM [Tools] AS [t]
    WHERE [t].[Status] = N'Approved'
    ORDER BY [t].[CreatedAt] DESC
    OFFSET @__p_0 ROWS FETCH NEXT @__p_1 ROWS ONLY
) AS [t0]
INNER JOIN [Users] AS [u] ON [t0].[OwnerId] = [u].[Id]
INNER JOIN [Categories] AS [c] ON [t0].[CategoryId] = [c].[Id]
ORDER BY [t0].[CreatedAt] DESC
2026-06-19 23:41:53.069 +03:00 [INF] CyberSphere.Application.Common.Behaviors.LoggingBehavior: Handled GetToolsQuery in 23ms
2026-06-19 23:41:53.076 +03:00 [INF] Serilog.AspNetCore.RequestLoggingMiddleware: HTTP GET /api/marketplace/tools responded 200 in 32.8970ms
2026-06-19 23:41:56.996 +03:00 [INF] CyberSphere.Application.Common.Behaviors.LoggingBehavior: Handling GetCategoriesQuery
2026-06-19 23:41:57.005 +03:00 [INF] Microsoft.EntityFrameworkCore.Database.Command: Executed DbCommand (6ms) [Parameters=[], CommandType='"Text"', CommandTimeout='30']
SELECT [c].[Id], [c].[Description], [c].[Name], [c].[Slug], [t].[Id], [t].[AverageRating], [t].[CategoryId], [t].[CreatedAt], [t].[Description], [t].[DifficultyLevel], [t].[GitHubUrl], [t].[Name], [t].[OwnerId], [t].[RatingCount], [t].[Status], [t].[Tags], [t].[UsageCount]
FROM [Categories] AS [c]
LEFT JOIN [Tools] AS [t] ON [c].[Id] = [t].[CategoryId]
ORDER BY [c].[Name], [c].[Id]
2026-06-19 23:41:57.008 +03:00 [INF] CyberSphere.Application.Common.Behaviors.LoggingBehavior: Handled GetCategoriesQuery in 10ms
2026-06-19 23:41:57.009 +03:00 [INF] Serilog.AspNetCore.RequestLoggingMiddleware: HTTP GET /api/marketplace/categories responded 200 in 13.0744ms
2026-06-19 23:41:57.195 +03:00 [INF] CyberSphere.Application.Common.Behaviors.LoggingBehavior: Handling GetCategoriesQuery
2026-06-19 23:41:57.199 +03:00 [INF] Microsoft.EntityFrameworkCore.Database.Command: Executed DbCommand (1ms) [Parameters=[], CommandType='"Text"', CommandTimeout='30']
SELECT [c].[Id], [c].[Description], [c].[Name], [c].[Slug], [t].[Id], [t].[AverageRating], [t].[CategoryId], [t].[CreatedAt], [t].[Description], [t].[DifficultyLevel], [t].[GitHubUrl], [t].[Name], [t].[OwnerId], [t].[RatingCount], [t].[Status], [t].[Tags], [t].[UsageCount]
FROM [Categories] AS [c]
LEFT JOIN [Tools] AS [t] ON [c].[Id] = [t].[CategoryId]
ORDER BY [c].[Name], [c].[Id]
2026-06-19 23:41:57.203 +03:00 [INF] CyberSphere.Application.Common.Behaviors.LoggingBehavior: Handled GetCategoriesQuery in 6ms
2026-06-19 23:41:57.204 +03:00 [INF] Serilog.AspNetCore.RequestLoggingMiddleware: HTTP GET /api/marketplace/categories responded 200 in 9.6494ms
2026-06-19 23:41:59.577 +03:00 [INF] Serilog.AspNetCore.RequestLoggingMiddleware: HTTP OPTIONS /api/tools/mine responded 204 in 0.0245ms
2026-06-19 23:41:59.734 +03:00 [INF] CyberSphere.Application.Common.Behaviors.LoggingBehavior: Handling GetMyToolsQuery
2026-06-19 23:41:59.743 +03:00 [INF] Microsoft.EntityFrameworkCore.Database.Command: Executed DbCommand (5ms) [Parameters=[@__ownerId_0='?' (DbType = Guid)], CommandType='"Text"', CommandTimeout='30']
SELECT [t].[Id], [t].[AverageRating], [t].[CategoryId], [t].[CreatedAt], [t].[Description], [t].[DifficultyLevel], [t].[GitHubUrl], [t].[Name], [t].[OwnerId], [t].[RatingCount], [t].[Status], [t].[Tags], [t].[UsageCount], [c].[Id], [c].[Description], [c].[Name], [c].[Slug], [t0].[Id], [t0].[Description], [t0].[Example], [t0].[Name], [t0].[Syntax], [t0].[ToolId]
FROM [Tools] AS [t]
INNER JOIN [Categories] AS [c] ON [t].[CategoryId] = [c].[Id]
LEFT JOIN [ToolCommands] AS [t0] ON [t].[Id] = [t0].[ToolId]
WHERE [t].[OwnerId] = @__ownerId_0
ORDER BY [t].[CreatedAt] DESC, [t].[Id], [c].[Id]
2026-06-19 23:41:59.747 +03:00 [INF] Microsoft.EntityFrameworkCore.Database.Command: Executed DbCommand (0ms) [Parameters=[], CommandType='"Text"', CommandTimeout='30']
SELECT [c].[Id], [c].[Description], [c].[Name], [c].[Slug], [t].[Id], [t].[AverageRating], [t].[CategoryId], [t].[CreatedAt], [t].[Description], [t].[DifficultyLevel], [t].[GitHubUrl], [t].[Name], [t].[OwnerId], [t].[RatingCount], [t].[Status], [t].[Tags], [t].[UsageCount]
FROM [Categories] AS [c]
LEFT JOIN [Tools] AS [t] ON [c].[Id] = [t].[CategoryId]
ORDER BY [c].[Name], [c].[Id]
2026-06-19 23:41:59.751 +03:00 [INF] CyberSphere.Application.Common.Behaviors.LoggingBehavior: Handled GetMyToolsQuery in 14ms
2026-06-19 23:41:59.752 +03:00 [INF] Serilog.AspNetCore.RequestLoggingMiddleware: HTTP GET /api/tools/mine responded 200 in 18.9100ms
2026-06-19 23:42:08.171 +03:00 [INF] Serilog.AspNetCore.RequestLoggingMiddleware: HTTP OPTIONS /api/marketplace/categories responded 204 in 0.0378ms
2026-06-19 23:42:08.171 +03:00 [INF] Serilog.AspNetCore.RequestLoggingMiddleware: HTTP OPTIONS /api/marketplace/categories responded 204 in 0.0140ms
2026-06-19 23:42:08.329 +03:00 [INF] CyberSphere.Application.Common.Behaviors.LoggingBehavior: Handling GetCategoriesQuery
2026-06-19 23:42:08.332 +03:00 [INF] Microsoft.EntityFrameworkCore.Database.Command: Executed DbCommand (1ms) [Parameters=[], CommandType='"Text"', CommandTimeout='30']
SELECT [c].[Id], [c].[Description], [c].[Name], [c].[Slug], [t].[Id], [t].[AverageRating], [t].[CategoryId], [t].[CreatedAt], [t].[Description], [t].[DifficultyLevel], [t].[GitHubUrl], [t].[Name], [t].[OwnerId], [t].[RatingCount], [t].[Status], [t].[Tags], [t].[UsageCount]
FROM [Categories] AS [c]
LEFT JOIN [Tools] AS [t] ON [c].[Id] = [t].[CategoryId]
ORDER BY [c].[Name], [c].[Id]
2026-06-19 23:42:08.335 +03:00 [INF] CyberSphere.Application.Common.Behaviors.LoggingBehavior: Handled GetCategoriesQuery in 5ms
2026-06-19 23:42:08.336 +03:00 [INF] Serilog.AspNetCore.RequestLoggingMiddleware: HTTP GET /api/marketplace/categories responded 200 in 7.8511ms
2026-06-19 23:42:08.490 +03:00 [INF] CyberSphere.Application.Common.Behaviors.LoggingBehavior: Handling GetCategoriesQuery
2026-06-19 23:42:08.494 +03:00 [INF] Microsoft.EntityFrameworkCore.Database.Command: Executed DbCommand (1ms) [Parameters=[], CommandType='"Text"', CommandTimeout='30']
SELECT [c].[Id], [c].[Description], [c].[Name], [c].[Slug], [t].[Id], [t].[AverageRating], [t].[CategoryId], [t].[CreatedAt], [t].[Description], [t].[DifficultyLevel], [t].[GitHubUrl], [t].[Name], [t].[OwnerId], [t].[RatingCount], [t].[Status], [t].[Tags], [t].[UsageCount]
FROM [Categories] AS [c]
LEFT JOIN [Tools] AS [t] ON [c].[Id] = [t].[CategoryId]
ORDER BY [c].[Name], [c].[Id]
2026-06-19 23:42:08.497 +03:00 [INF] CyberSphere.Application.Common.Behaviors.LoggingBehavior: Handled GetCategoriesQuery in 4ms
2026-06-19 23:42:08.498 +03:00 [INF] Serilog.AspNetCore.RequestLoggingMiddleware: HTTP GET /api/marketplace/categories responded 200 in 7.5329ms
2026-06-19 23:42:09.965 +03:00 [INF] Serilog.AspNetCore.RequestLoggingMiddleware: HTTP OPTIONS /api/tools/mine responded 204 in 0.0460ms
2026-06-19 23:42:10.123 +03:00 [INF] CyberSphere.Application.Common.Behaviors.LoggingBehavior: Handling GetMyToolsQuery
2026-06-19 23:42:10.127 +03:00 [INF] Microsoft.EntityFrameworkCore.Database.Command: Executed DbCommand (1ms) [Parameters=[@__ownerId_0='?' (DbType = Guid)], CommandType='"Text"', CommandTimeout='30']
SELECT [t].[Id], [t].[AverageRating], [t].[CategoryId], [t].[CreatedAt], [t].[Description], [t].[DifficultyLevel], [t].[GitHubUrl], [t].[Name], [t].[OwnerId], [t].[RatingCount], [t].[Status], [t].[Tags], [t].[UsageCount], [c].[Id], [c].[Description], [c].[Name], [c].[Slug], [t0].[Id], [t0].[Description], [t0].[Example], [t0].[Name], [t0].[Syntax], [t0].[ToolId]
FROM [Tools] AS [t]
INNER JOIN [Categories] AS [c] ON [t].[CategoryId] = [c].[Id]
LEFT JOIN [ToolCommands] AS [t0] ON [t].[Id] = [t0].[ToolId]
WHERE [t].[OwnerId] = @__ownerId_0
ORDER BY [t].[CreatedAt] DESC, [t].[Id], [c].[Id]
2026-06-19 23:42:10.130 +03:00 [INF] Microsoft.EntityFrameworkCore.Database.Command: Executed DbCommand (0ms) [Parameters=[], CommandType='"Text"', CommandTimeout='30']
SELECT [c].[Id], [c].[Description], [c].[Name], [c].[Slug], [t].[Id], [t].[AverageRating], [t].[CategoryId], [t].[CreatedAt], [t].[Description], [t].[DifficultyLevel], [t].[GitHubUrl], [t].[Name], [t].[OwnerId], [t].[RatingCount], [t].[Status], [t].[Tags], [t].[UsageCount]
FROM [Categories] AS [c]
LEFT JOIN [Tools] AS [t] ON [c].[Id] = [t].[CategoryId]
ORDER BY [c].[Name], [c].[Id]
2026-06-19 23:42:10.136 +03:00 [INF] CyberSphere.Application.Common.Behaviors.LoggingBehavior: Handled GetMyToolsQuery in 11ms
2026-06-19 23:42:10.138 +03:00 [INF] Serilog.AspNetCore.RequestLoggingMiddleware: HTTP GET /api/tools/mine responded 200 in 15.5356ms
2026-06-19 23:42:52.966 +03:00 [INF] Serilog.AspNetCore.RequestLoggingMiddleware: HTTP OPTIONS /api/tools responded 204 in 0.0261ms
2026-06-19 23:42:53.220 +03:00 [INF] CyberSphere.Application.Common.Behaviors.LoggingBehavior: Handling SubmitToolCommand
2026-06-19 23:42:53.308 +03:00 [ERR] CyberSphere.Application.Common.Behaviors.LoggingBehavior: Request SubmitToolCommand failed after 86ms
CyberSphere.Application.Exceptions.ValidationException: One or more validation errors occurred.
   at CyberSphere.Application.Common.Behaviors.ValidationBehavior`2.Handle(TRequest request, RequestHandlerDelegate`1 next, CancellationToken ct) in D:\Graduation Project\cyber_sphere\CyberSphere\CyberSphere.Application\Common\Behaviors\ValidationBehavior.cs:line 51
   at CyberSphere.Application.Common.Behaviors.LoggingBehavior`2.Handle(TRequest request, RequestHandlerDelegate`1 next, CancellationToken ct) in D:\Graduation Project\cyber_sphere\CyberSphere\CyberSphere.Application\Common\Behaviors\LoggingBehavior.cs:line 39
2026-06-19 23:42:53.361 +03:00 [ERR] Serilog.AspNetCore.RequestLoggingMiddleware: HTTP POST /api/tools responded 500 in 221.4503ms
CyberSphere.Application.Exceptions.ValidationException: One or more validation errors occurred.
   at CyberSphere.Application.Common.Behaviors.ValidationBehavior`2.Handle(TRequest request, RequestHandlerDelegate`1 next, CancellationToken ct) in D:\Graduation Project\cyber_sphere\CyberSphere\CyberSphere.Application\Common\Behaviors\ValidationBehavior.cs:line 51
   at CyberSphere.Application.Common.Behaviors.LoggingBehavior`2.Handle(TRequest request, RequestHandlerDelegate`1 next, CancellationToken ct) in D:\Graduation Project\cyber_sphere\CyberSphere\CyberSphere.Application\Common\Behaviors\LoggingBehavior.cs:line 39
   at CyberSphere.Api.Controllers.ToolsController.SubmitTool(SubmitToolRequest request, CancellationToken ct) in D:\Graduation Project\cyber_sphere\CyberSphere\CyberSphere.Api\Controllers\ToolsController.cs:line 69
   at lambda_method831(Closure, Object)
   at Microsoft.AspNetCore.Mvc.Infrastructure.ActionMethodExecutor.AwaitableObjectResultExecutor.Execute(ActionContext actionContext, IActionResultTypeMapper mapper, ObjectMethodExecutor executor, Object controller, Object[] arguments)
   at Microsoft.AspNetCore.Mvc.Infrastructure.ControllerActionInvoker.<InvokeActionMethodAsync>g__Awaited|12_0(ControllerActionInvoker invoker, ValueTask`1 actionResultValueTask)
   at Microsoft.AspNetCore.Mvc.Infrastructure.ControllerActionInvoker.<InvokeNextActionFilterAsync>g__Awaited|10_0(ControllerActionInvoker invoker, Task lastTask, State next, Scope scope, Object state, Boolean isCompleted)
   at Microsoft.AspNetCore.Mvc.Infrastructure.ControllerActionInvoker.Rethrow(ActionExecutedContextSealed context)
   at Microsoft.AspNetCore.Mvc.Infrastructure.ControllerActionInvoker.Next(State& next, Scope& scope, Object& state, Boolean& isCompleted)
   at Microsoft.AspNetCore.Mvc.Infrastructure.ControllerActionInvoker.InvokeInnerFilterAsync()
--- End of stack trace from previous location ---
   at Microsoft.AspNetCore.Mvc.Infrastructure.ResourceInvoker.<InvokeFilterPipelineAsync>g__Awaited|20_0(ResourceInvoker invoker, Task lastTask, State next, Scope scope, Object state, Boolean isCompleted)
   at Microsoft.AspNetCore.Mvc.Infrastructure.ResourceInvoker.<InvokeAsync>g__Awaited|17_0(ResourceInvoker invoker, Task task, IDisposable scope)
   at Microsoft.AspNetCore.Mvc.Infrastructure.ResourceInvoker.<InvokeAsync>g__Awaited|17_0(ResourceInvoker invoker, Task task, IDisposable scope)
   at Microsoft.AspNetCore.Authorization.AuthorizationMiddleware.Invoke(HttpContext context)
   at Microsoft.AspNetCore.Authentication.AuthenticationMiddleware.Invoke(HttpContext context)
   at Microsoft.AspNetCore.RateLimiting.RateLimitingMiddleware.InvokeInternal(HttpContext context, EnableRateLimitingAttribute enableRateLimitingAttribute)
   at Swashbuckle.AspNetCore.SwaggerUI.SwaggerUIMiddleware.Invoke(HttpContext httpContext)
   at Swashbuckle.AspNetCore.SwaggerUI.SwaggerUIMiddleware.Invoke(HttpContext httpContext)
   at Swashbuckle.AspNetCore.Swagger.SwaggerMiddleware.Invoke(HttpContext httpContext, ISwaggerProvider swaggerProvider)
   at Serilog.AspNetCore.RequestLoggingMiddleware.Invoke(HttpContext httpContext)
2026-06-19 23:42:53.391 +03:00 [WRN] CyberSphere.Api.Middleware.ErrorHandlingMiddleware: Client error 422: One or more validation errors occurred.
2026-06-19 23:43:00.312 +03:00 [INF] Serilog.AspNetCore.RequestLoggingMiddleware: HTTP OPTIONS /api/tools responded 204 in 0.0268ms
2026-06-19 23:43:00.471 +03:00 [INF] CyberSphere.Application.Common.Behaviors.LoggingBehavior: Handling SubmitToolCommand
2026-06-19 23:43:00.559 +03:00 [ERR] CyberSphere.Application.Common.Behaviors.LoggingBehavior: Request SubmitToolCommand failed after 87ms
CyberSphere.Application.Exceptions.ValidationException: One or more validation errors occurred.
   at CyberSphere.Application.Common.Behaviors.ValidationBehavior`2.Handle(TRequest request, RequestHandlerDelegate`1 next, CancellationToken ct) in D:\Graduation Project\cyber_sphere\CyberSphere\CyberSphere.Application\Common\Behaviors\ValidationBehavior.cs:line 51
   at CyberSphere.Application.Common.Behaviors.LoggingBehavior`2.Handle(TRequest request, RequestHandlerDelegate`1 next, CancellationToken ct) in D:\Graduation Project\cyber_sphere\CyberSphere\CyberSphere.Application\Common\Behaviors\LoggingBehavior.cs:line 39
2026-06-19 23:43:00.609 +03:00 [ERR] Serilog.AspNetCore.RequestLoggingMiddleware: HTTP POST /api/tools responded 500 in 143.3622ms
CyberSphere.Application.Exceptions.ValidationException: One or more validation errors occurred.
   at CyberSphere.Application.Common.Behaviors.ValidationBehavior`2.Handle(TRequest request, RequestHandlerDelegate`1 next, CancellationToken ct) in D:\Graduation Project\cyber_sphere\CyberSphere\CyberSphere.Application\Common\Behaviors\ValidationBehavior.cs:line 51
   at CyberSphere.Application.Common.Behaviors.LoggingBehavior`2.Handle(TRequest request, RequestHandlerDelegate`1 next, CancellationToken ct) in D:\Graduation Project\cyber_sphere\CyberSphere\CyberSphere.Application\Common\Behaviors\LoggingBehavior.cs:line 39
   at CyberSphere.Api.Controllers.ToolsController.SubmitTool(SubmitToolRequest request, CancellationToken ct) in D:\Graduation Project\cyber_sphere\CyberSphere\CyberSphere.Api\Controllers\ToolsController.cs:line 69
   at lambda_method831(Closure, Object)
   at Microsoft.AspNetCore.Mvc.Infrastructure.ActionMethodExecutor.AwaitableObjectResultExecutor.Execute(ActionContext actionContext, IActionResultTypeMapper mapper, ObjectMethodExecutor executor, Object controller, Object[] arguments)
   at Microsoft.AspNetCore.Mvc.Infrastructure.ControllerActionInvoker.<InvokeActionMethodAsync>g__Awaited|12_0(ControllerActionInvoker invoker, ValueTask`1 actionResultValueTask)
   at Microsoft.AspNetCore.Mvc.Infrastructure.ControllerActionInvoker.<InvokeNextActionFilterAsync>g__Awaited|10_0(ControllerActionInvoker invoker, Task lastTask, State next, Scope scope, Object state, Boolean isCompleted)
   at Microsoft.AspNetCore.Mvc.Infrastructure.ControllerActionInvoker.Rethrow(ActionExecutedContextSealed context)
   at Microsoft.AspNetCore.Mvc.Infrastructure.ControllerActionInvoker.Next(State& next, Scope& scope, Object& state, Boolean& isCompleted)
   at Microsoft.AspNetCore.Mvc.Infrastructure.ControllerActionInvoker.<InvokeInnerFilterAsync>g__Awaited|13_0(ControllerActionInvoker invoker, Task lastTask, State next, Scope scope, Object state, Boolean isCompleted)
   at Microsoft.AspNetCore.Mvc.Infrastructure.ResourceInvoker.<InvokeFilterPipelineAsync>g__Awaited|20_0(ResourceInvoker invoker, Task lastTask, State next, Scope scope, Object state, Boolean isCompleted)
   at Microsoft.AspNetCore.Mvc.Infrastructure.ResourceInvoker.<InvokeAsync>g__Awaited|17_0(ResourceInvoker invoker, Task task, IDisposable scope)
   at Microsoft.AspNetCore.Mvc.Infrastructure.ResourceInvoker.<InvokeAsync>g__Awaited|17_0(ResourceInvoker invoker, Task task, IDisposable scope)
   at Microsoft.AspNetCore.Authorization.AuthorizationMiddleware.Invoke(HttpContext context)
   at Microsoft.AspNetCore.Authentication.AuthenticationMiddleware.Invoke(HttpContext context)
   at Microsoft.AspNetCore.RateLimiting.RateLimitingMiddleware.InvokeInternal(HttpContext context, EnableRateLimitingAttribute enableRateLimitingAttribute)
   at Swashbuckle.AspNetCore.SwaggerUI.SwaggerUIMiddleware.Invoke(HttpContext httpContext)
   at Swashbuckle.AspNetCore.SwaggerUI.SwaggerUIMiddleware.Invoke(HttpContext httpContext)
   at Swashbuckle.AspNetCore.Swagger.SwaggerMiddleware.Invoke(HttpContext httpContext, ISwaggerProvider swaggerProvider)
   at Serilog.AspNetCore.RequestLoggingMiddleware.Invoke(HttpContext httpContext)
2026-06-19 23:43:00.672 +03:00 [WRN] CyberSphere.Api.Middleware.ErrorHandlingMiddleware: Client error 422: One or more validation errors occurred.
2026-06-19 23:43:12.177 +03:00 [INF] Serilog.AspNetCore.RequestLoggingMiddleware: HTTP OPTIONS /api/tools responded 204 in 0.0364ms
2026-06-19 23:43:12.340 +03:00 [INF] CyberSphere.Application.Common.Behaviors.LoggingBehavior: Handling SubmitToolCommand
2026-06-19 23:43:12.386 +03:00 [ERR] CyberSphere.Application.Common.Behaviors.LoggingBehavior: Request SubmitToolCommand failed after 44ms
CyberSphere.Application.Exceptions.ValidationException: One or more validation errors occurred.
   at CyberSphere.Application.Common.Behaviors.ValidationBehavior`2.Handle(TRequest request, RequestHandlerDelegate`1 next, CancellationToken ct) in D:\Graduation Project\cyber_sphere\CyberSphere\CyberSphere.Application\Common\Behaviors\ValidationBehavior.cs:line 51
   at CyberSphere.Application.Common.Behaviors.LoggingBehavior`2.Handle(TRequest request, RequestHandlerDelegate`1 next, CancellationToken ct) in D:\Graduation Project\cyber_sphere\CyberSphere\CyberSphere.Application\Common\Behaviors\LoggingBehavior.cs:line 39
2026-06-19 23:43:12.465 +03:00 [ERR] Serilog.AspNetCore.RequestLoggingMiddleware: HTTP POST /api/tools responded 500 in 132.8910ms
CyberSphere.Application.Exceptions.ValidationException: One or more validation errors occurred.
   at CyberSphere.Application.Common.Behaviors.ValidationBehavior`2.Handle(TRequest request, RequestHandlerDelegate`1 next, CancellationToken ct) in D:\Graduation Project\cyber_sphere\CyberSphere\CyberSphere.Application\Common\Behaviors\ValidationBehavior.cs:line 51
   at CyberSphere.Application.Common.Behaviors.LoggingBehavior`2.Handle(TRequest request, RequestHandlerDelegate`1 next, CancellationToken ct) in D:\Graduation Project\cyber_sphere\CyberSphere\CyberSphere.Application\Common\Behaviors\LoggingBehavior.cs:line 39
   at CyberSphere.Api.Controllers.ToolsController.SubmitTool(SubmitToolRequest request, CancellationToken ct) in D:\Graduation Project\cyber_sphere\CyberSphere\CyberSphere.Api\Controllers\ToolsController.cs:line 69
   at lambda_method831(Closure, Object)
   at Microsoft.AspNetCore.Mvc.Infrastructure.ActionMethodExecutor.AwaitableObjectResultExecutor.Execute(ActionContext actionContext, IActionResultTypeMapper mapper, ObjectMethodExecutor executor, Object controller, Object[] arguments)
   at Microsoft.AspNetCore.Mvc.Infrastructure.ControllerActionInvoker.<InvokeActionMethodAsync>g__Awaited|12_0(ControllerActionInvoker invoker, ValueTask`1 actionResultValueTask)
   at Microsoft.AspNetCore.Mvc.Infrastructure.ControllerActionInvoker.<InvokeNextActionFilterAsync>g__Awaited|10_0(ControllerActionInvoker invoker, Task lastTask, State next, Scope scope, Object state, Boolean isCompleted)
   at Microsoft.AspNetCore.Mvc.Infrastructure.ControllerActionInvoker.Rethrow(ActionExecutedContextSealed context)
   at Microsoft.AspNetCore.Mvc.Infrastructure.ControllerActionInvoker.Next(State& next, Scope& scope, Object& state, Boolean& isCompleted)
   at Microsoft.AspNetCore.Mvc.Infrastructure.ControllerActionInvoker.<InvokeInnerFilterAsync>g__Awaited|13_0(ControllerActionInvoker invoker, Task lastTask, State next, Scope scope, Object state, Boolean isCompleted)
   at Microsoft.AspNetCore.Mvc.Infrastructure.ResourceInvoker.<InvokeFilterPipelineAsync>g__Awaited|20_0(ResourceInvoker invoker, Task lastTask, State next, Scope scope, Object state, Boolean isCompleted)
   at Microsoft.AspNetCore.Mvc.Infrastructure.ResourceInvoker.<InvokeAsync>g__Awaited|17_0(ResourceInvoker invoker, Task task, IDisposable scope)
   at Microsoft.AspNetCore.Mvc.Infrastructure.ResourceInvoker.<InvokeAsync>g__Awaited|17_0(ResourceInvoker invoker, Task task, IDisposable scope)
   at Microsoft.AspNetCore.Authorization.AuthorizationMiddleware.Invoke(HttpContext context)
   at Microsoft.AspNetCore.Authentication.AuthenticationMiddleware.Invoke(HttpContext context)
   at Microsoft.AspNetCore.RateLimiting.RateLimitingMiddleware.InvokeInternal(HttpContext context, EnableRateLimitingAttribute enableRateLimitingAttribute)
   at Swashbuckle.AspNetCore.SwaggerUI.SwaggerUIMiddleware.Invoke(HttpContext httpContext)
   at Swashbuckle.AspNetCore.SwaggerUI.SwaggerUIMiddleware.Invoke(HttpContext httpContext)
   at Swashbuckle.AspNetCore.Swagger.SwaggerMiddleware.Invoke(HttpContext httpContext, ISwaggerProvider swaggerProvider)
   at Serilog.AspNetCore.RequestLoggingMiddleware.Invoke(HttpContext httpContext)
2026-06-19 23:43:12.526 +03:00 [WRN] CyberSphere.Api.Middleware.ErrorHandlingMiddleware: Client error 422: One or more validation errors occurred.
2026-06-19 23:43:13.870 +03:00 [INF] CyberSphere.Application.Common.Behaviors.LoggingBehavior: Handling SubmitToolCommand
2026-06-19 23:43:13.918 +03:00 [ERR] CyberSphere.Application.Common.Behaviors.LoggingBehavior: Request SubmitToolCommand failed after 47ms
CyberSphere.Application.Exceptions.ValidationException: One or more validation errors occurred.
   at CyberSphere.Application.Common.Behaviors.ValidationBehavior`2.Handle(TRequest request, RequestHandlerDelegate`1 next, CancellationToken ct) in D:\Graduation Project\cyber_sphere\CyberSphere\CyberSphere.Application\Common\Behaviors\ValidationBehavior.cs:line 51
   at CyberSphere.Application.Common.Behaviors.LoggingBehavior`2.Handle(TRequest request, RequestHandlerDelegate`1 next, CancellationToken ct) in D:\Graduation Project\cyber_sphere\CyberSphere\CyberSphere.Application\Common\Behaviors\LoggingBehavior.cs:line 39
2026-06-19 23:43:13.968 +03:00 [ERR] Serilog.AspNetCore.RequestLoggingMiddleware: HTTP POST /api/tools responded 500 in 102.6479ms
CyberSphere.Application.Exceptions.ValidationException: One or more validation errors occurred.
   at CyberSphere.Application.Common.Behaviors.ValidationBehavior`2.Handle(TRequest request, RequestHandlerDelegate`1 next, CancellationToken ct) in D:\Graduation Project\cyber_sphere\CyberSphere\CyberSphere.Application\Common\Behaviors\ValidationBehavior.cs:line 51
   at CyberSphere.Application.Common.Behaviors.LoggingBehavior`2.Handle(TRequest request, RequestHandlerDelegate`1 next, CancellationToken ct) in D:\Graduation Project\cyber_sphere\CyberSphere\CyberSphere.Application\Common\Behaviors\LoggingBehavior.cs:line 39
   at CyberSphere.Api.Controllers.ToolsController.SubmitTool(SubmitToolRequest request, CancellationToken ct) in D:\Graduation Project\cyber_sphere\CyberSphere\CyberSphere.Api\Controllers\ToolsController.cs:line 69
   at lambda_method831(Closure, Object)
   at Microsoft.AspNetCore.Mvc.Infrastructure.ActionMethodExecutor.AwaitableObjectResultExecutor.Execute(ActionContext actionContext, IActionResultTypeMapper mapper, ObjectMethodExecutor executor, Object controller, Object[] arguments)
   at Microsoft.AspNetCore.Mvc.Infrastructure.ControllerActionInvoker.<InvokeActionMethodAsync>g__Awaited|12_0(ControllerActionInvoker invoker, ValueTask`1 actionResultValueTask)
   at Microsoft.AspNetCore.Mvc.Infrastructure.ControllerActionInvoker.<InvokeNextActionFilterAsync>g__Awaited|10_0(ControllerActionInvoker invoker, Task lastTask, State next, Scope scope, Object state, Boolean isCompleted)
   at Microsoft.AspNetCore.Mvc.Infrastructure.ControllerActionInvoker.Rethrow(ActionExecutedContextSealed context)
   at Microsoft.AspNetCore.Mvc.Infrastructure.ControllerActionInvoker.Next(State& next, Scope& scope, Object& state, Boolean& isCompleted)
   at Microsoft.AspNetCore.Mvc.Infrastructure.ControllerActionInvoker.<InvokeInnerFilterAsync>g__Awaited|13_0(ControllerActionInvoker invoker, Task lastTask, State next, Scope scope, Object state, Boolean isCompleted)
   at Microsoft.AspNetCore.Mvc.Infrastructure.ResourceInvoker.<InvokeFilterPipelineAsync>g__Awaited|20_0(ResourceInvoker invoker, Task lastTask, State next, Scope scope, Object state, Boolean isCompleted)
   at Microsoft.AspNetCore.Mvc.Infrastructure.ResourceInvoker.<InvokeAsync>g__Awaited|17_0(ResourceInvoker invoker, Task task, IDisposable scope)
   at Microsoft.AspNetCore.Mvc.Infrastructure.ResourceInvoker.<InvokeAsync>g__Awaited|17_0(ResourceInvoker invoker, Task task, IDisposable scope)
   at Microsoft.AspNetCore.Authorization.AuthorizationMiddleware.Invoke(HttpContext context)
   at Microsoft.AspNetCore.Authentication.AuthenticationMiddleware.Invoke(HttpContext context)
   at Microsoft.AspNetCore.RateLimiting.RateLimitingMiddleware.InvokeInternal(HttpContext context, EnableRateLimitingAttribute enableRateLimitingAttribute)
   at Swashbuckle.AspNetCore.SwaggerUI.SwaggerUIMiddleware.Invoke(HttpContext httpContext)
   at Swashbuckle.AspNetCore.SwaggerUI.SwaggerUIMiddleware.Invoke(HttpContext httpContext)
   at Swashbuckle.AspNetCore.Swagger.SwaggerMiddleware.Invoke(HttpContext httpContext, ISwaggerProvider swaggerProvider)
   at Serilog.AspNetCore.RequestLoggingMiddleware.Invoke(HttpContext httpContext)
2026-06-19 23:43:14.023 +03:00 [WRN] CyberSphere.Api.Middleware.ErrorHandlingMiddleware: Client error 422: One or more validation errors occurred.
2026-06-19 23:43:36.387 +03:00 [INF] Serilog.AspNetCore.RequestLoggingMiddleware: HTTP OPTIONS /api/auth/me responded 204 in 0.0425ms
2026-06-19 23:43:36.425 +03:00 [INF] Serilog.AspNetCore.RequestLoggingMiddleware: HTTP OPTIONS /api/auth/me responded 204 in 0.0316ms
2026-06-19 23:43:36.578 +03:00 [INF] Serilog.AspNetCore.RequestLoggingMiddleware: HTTP GET /api/auth/me responded 200 in 8.2261ms
2026-06-19 23:43:36.747 +03:00 [INF] Serilog.AspNetCore.RequestLoggingMiddleware: HTTP GET /api/auth/me responded 200 in 0.2235ms
2026-06-19 23:43:36.756 +03:00 [INF] Serilog.AspNetCore.RequestLoggingMiddleware: HTTP OPTIONS /api/marketplace/categories responded 204 in 0.0267ms
2026-06-19 23:43:36.764 +03:00 [INF] Serilog.AspNetCore.RequestLoggingMiddleware: HTTP OPTIONS /api/marketplace/categories responded 204 in 0.0367ms
2026-06-19 23:43:36.913 +03:00 [INF] CyberSphere.Application.Common.Behaviors.LoggingBehavior: Handling GetCategoriesQuery
2026-06-19 23:43:36.920 +03:00 [INF] Microsoft.EntityFrameworkCore.Database.Command: Executed DbCommand (4ms) [Parameters=[], CommandType='"Text"', CommandTimeout='30']
SELECT [c].[Id], [c].[Description], [c].[Name], [c].[Slug], [t].[Id], [t].[AverageRating], [t].[CategoryId], [t].[CreatedAt], [t].[Description], [t].[DifficultyLevel], [t].[GitHubUrl], [t].[Name], [t].[OwnerId], [t].[RatingCount], [t].[Status], [t].[Tags], [t].[UsageCount]
FROM [Categories] AS [c]
LEFT JOIN [Tools] AS [t] ON [c].[Id] = [t].[CategoryId]
ORDER BY [c].[Name], [c].[Id]
2026-06-19 23:43:36.924 +03:00 [INF] CyberSphere.Application.Common.Behaviors.LoggingBehavior: Handled GetCategoriesQuery in 9ms
2026-06-19 23:43:36.926 +03:00 [INF] Serilog.AspNetCore.RequestLoggingMiddleware: HTTP GET /api/marketplace/categories responded 200 in 13.1596ms
2026-06-19 23:43:37.084 +03:00 [INF] CyberSphere.Application.Common.Behaviors.LoggingBehavior: Handling GetCategoriesQuery
2026-06-19 23:43:37.088 +03:00 [INF] Microsoft.EntityFrameworkCore.Database.Command: Executed DbCommand (1ms) [Parameters=[], CommandType='"Text"', CommandTimeout='30']
SELECT [c].[Id], [c].[Description], [c].[Name], [c].[Slug], [t].[Id], [t].[AverageRating], [t].[CategoryId], [t].[CreatedAt], [t].[Description], [t].[DifficultyLevel], [t].[GitHubUrl], [t].[Name], [t].[OwnerId], [t].[RatingCount], [t].[Status], [t].[Tags], [t].[UsageCount]
FROM [Categories] AS [c]
LEFT JOIN [Tools] AS [t] ON [c].[Id] = [t].[CategoryId]
ORDER BY [c].[Name], [c].[Id]
2026-06-19 23:43:37.091 +03:00 [INF] CyberSphere.Application.Common.Behaviors.LoggingBehavior: Handled GetCategoriesQuery in 4ms
2026-06-19 23:43:37.091 +03:00 [INF] Serilog.AspNetCore.RequestLoggingMiddleware: HTTP GET /api/marketplace/categories responded 200 in 7.8178ms
2026-06-19 23:43:38.858 +03:00 [INF] Serilog.AspNetCore.RequestLoggingMiddleware: HTTP OPTIONS /api/tools/mine responded 204 in 0.0394ms
2026-06-19 23:43:39.040 +03:00 [INF] CyberSphere.Application.Common.Behaviors.LoggingBehavior: Handling GetMyToolsQuery
2026-06-19 23:43:39.047 +03:00 [INF] Microsoft.EntityFrameworkCore.Database.Command: Executed DbCommand (4ms) [Parameters=[@__ownerId_0='?' (DbType = Guid)], CommandType='"Text"', CommandTimeout='30']
SELECT [t].[Id], [t].[AverageRating], [t].[CategoryId], [t].[CreatedAt], [t].[Description], [t].[DifficultyLevel], [t].[GitHubUrl], [t].[Name], [t].[OwnerId], [t].[RatingCount], [t].[Status], [t].[Tags], [t].[UsageCount], [c].[Id], [c].[Description], [c].[Name], [c].[Slug], [t0].[Id], [t0].[Description], [t0].[Example], [t0].[Name], [t0].[Syntax], [t0].[ToolId]
FROM [Tools] AS [t]
INNER JOIN [Categories] AS [c] ON [t].[CategoryId] = [c].[Id]
LEFT JOIN [ToolCommands] AS [t0] ON [t].[Id] = [t0].[ToolId]
WHERE [t].[OwnerId] = @__ownerId_0
ORDER BY [t].[CreatedAt] DESC, [t].[Id], [c].[Id]
2026-06-19 23:43:39.051 +03:00 [INF] Microsoft.EntityFrameworkCore.Database.Command: Executed DbCommand (0ms) [Parameters=[], CommandType='"Text"', CommandTimeout='30']
SELECT [c].[Id], [c].[Description], [c].[Name], [c].[Slug], [t].[Id], [t].[AverageRating], [t].[CategoryId], [t].[CreatedAt], [t].[Description], [t].[DifficultyLevel], [t].[GitHubUrl], [t].[Name], [t].[OwnerId], [t].[RatingCount], [t].[Status], [t].[Tags], [t].[UsageCount]
FROM [Categories] AS [c]
LEFT JOIN [Tools] AS [t] ON [c].[Id] = [t].[CategoryId]
ORDER BY [c].[Name], [c].[Id]
2026-06-19 23:43:39.056 +03:00 [INF] CyberSphere.Application.Common.Behaviors.LoggingBehavior: Handled GetMyToolsQuery in 14ms
2026-06-19 23:43:39.056 +03:00 [INF] Serilog.AspNetCore.RequestLoggingMiddleware: HTTP GET /api/tools/mine responded 200 in 17.0033ms
2026-06-19 23:44:15.227 +03:00 [INF] Serilog.AspNetCore.RequestLoggingMiddleware: HTTP OPTIONS /api/marketplace/categories responded 204 in 0.0568ms
2026-06-19 23:44:15.231 +03:00 [INF] Serilog.AspNetCore.RequestLoggingMiddleware: HTTP OPTIONS /api/marketplace/categories responded 204 in 0.0947ms
2026-06-19 23:44:15.382 +03:00 [INF] CyberSphere.Application.Common.Behaviors.LoggingBehavior: Handling GetCategoriesQuery
2026-06-19 23:44:15.389 +03:00 [INF] Microsoft.EntityFrameworkCore.Database.Command: Executed DbCommand (2ms) [Parameters=[], CommandType='"Text"', CommandTimeout='30']
SELECT [c].[Id], [c].[Description], [c].[Name], [c].[Slug], [t].[Id], [t].[AverageRating], [t].[CategoryId], [t].[CreatedAt], [t].[Description], [t].[DifficultyLevel], [t].[GitHubUrl], [t].[Name], [t].[OwnerId], [t].[RatingCount], [t].[Status], [t].[Tags], [t].[UsageCount]
FROM [Categories] AS [c]
LEFT JOIN [Tools] AS [t] ON [c].[Id] = [t].[CategoryId]
ORDER BY [c].[Name], [c].[Id]
2026-06-19 23:44:15.392 +03:00 [INF] CyberSphere.Application.Common.Behaviors.LoggingBehavior: Handled GetCategoriesQuery in 6ms
2026-06-19 23:44:15.393 +03:00 [INF] Serilog.AspNetCore.RequestLoggingMiddleware: HTTP GET /api/marketplace/categories responded 200 in 11.8916ms
2026-06-19 23:44:15.582 +03:00 [INF] CyberSphere.Application.Common.Behaviors.LoggingBehavior: Handling GetCategoriesQuery
2026-06-19 23:44:15.587 +03:00 [INF] Microsoft.EntityFrameworkCore.Database.Command: Executed DbCommand (2ms) [Parameters=[], CommandType='"Text"', CommandTimeout='30']
SELECT [c].[Id], [c].[Description], [c].[Name], [c].[Slug], [t].[Id], [t].[AverageRating], [t].[CategoryId], [t].[CreatedAt], [t].[Description], [t].[DifficultyLevel], [t].[GitHubUrl], [t].[Name], [t].[OwnerId], [t].[RatingCount], [t].[Status], [t].[Tags], [t].[UsageCount]
FROM [Categories] AS [c]
LEFT JOIN [Tools] AS [t] ON [c].[Id] = [t].[CategoryId]
ORDER BY [c].[Name], [c].[Id]
2026-06-19 23:44:15.590 +03:00 [INF] CyberSphere.Application.Common.Behaviors.LoggingBehavior: Handled GetCategoriesQuery in 6ms
2026-06-19 23:44:15.591 +03:00 [INF] Serilog.AspNetCore.RequestLoggingMiddleware: HTTP GET /api/marketplace/categories responded 200 in 9.7849ms
2026-06-19 23:44:21.384 +03:00 [INF] Serilog.AspNetCore.RequestLoggingMiddleware: HTTP OPTIONS /api/marketplace/categories responded 204 in 0.0308ms
2026-06-19 23:44:21.385 +03:00 [INF] Serilog.AspNetCore.RequestLoggingMiddleware: HTTP OPTIONS /api/marketplace/tools responded 204 in 0.0564ms
2026-06-19 23:44:21.393 +03:00 [INF] Serilog.AspNetCore.RequestLoggingMiddleware: HTTP OPTIONS /api/marketplace/categories responded 204 in 0.0224ms
2026-06-19 23:44:21.448 +03:00 [INF] Serilog.AspNetCore.RequestLoggingMiddleware: HTTP OPTIONS /api/marketplace/tools responded 204 in 0.0331ms
2026-06-19 23:44:21.566 +03:00 [INF] CyberSphere.Application.Common.Behaviors.LoggingBehavior: Handling GetCategoriesQuery
2026-06-19 23:44:21.566 +03:00 [INF] CyberSphere.Application.Common.Behaviors.LoggingBehavior: Handling GetToolsQuery
2026-06-19 23:44:21.570 +03:00 [INF] Microsoft.EntityFrameworkCore.Database.Command: Executed DbCommand (1ms) [Parameters=[], CommandType='"Text"', CommandTimeout='30']
SELECT [c].[Id], [c].[Description], [c].[Name], [c].[Slug], [t].[Id], [t].[AverageRating], [t].[CategoryId], [t].[CreatedAt], [t].[Description], [t].[DifficultyLevel], [t].[GitHubUrl], [t].[Name], [t].[OwnerId], [t].[RatingCount], [t].[Status], [t].[Tags], [t].[UsageCount]
FROM [Categories] AS [c]
LEFT JOIN [Tools] AS [t] ON [c].[Id] = [t].[CategoryId]
ORDER BY [c].[Name], [c].[Id]
2026-06-19 23:44:21.575 +03:00 [INF] CyberSphere.Application.Common.Behaviors.LoggingBehavior: Handled GetCategoriesQuery in 7ms
2026-06-19 23:44:21.576 +03:00 [INF] Serilog.AspNetCore.RequestLoggingMiddleware: HTTP GET /api/marketplace/categories responded 200 in 10.5077ms
2026-06-19 23:44:21.582 +03:00 [INF] Microsoft.EntityFrameworkCore.Database.Command: Executed DbCommand (2ms) [Parameters=[], CommandType='"Text"', CommandTimeout='30']
SELECT COUNT(*)
FROM [Tools] AS [t]
WHERE [t].[Status] = N'Approved'
2026-06-19 23:44:21.598 +03:00 [INF] Microsoft.EntityFrameworkCore.Database.Command: Executed DbCommand (6ms) [Parameters=[@__p_0='?' (DbType = Int32), @__p_1='?' (DbType = Int32)], CommandType='"Text"', CommandTimeout='30']
SELECT [t0].[Id], [t0].[AverageRating], [t0].[CategoryId], [t0].[CreatedAt], [t0].[Description], [t0].[DifficultyLevel], [t0].[GitHubUrl], [t0].[Name], [t0].[OwnerId], [t0].[RatingCount], [t0].[Status], [t0].[Tags], [t0].[UsageCount], [u].[Id], [u].[Bio], [u].[CreatedAt], [u].[Email], [u].[GitHubUrl], [u].[PasswordHash], [u].[PasswordResetToken], [u].[PasswordResetTokenExpiry], [u].[ProfilePictureUrl], [u].[RefreshToken], [u].[RefreshTokenExpiry], [u].[Role], [u].[TotalToolsUploaded], [u].[UserName], [c].[Id], [c].[Description], [c].[Name], [c].[Slug]
FROM (
    SELECT [t].[Id], [t].[AverageRating], [t].[CategoryId], [t].[CreatedAt], [t].[Description], [t].[DifficultyLevel], [t].[GitHubUrl], [t].[Name], [t].[OwnerId], [t].[RatingCount], [t].[Status], [t].[Tags], [t].[UsageCount]
    FROM [Tools] AS [t]
    WHERE [t].[Status] = N'Approved'
    ORDER BY [t].[CreatedAt] DESC
    OFFSET @__p_0 ROWS FETCH NEXT @__p_1 ROWS ONLY
) AS [t0]
INNER JOIN [Users] AS [u] ON [t0].[OwnerId] = [u].[Id]
INNER JOIN [Categories] AS [c] ON [t0].[CategoryId] = [c].[Id]
ORDER BY [t0].[CreatedAt] DESC
2026-06-19 23:44:21.605 +03:00 [INF] CyberSphere.Application.Common.Behaviors.LoggingBehavior: Handled GetToolsQuery in 35ms
2026-06-19 23:44:21.606 +03:00 [INF] Serilog.AspNetCore.RequestLoggingMiddleware: HTTP GET /api/marketplace/tools responded 200 in 40.7432ms
2026-06-19 23:44:21.735 +03:00 [INF] CyberSphere.Application.Common.Behaviors.LoggingBehavior: Handling GetCategoriesQuery
2026-06-19 23:44:21.739 +03:00 [INF] Microsoft.EntityFrameworkCore.Database.Command: Executed DbCommand (1ms) [Parameters=[], CommandType='"Text"', CommandTimeout='30']
SELECT [c].[Id], [c].[Description], [c].[Name], [c].[Slug], [t].[Id], [t].[AverageRating], [t].[CategoryId], [t].[CreatedAt], [t].[Description], [t].[DifficultyLevel], [t].[GitHubUrl], [t].[Name], [t].[OwnerId], [t].[RatingCount], [t].[Status], [t].[Tags], [t].[UsageCount]
FROM [Categories] AS [c]
LEFT JOIN [Tools] AS [t] ON [c].[Id] = [t].[CategoryId]
ORDER BY [c].[Name], [c].[Id]
2026-06-19 23:44:21.741 +03:00 [INF] CyberSphere.Application.Common.Behaviors.LoggingBehavior: Handled GetCategoriesQuery in 4ms
2026-06-19 23:44:21.742 +03:00 [INF] Serilog.AspNetCore.RequestLoggingMiddleware: HTTP GET /api/marketplace/categories responded 200 in 6.7067ms
2026-06-19 23:44:21.789 +03:00 [INF] CyberSphere.Application.Common.Behaviors.LoggingBehavior: Handling GetToolsQuery
2026-06-19 23:44:21.792 +03:00 [INF] Microsoft.EntityFrameworkCore.Database.Command: Executed DbCommand (1ms) [Parameters=[], CommandType='"Text"', CommandTimeout='30']
SELECT COUNT(*)
FROM [Tools] AS [t]
WHERE [t].[Status] = N'Approved'
2026-06-19 23:44:21.795 +03:00 [INF] Microsoft.EntityFrameworkCore.Database.Command: Executed DbCommand (1ms) [Parameters=[@__p_0='?' (DbType = Int32), @__p_1='?' (DbType = Int32)], CommandType='"Text"', CommandTimeout='30']
SELECT [t0].[Id], [t0].[AverageRating], [t0].[CategoryId], [t0].[CreatedAt], [t0].[Description], [t0].[DifficultyLevel], [t0].[GitHubUrl], [t0].[Name], [t0].[OwnerId], [t0].[RatingCount], [t0].[Status], [t0].[Tags], [t0].[UsageCount], [u].[Id], [u].[Bio], [u].[CreatedAt], [u].[Email], [u].[GitHubUrl], [u].[PasswordHash], [u].[PasswordResetToken], [u].[PasswordResetTokenExpiry], [u].[ProfilePictureUrl], [u].[RefreshToken], [u].[RefreshTokenExpiry], [u].[Role], [u].[TotalToolsUploaded], [u].[UserName], [c].[Id], [c].[Description], [c].[Name], [c].[Slug]
FROM (
    SELECT [t].[Id], [t].[AverageRating], [t].[CategoryId], [t].[CreatedAt], [t].[Description], [t].[DifficultyLevel], [t].[GitHubUrl], [t].[Name], [t].[OwnerId], [t].[RatingCount], [t].[Status], [t].[Tags], [t].[UsageCount]
    FROM [Tools] AS [t]
    WHERE [t].[Status] = N'Approved'
    ORDER BY [t].[CreatedAt] DESC
    OFFSET @__p_0 ROWS FETCH NEXT @__p_1 ROWS ONLY
) AS [t0]
INNER JOIN [Users] AS [u] ON [t0].[OwnerId] = [u].[Id]
INNER JOIN [Categories] AS [c] ON [t0].[CategoryId] = [c].[Id]
ORDER BY [t0].[CreatedAt] DESC
2026-06-19 23:44:21.802 +03:00 [INF] CyberSphere.Application.Common.Behaviors.LoggingBehavior: Handled GetToolsQuery in 11ms
2026-06-19 23:44:21.803 +03:00 [INF] Serilog.AspNetCore.RequestLoggingMiddleware: HTTP GET /api/marketplace/tools responded 200 in 14.0974ms
2026-06-19 23:44:29.167 +03:00 [INF] Serilog.AspNetCore.RequestLoggingMiddleware: HTTP OPTIONS /api/marketplace/categories responded 204 in 0.0382ms
2026-06-19 23:44:29.167 +03:00 [INF] Serilog.AspNetCore.RequestLoggingMiddleware: HTTP OPTIONS /api/marketplace/categories responded 204 in 0.0121ms
2026-06-19 23:44:29.319 +03:00 [INF] CyberSphere.Application.Common.Behaviors.LoggingBehavior: Handling GetCategoriesQuery
2026-06-19 23:44:29.323 +03:00 [INF] Microsoft.EntityFrameworkCore.Database.Command: Executed DbCommand (1ms) [Parameters=[], CommandType='"Text"', CommandTimeout='30']
SELECT [c].[Id], [c].[Description], [c].[Name], [c].[Slug], [t].[Id], [t].[AverageRating], [t].[CategoryId], [t].[CreatedAt], [t].[Description], [t].[DifficultyLevel], [t].[GitHubUrl], [t].[Name], [t].[OwnerId], [t].[RatingCount], [t].[Status], [t].[Tags], [t].[UsageCount]
FROM [Categories] AS [c]
LEFT JOIN [Tools] AS [t] ON [c].[Id] = [t].[CategoryId]
ORDER BY [c].[Name], [c].[Id]
2026-06-19 23:44:29.326 +03:00 [INF] CyberSphere.Application.Common.Behaviors.LoggingBehavior: Handled GetCategoriesQuery in 4ms
2026-06-19 23:44:29.326 +03:00 [INF] Serilog.AspNetCore.RequestLoggingMiddleware: HTTP GET /api/marketplace/categories responded 200 in 7.3856ms
2026-06-19 23:44:29.488 +03:00 [INF] CyberSphere.Application.Common.Behaviors.LoggingBehavior: Handling GetCategoriesQuery
2026-06-19 23:44:29.492 +03:00 [INF] Microsoft.EntityFrameworkCore.Database.Command: Executed DbCommand (1ms) [Parameters=[], CommandType='"Text"', CommandTimeout='30']
SELECT [c].[Id], [c].[Description], [c].[Name], [c].[Slug], [t].[Id], [t].[AverageRating], [t].[CategoryId], [t].[CreatedAt], [t].[Description], [t].[DifficultyLevel], [t].[GitHubUrl], [t].[Name], [t].[OwnerId], [t].[RatingCount], [t].[Status], [t].[Tags], [t].[UsageCount]
FROM [Categories] AS [c]
LEFT JOIN [Tools] AS [t] ON [c].[Id] = [t].[CategoryId]
ORDER BY [c].[Name], [c].[Id]
2026-06-19 23:44:29.495 +03:00 [INF] CyberSphere.Application.Common.Behaviors.LoggingBehavior: Handled GetCategoriesQuery in 5ms
2026-06-19 23:44:29.497 +03:00 [INF] Serilog.AspNetCore.RequestLoggingMiddleware: HTTP GET /api/marketplace/categories responded 200 in 8.8292ms
2026-06-19 23:47:05.621 +03:00 [INF] Serilog.AspNetCore.RequestLoggingMiddleware: HTTP OPTIONS /api/marketplace/categories responded 204 in 0.0253ms
2026-06-19 23:47:05.675 +03:00 [INF] Serilog.AspNetCore.RequestLoggingMiddleware: HTTP OPTIONS /api/marketplace/tools responded 204 in 0.0323ms
2026-06-19 23:47:05.679 +03:00 [INF] Serilog.AspNetCore.RequestLoggingMiddleware: HTTP OPTIONS /api/marketplace/categories responded 204 in 0.0243ms
2026-06-19 23:47:05.679 +03:00 [INF] Serilog.AspNetCore.RequestLoggingMiddleware: HTTP OPTIONS /api/marketplace/tools responded 204 in 0.0120ms
2026-06-19 23:47:05.805 +03:00 [INF] CyberSphere.Application.Common.Behaviors.LoggingBehavior: Handling GetCategoriesQuery
2026-06-19 23:47:05.810 +03:00 [INF] Microsoft.EntityFrameworkCore.Database.Command: Executed DbCommand (2ms) [Parameters=[], CommandType='"Text"', CommandTimeout='30']
SELECT [c].[Id], [c].[Description], [c].[Name], [c].[Slug], [t].[Id], [t].[AverageRating], [t].[CategoryId], [t].[CreatedAt], [t].[Description], [t].[DifficultyLevel], [t].[GitHubUrl], [t].[Name], [t].[OwnerId], [t].[RatingCount], [t].[Status], [t].[Tags], [t].[UsageCount]
FROM [Categories] AS [c]
LEFT JOIN [Tools] AS [t] ON [c].[Id] = [t].[CategoryId]
ORDER BY [c].[Name], [c].[Id]
2026-06-19 23:47:05.814 +03:00 [INF] CyberSphere.Application.Common.Behaviors.LoggingBehavior: Handled GetCategoriesQuery in 7ms
2026-06-19 23:47:05.815 +03:00 [INF] Serilog.AspNetCore.RequestLoggingMiddleware: HTTP GET /api/marketplace/categories responded 200 in 10.0722ms
2026-06-19 23:47:05.832 +03:00 [INF] CyberSphere.Application.Common.Behaviors.LoggingBehavior: Handling GetToolsQuery
2026-06-19 23:47:05.836 +03:00 [INF] Microsoft.EntityFrameworkCore.Database.Command: Executed DbCommand (2ms) [Parameters=[], CommandType='"Text"', CommandTimeout='30']
SELECT COUNT(*)
FROM [Tools] AS [t]
WHERE [t].[Status] = N'Approved'
2026-06-19 23:47:05.845 +03:00 [INF] Microsoft.EntityFrameworkCore.Database.Command: Executed DbCommand (6ms) [Parameters=[@__p_0='?' (DbType = Int32), @__p_1='?' (DbType = Int32)], CommandType='"Text"', CommandTimeout='30']
SELECT [t0].[Id], [t0].[AverageRating], [t0].[CategoryId], [t0].[CreatedAt], [t0].[Description], [t0].[DifficultyLevel], [t0].[GitHubUrl], [t0].[Name], [t0].[OwnerId], [t0].[RatingCount], [t0].[Status], [t0].[Tags], [t0].[UsageCount], [u].[Id], [u].[Bio], [u].[CreatedAt], [u].[Email], [u].[GitHubUrl], [u].[PasswordHash], [u].[PasswordResetToken], [u].[PasswordResetTokenExpiry], [u].[ProfilePictureUrl], [u].[RefreshToken], [u].[RefreshTokenExpiry], [u].[Role], [u].[TotalToolsUploaded], [u].[UserName], [c].[Id], [c].[Description], [c].[Name], [c].[Slug]
FROM (
    SELECT [t].[Id], [t].[AverageRating], [t].[CategoryId], [t].[CreatedAt], [t].[Description], [t].[DifficultyLevel], [t].[GitHubUrl], [t].[Name], [t].[OwnerId], [t].[RatingCount], [t].[Status], [t].[Tags], [t].[UsageCount]
    FROM [Tools] AS [t]
    WHERE [t].[Status] = N'Approved'
    ORDER BY [t].[CreatedAt] DESC
    OFFSET @__p_0 ROWS FETCH NEXT @__p_1 ROWS ONLY
) AS [t0]
INNER JOIN [Users] AS [u] ON [t0].[OwnerId] = [u].[Id]
INNER JOIN [Categories] AS [c] ON [t0].[CategoryId] = [c].[Id]
ORDER BY [t0].[CreatedAt] DESC
2026-06-19 23:47:05.849 +03:00 [INF] CyberSphere.Application.Common.Behaviors.LoggingBehavior: Handled GetToolsQuery in 15ms
2026-06-19 23:47:05.851 +03:00 [INF] Serilog.AspNetCore.RequestLoggingMiddleware: HTTP GET /api/marketplace/tools responded 200 in 18.5942ms
2026-06-19 23:47:05.973 +03:00 [INF] CyberSphere.Application.Common.Behaviors.LoggingBehavior: Handling GetCategoriesQuery
2026-06-19 23:47:05.978 +03:00 [INF] Microsoft.EntityFrameworkCore.Database.Command: Executed DbCommand (2ms) [Parameters=[], CommandType='"Text"', CommandTimeout='30']
SELECT [c].[Id], [c].[Description], [c].[Name], [c].[Slug], [t].[Id], [t].[AverageRating], [t].[CategoryId], [t].[CreatedAt], [t].[Description], [t].[DifficultyLevel], [t].[GitHubUrl], [t].[Name], [t].[OwnerId], [t].[RatingCount], [t].[Status], [t].[Tags], [t].[UsageCount]
FROM [Categories] AS [c]
LEFT JOIN [Tools] AS [t] ON [c].[Id] = [t].[CategoryId]
ORDER BY [c].[Name], [c].[Id]
2026-06-19 23:47:05.983 +03:00 [INF] CyberSphere.Application.Common.Behaviors.LoggingBehavior: Handled GetCategoriesQuery in 8ms
2026-06-19 23:47:05.984 +03:00 [INF] Serilog.AspNetCore.RequestLoggingMiddleware: HTTP GET /api/marketplace/categories responded 200 in 10.8702ms
2026-06-19 23:47:06.009 +03:00 [INF] CyberSphere.Application.Common.Behaviors.LoggingBehavior: Handling GetToolsQuery
2026-06-19 23:47:06.014 +03:00 [INF] Microsoft.EntityFrameworkCore.Database.Command: Executed DbCommand (2ms) [Parameters=[], CommandType='"Text"', CommandTimeout='30']
SELECT COUNT(*)
FROM [Tools] AS [t]
WHERE [t].[Status] = N'Approved'
2026-06-19 23:47:06.018 +03:00 [INF] Microsoft.EntityFrameworkCore.Database.Command: Executed DbCommand (0ms) [Parameters=[@__p_0='?' (DbType = Int32), @__p_1='?' (DbType = Int32)], CommandType='"Text"', CommandTimeout='30']
SELECT [t0].[Id], [t0].[AverageRating], [t0].[CategoryId], [t0].[CreatedAt], [t0].[Description], [t0].[DifficultyLevel], [t0].[GitHubUrl], [t0].[Name], [t0].[OwnerId], [t0].[RatingCount], [t0].[Status], [t0].[Tags], [t0].[UsageCount], [u].[Id], [u].[Bio], [u].[CreatedAt], [u].[Email], [u].[GitHubUrl], [u].[PasswordHash], [u].[PasswordResetToken], [u].[PasswordResetTokenExpiry], [u].[ProfilePictureUrl], [u].[RefreshToken], [u].[RefreshTokenExpiry], [u].[Role], [u].[TotalToolsUploaded], [u].[UserName], [c].[Id], [c].[Description], [c].[Name], [c].[Slug]
FROM (
    SELECT [t].[Id], [t].[AverageRating], [t].[CategoryId], [t].[CreatedAt], [t].[Description], [t].[DifficultyLevel], [t].[GitHubUrl], [t].[Name], [t].[OwnerId], [t].[RatingCount], [t].[Status], [t].[Tags], [t].[UsageCount]
    FROM [Tools] AS [t]
    WHERE [t].[Status] = N'Approved'
    ORDER BY [t].[CreatedAt] DESC
    OFFSET @__p_0 ROWS FETCH NEXT @__p_1 ROWS ONLY
) AS [t0]
INNER JOIN [Users] AS [u] ON [t0].[OwnerId] = [u].[Id]
INNER JOIN [Categories] AS [c] ON [t0].[CategoryId] = [c].[Id]
ORDER BY [t0].[CreatedAt] DESC
2026-06-19 23:47:06.020 +03:00 [INF] CyberSphere.Application.Common.Behaviors.LoggingBehavior: Handled GetToolsQuery in 9ms
2026-06-19 23:47:06.022 +03:00 [INF] Serilog.AspNetCore.RequestLoggingMiddleware: HTTP GET /api/marketplace/tools responded 200 in 13.2183ms
2026-06-19 23:47:15.923 +03:00 [INF] Serilog.AspNetCore.RequestLoggingMiddleware: HTTP OPTIONS /api/marketplace/categories responded 204 in 0.0358ms
2026-06-19 23:47:15.925 +03:00 [INF] Serilog.AspNetCore.RequestLoggingMiddleware: HTTP OPTIONS /api/marketplace/categories responded 204 in 0.0440ms
2026-06-19 23:47:16.085 +03:00 [INF] CyberSphere.Application.Common.Behaviors.LoggingBehavior: Handling GetCategoriesQuery
2026-06-19 23:47:16.089 +03:00 [INF] Microsoft.EntityFrameworkCore.Database.Command: Executed DbCommand (1ms) [Parameters=[], CommandType='"Text"', CommandTimeout='30']
SELECT [c].[Id], [c].[Description], [c].[Name], [c].[Slug], [t].[Id], [t].[AverageRating], [t].[CategoryId], [t].[CreatedAt], [t].[Description], [t].[DifficultyLevel], [t].[GitHubUrl], [t].[Name], [t].[OwnerId], [t].[RatingCount], [t].[Status], [t].[Tags], [t].[UsageCount]
FROM [Categories] AS [c]
LEFT JOIN [Tools] AS [t] ON [c].[Id] = [t].[CategoryId]
ORDER BY [c].[Name], [c].[Id]
2026-06-19 23:47:16.092 +03:00 [INF] CyberSphere.Application.Common.Behaviors.LoggingBehavior: Handled GetCategoriesQuery in 5ms
2026-06-19 23:47:16.094 +03:00 [INF] Serilog.AspNetCore.RequestLoggingMiddleware: HTTP GET /api/marketplace/categories responded 200 in 8.8280ms
2026-06-19 23:47:16.257 +03:00 [INF] CyberSphere.Application.Common.Behaviors.LoggingBehavior: Handling GetCategoriesQuery
2026-06-19 23:47:16.262 +03:00 [INF] Microsoft.EntityFrameworkCore.Database.Command: Executed DbCommand (1ms) [Parameters=[], CommandType='"Text"', CommandTimeout='30']
SELECT [c].[Id], [c].[Description], [c].[Name], [c].[Slug], [t].[Id], [t].[AverageRating], [t].[CategoryId], [t].[CreatedAt], [t].[Description], [t].[DifficultyLevel], [t].[GitHubUrl], [t].[Name], [t].[OwnerId], [t].[RatingCount], [t].[Status], [t].[Tags], [t].[UsageCount]
FROM [Categories] AS [c]
LEFT JOIN [Tools] AS [t] ON [c].[Id] = [t].[CategoryId]
ORDER BY [c].[Name], [c].[Id]
2026-06-19 23:47:16.265 +03:00 [INF] CyberSphere.Application.Common.Behaviors.LoggingBehavior: Handled GetCategoriesQuery in 5ms
2026-06-19 23:47:16.266 +03:00 [INF] Serilog.AspNetCore.RequestLoggingMiddleware: HTTP GET /api/marketplace/categories responded 200 in 8.7264ms
2026-06-19 23:48:35.403 +03:00 [INF] Serilog.AspNetCore.RequestLoggingMiddleware: HTTP OPTIONS /api/marketplace/categories responded 204 in 0.0362ms
2026-06-19 23:48:35.406 +03:00 [INF] Serilog.AspNetCore.RequestLoggingMiddleware: HTTP OPTIONS /api/marketplace/categories responded 204 in 0.0362ms
2026-06-19 23:48:35.567 +03:00 [INF] CyberSphere.Application.Common.Behaviors.LoggingBehavior: Handling GetCategoriesQuery
2026-06-19 23:48:35.574 +03:00 [INF] Microsoft.EntityFrameworkCore.Database.Command: Executed DbCommand (2ms) [Parameters=[], CommandType='"Text"', CommandTimeout='30']
SELECT [c].[Id], [c].[Description], [c].[Name], [c].[Slug], [t].[Id], [t].[AverageRating], [t].[CategoryId], [t].[CreatedAt], [t].[Description], [t].[DifficultyLevel], [t].[GitHubUrl], [t].[Name], [t].[OwnerId], [t].[RatingCount], [t].[Status], [t].[Tags], [t].[UsageCount]
FROM [Categories] AS [c]
LEFT JOIN [Tools] AS [t] ON [c].[Id] = [t].[CategoryId]
ORDER BY [c].[Name], [c].[Id]
2026-06-19 23:48:35.578 +03:00 [INF] CyberSphere.Application.Common.Behaviors.LoggingBehavior: Handled GetCategoriesQuery in 7ms
2026-06-19 23:48:35.581 +03:00 [INF] Serilog.AspNetCore.RequestLoggingMiddleware: HTTP GET /api/marketplace/categories responded 200 in 14.4351ms
2026-06-19 23:48:35.739 +03:00 [INF] CyberSphere.Application.Common.Behaviors.LoggingBehavior: Handling GetCategoriesQuery
2026-06-19 23:48:35.743 +03:00 [INF] Microsoft.EntityFrameworkCore.Database.Command: Executed DbCommand (1ms) [Parameters=[], CommandType='"Text"', CommandTimeout='30']
SELECT [c].[Id], [c].[Description], [c].[Name], [c].[Slug], [t].[Id], [t].[AverageRating], [t].[CategoryId], [t].[CreatedAt], [t].[Description], [t].[DifficultyLevel], [t].[GitHubUrl], [t].[Name], [t].[OwnerId], [t].[RatingCount], [t].[Status], [t].[Tags], [t].[UsageCount]
FROM [Categories] AS [c]
LEFT JOIN [Tools] AS [t] ON [c].[Id] = [t].[CategoryId]
ORDER BY [c].[Name], [c].[Id]
2026-06-19 23:48:35.746 +03:00 [INF] CyberSphere.Application.Common.Behaviors.LoggingBehavior: Handled GetCategoriesQuery in 5ms
2026-06-19 23:48:35.747 +03:00 [INF] Serilog.AspNetCore.RequestLoggingMiddleware: HTTP GET /api/marketplace/categories responded 200 in 7.7267ms
